op,plain,blocks,rep,cycles,cycles_per_op
rdtsc_ovh,0,0,1,36,36
rdtsc_ovh,0,0,2,36,36
rdtsc_ovh,0,0,3,36,36
rdtsc_ovh,0,0,4,34,34
rdtsc_ovh,0,0,5,40,40
rdtsc_ovh,0,0,6,36,36
rdtsc_ovh,0,0,7,36,36
rdtsc_ovh,0,0,8,40,40
rdtsc_ovh,0,0,9,36,36
rdtsc_ovh,0,0,10,36,36
rdtsc_ovh,0,0,11,36,36
rdtsc_ovh,0,0,12,36,36
rdtsc_ovh,0,0,13,34,34
rdtsc_ovh,0,0,14,40,40
rdtsc_ovh,0,0,15,34,34
rdtsc_ovh,0,0,16,34,34
rdtsc_ovh,0,0,17,36,36
rdtsc_ovh,0,0,18,36,36
rdtsc_ovh,0,0,19,36,36
rdtsc_ovh,0,0,20,36,36
rdtsc_ovh,0,0,21,36,36
rdtsc_ovh,0,0,22,36,36
rdtsc_ovh,0,0,23,36,36
rdtsc_ovh,0,0,24,36,36
rdtsc_ovh,0,0,25,36,36
rdtsc_ovh,0,0,26,36,36
rdtsc_ovh,0,0,27,36,36
rdtsc_ovh,0,0,28,36,36
rdtsc_ovh,0,0,29,34,34
rdtsc_ovh,0,0,30,34,34
rdtsc_ovh,0,0,31,34,34
rdtsc_ovh,0,0,32,34,34
rdtsc_ovh,0,0,33,34,34
rdtsc_ovh,0,0,34,36,36
rdtsc_ovh,0,0,35,36,36
rdtsc_ovh,0,0,36,36,36
rdtsc_ovh,0,0,37,36,36
rdtsc_ovh,0,0,38,34,34
rdtsc_ovh,0,0,39,36,36
rdtsc_ovh,0,0,40,36,36
rdtsc_ovh,0,0,41,36,36
rdtsc_ovh,0,0,42,36,36
rdtsc_ovh,0,0,43,36,36
rdtsc_ovh,0,0,44,36,36
rdtsc_ovh,0,0,45,40,40
rdtsc_ovh,0,0,46,34,34
rdtsc_ovh,0,0,47,34,34
rdtsc_ovh,0,0,48,36,36
rdtsc_ovh,0,0,49,36,36
rdtsc_ovh,0,0,50,36,36
rdtsc_ovh,0,0,51,36,36
rdtsc_ovh,0,0,52,36,36
rdtsc_ovh,0,0,53,36,36
rdtsc_ovh,0,0,54,36,36
rdtsc_ovh,0,0,55,36,36
rdtsc_ovh,0,0,56,36,36
rdtsc_ovh,0,0,57,36,36
rdtsc_ovh,0,0,58,36,36
rdtsc_ovh,0,0,59,34,34
rdtsc_ovh,0,0,60,36,36
rdtsc_ovh,0,0,61,36,36
rdtsc_ovh,0,0,62,34,34
rdtsc_ovh,0,0,63,36,36
rdtsc_ovh,0,0,64,36,36
rdtsc_ovh,0,0,65,34,34
rdtsc_ovh,0,0,66,36,36
rdtsc_ovh,0,0,67,36,36
rdtsc_ovh,0,0,68,40,40
rdtsc_ovh,0,0,69,34,34
rdtsc_ovh,0,0,70,36,36
rdtsc_ovh,0,0,71,36,36
rdtsc_ovh,0,0,72,36,36
rdtsc_ovh,0,0,73,38,38
rdtsc_ovh,0,0,74,36,36
rdtsc_ovh,0,0,75,36,36
rdtsc_ovh,0,0,76,36,36
rdtsc_ovh,0,0,77,36,36
rdtsc_ovh,0,0,78,36,36
rdtsc_ovh,0,0,79,36,36
rdtsc_ovh,0,0,80,36,36
rdtsc_ovh,0,0,81,36,36
rdtsc_ovh,0,0,82,36,36
rdtsc_ovh,0,0,83,36,36
rdtsc_ovh,0,0,84,36,36
rdtsc_ovh,0,0,85,36,36
rdtsc_ovh,0,0,86,36,36
rdtsc_ovh,0,0,87,40,40
rdtsc_ovh,0,0,88,40,40
rdtsc_ovh,0,0,89,40,40
rdtsc_ovh,0,0,90,40,40
rdtsc_ovh,0,0,91,34,34
rdtsc_ovh,0,0,92,40,40
rdtsc_ovh,0,0,93,36,36
rdtsc_ovh,0,0,94,36,36
rdtsc_ovh,0,0,95,38,38
rdtsc_ovh,0,0,96,38,38
rdtsc_ovh,0,0,97,36,36
rdtsc_ovh,0,0,98,36,36
rdtsc_ovh,0,0,99,36,36
rdtsc_ovh,0,0,100,36,36
rdtsc_ovh,0,0,101,36,36
rdtsc_ovh,0,0,102,36,36
rdtsc_ovh,0,0,103,36,36
rdtsc_ovh,0,0,104,36,36
rdtsc_ovh,0,0,105,36,36
rdtsc_ovh,0,0,106,34,34
rdtsc_ovh,0,0,107,40,40
rdtsc_ovh,0,0,108,36,36
rdtsc_ovh,0,0,109,36,36
rdtsc_ovh,0,0,110,36,36
rdtsc_ovh,0,0,111,36,36
rdtsc_ovh,0,0,112,36,36
rdtsc_ovh,0,0,113,38,38
rdtsc_ovh,0,0,114,36,36
rdtsc_ovh,0,0,115,36,36
rdtsc_ovh,0,0,116,38,38
rdtsc_ovh,0,0,117,36,36
rdtsc_ovh,0,0,118,36,36
rdtsc_ovh,0,0,119,40,40
rdtsc_ovh,0,0,120,36,36
rdtsc_ovh,0,0,121,36,36
rdtsc_ovh,0,0,122,38,38
rdtsc_ovh,0,0,123,36,36
rdtsc_ovh,0,0,124,38,38
rdtsc_ovh,0,0,125,38,38
rdtsc_ovh,0,0,126,36,36
rdtsc_ovh,0,0,127,36,36
rdtsc_ovh,0,0,128,36,36
rdtsc_ovh,0,0,129,36,36
rdtsc_ovh,0,0,130,36,36
rdtsc_ovh,0,0,131,36,36
rdtsc_ovh,0,0,132,36,36
rdtsc_ovh,0,0,133,36,36
rdtsc_ovh,0,0,134,36,36
rdtsc_ovh,0,0,135,36,36
rdtsc_ovh,0,0,136,34,34
rdtsc_ovh,0,0,137,36,36
rdtsc_ovh,0,0,138,38,38
rdtsc_ovh,0,0,139,36,36
rdtsc_ovh,0,0,140,36,36
rdtsc_ovh,0,0,141,36,36
rdtsc_ovh,0,0,142,36,36
rdtsc_ovh,0,0,143,36,36
rdtsc_ovh,0,0,144,36,36
rdtsc_ovh,0,0,145,36,36
rdtsc_ovh,0,0,146,36,36
rdtsc_ovh,0,0,147,36,36
rdtsc_ovh,0,0,148,36,36
rdtsc_ovh,0,0,149,36,36
rdtsc_ovh,0,0,150,36,36
rdtsc_ovh,0,0,151,36,36
rdtsc_ovh,0,0,152,36,36
rdtsc_ovh,0,0,153,34,34
rdtsc_ovh,0,0,154,36,36
rdtsc_ovh,0,0,155,36,36
rdtsc_ovh,0,0,156,36,36
rdtsc_ovh,0,0,157,36,36
rdtsc_ovh,0,0,158,36,36
rdtsc_ovh,0,0,159,36,36
rdtsc_ovh,0,0,160,36,36
rdtsc_ovh,0,0,161,36,36
rdtsc_ovh,0,0,162,36,36
rdtsc_ovh,0,0,163,34,34
rdtsc_ovh,0,0,164,36,36
rdtsc_ovh,0,0,165,36,36
rdtsc_ovh,0,0,166,36,36
rdtsc_ovh,0,0,167,36,36
rdtsc_ovh,0,0,168,36,36
rdtsc_ovh,0,0,169,36,36
rdtsc_ovh,0,0,170,36,36
rdtsc_ovh,0,0,171,36,36
rdtsc_ovh,0,0,172,36,36
rdtsc_ovh,0,0,173,36,36
rdtsc_ovh,0,0,174,38,38
rdtsc_ovh,0,0,175,36,36
rdtsc_ovh,0,0,176,36,36
rdtsc_ovh,0,0,177,36,36
rdtsc_ovh,0,0,178,36,36
rdtsc_ovh,0,0,179,36,36
rdtsc_ovh,0,0,180,36,36
rdtsc_ovh,0,0,181,36,36
rdtsc_ovh,0,0,182,36,36
rdtsc_ovh,0,0,183,36,36
rdtsc_ovh,0,0,184,38,38
rdtsc_ovh,0,0,185,36,36
rdtsc_ovh,0,0,186,36,36
rdtsc_ovh,0,0,187,36,36
rdtsc_ovh,0,0,188,34,34
rdtsc_ovh,0,0,189,36,36
rdtsc_ovh,0,0,190,36,36
rdtsc_ovh,0,0,191,40,40
rdtsc_ovh,0,0,192,36,36
rdtsc_ovh,0,0,193,36,36
rdtsc_ovh,0,0,194,36,36
rdtsc_ovh,0,0,195,36,36
rdtsc_ovh,0,0,196,36,36
rdtsc_ovh,0,0,197,36,36
rdtsc_ovh,0,0,198,36,36
rdtsc_ovh,0,0,199,36,36
rdtsc_ovh,0,0,200,36,36
rdtsc_ovh,0,0,201,36,36
rdtsc_ovh,0,0,202,36,36
rdtsc_ovh,0,0,203,36,36
rdtsc_ovh,0,0,204,36,36
rdtsc_ovh,0,0,205,38,38
rdtsc_ovh,0,0,206,36,36
rdtsc_ovh,0,0,207,36,36
rdtsc_ovh,0,0,208,36,36
rdtsc_ovh,0,0,209,36,36
rdtsc_ovh,0,0,210,36,36
rdtsc_ovh,0,0,211,36,36
rdtsc_ovh,0,0,212,36,36
rdtsc_ovh,0,0,213,36,36
rdtsc_ovh,0,0,214,36,36
rdtsc_ovh,0,0,215,36,36
rdtsc_ovh,0,0,216,36,36
rdtsc_ovh,0,0,217,36,36
rdtsc_ovh,0,0,218,36,36
rdtsc_ovh,0,0,219,36,36
rdtsc_ovh,0,0,220,36,36
rdtsc_ovh,0,0,221,34,34
rdtsc_ovh,0,0,222,36,36
rdtsc_ovh,0,0,223,36,36
rdtsc_ovh,0,0,224,40,40
rdtsc_ovh,0,0,225,36,36
rdtsc_ovh,0,0,226,36,36
rdtsc_ovh,0,0,227,36,36
rdtsc_ovh,0,0,228,36,36
rdtsc_ovh,0,0,229,38,38
rdtsc_ovh,0,0,230,36,36
rdtsc_ovh,0,0,231,36,36
rdtsc_ovh,0,0,232,36,36
rdtsc_ovh,0,0,233,36,36
rdtsc_ovh,0,0,234,40,40
rdtsc_ovh,0,0,235,36,36
rdtsc_ovh,0,0,236,36,36
rdtsc_ovh,0,0,237,36,36
rdtsc_ovh,0,0,238,36,36
rdtsc_ovh,0,0,239,36,36
rdtsc_ovh,0,0,240,36,36
rdtsc_ovh,0,0,241,36,36
rdtsc_ovh,0,0,242,36,36
rdtsc_ovh,0,0,243,36,36
rdtsc_ovh,0,0,244,40,40
rdtsc_ovh,0,0,245,34,34
rdtsc_ovh,0,0,246,36,36
rdtsc_ovh,0,0,247,36,36
rdtsc_ovh,0,0,248,36,36
rdtsc_ovh,0,0,249,36,36
rdtsc_ovh,0,0,250,36,36
rdtsc_ovh,0,0,251,34,34
rdtsc_ovh,0,0,252,36,36
rdtsc_ovh,0,0,253,36,36
rdtsc_ovh,0,0,254,34,34
rdtsc_ovh,0,0,255,36,36
rdtsc_ovh,0,0,256,36,36
rdtsc_ovh,0,0,257,34,34
rdtsc_ovh,0,0,258,36,36
rdtsc_ovh,0,0,259,36,36
rdtsc_ovh,0,0,260,36,36
rdtsc_ovh,0,0,261,36,36
rdtsc_ovh,0,0,262,36,36
rdtsc_ovh,0,0,263,36,36
rdtsc_ovh,0,0,264,36,36
rdtsc_ovh,0,0,265,34,34
rdtsc_ovh,0,0,266,40,40
rdtsc_ovh,0,0,267,36,36
rdtsc_ovh,0,0,268,36,36
rdtsc_ovh,0,0,269,36,36
rdtsc_ovh,0,0,270,36,36
rdtsc_ovh,0,0,271,36,36
rdtsc_ovh,0,0,272,40,40
rdtsc_ovh,0,0,273,36,36
rdtsc_ovh,0,0,274,36,36
rdtsc_ovh,0,0,275,36,36
rdtsc_ovh,0,0,276,36,36
rdtsc_ovh,0,0,277,36,36
rdtsc_ovh,0,0,278,36,36
rdtsc_ovh,0,0,279,36,36
rdtsc_ovh,0,0,280,36,36
rdtsc_ovh,0,0,281,36,36
rdtsc_ovh,0,0,282,36,36
rdtsc_ovh,0,0,283,36,36
rdtsc_ovh,0,0,284,36,36
rdtsc_ovh,0,0,285,38,38
rdtsc_ovh,0,0,286,36,36
rdtsc_ovh,0,0,287,36,36
rdtsc_ovh,0,0,288,36,36
rdtsc_ovh,0,0,289,36,36
rdtsc_ovh,0,0,290,36,36
rdtsc_ovh,0,0,291,36,36
rdtsc_ovh,0,0,292,36,36
rdtsc_ovh,0,0,293,34,34
rdtsc_ovh,0,0,294,34,34
rdtsc_ovh,0,0,295,36,36
rdtsc_ovh,0,0,296,36,36
rdtsc_ovh,0,0,297,36,36
rdtsc_ovh,0,0,298,36,36
rdtsc_ovh,0,0,299,34,34
rdtsc_ovh,0,0,300,36,36
rdtsc_ovh,0,0,301,36,36
rdtsc_ovh,0,0,302,36,36
rdtsc_ovh,0,0,303,34,34
rdtsc_ovh,0,0,304,34,34
rdtsc_ovh,0,0,305,36,36
rdtsc_ovh,0,0,306,36,36
rdtsc_ovh,0,0,307,36,36
rdtsc_ovh,0,0,308,36,36
rdtsc_ovh,0,0,309,36,36
rdtsc_ovh,0,0,310,36,36
rdtsc_ovh,0,0,311,36,36
rdtsc_ovh,0,0,312,36,36
rdtsc_ovh,0,0,313,38,38
rdtsc_ovh,0,0,314,36,36
rdtsc_ovh,0,0,315,36,36
rdtsc_ovh,0,0,316,40,40
rdtsc_ovh,0,0,317,36,36
rdtsc_ovh,0,0,318,34,34
rdtsc_ovh,0,0,319,36,36
rdtsc_ovh,0,0,320,40,40
rdtsc_ovh,0,0,321,36,36
rdtsc_ovh,0,0,322,36,36
rdtsc_ovh,0,0,323,38,38
rdtsc_ovh,0,0,324,38,38
rdtsc_ovh,0,0,325,36,36
rdtsc_ovh,0,0,326,36,36
rdtsc_ovh,0,0,327,36,36
rdtsc_ovh,0,0,328,36,36
rdtsc_ovh,0,0,329,38,38
rdtsc_ovh,0,0,330,36,36
rdtsc_ovh,0,0,331,36,36
rdtsc_ovh,0,0,332,36,36
rdtsc_ovh,0,0,333,36,36
rdtsc_ovh,0,0,334,36,36
rdtsc_ovh,0,0,335,36,36
rdtsc_ovh,0,0,336,36,36
rdtsc_ovh,0,0,337,36,36
rdtsc_ovh,0,0,338,36,36
rdtsc_ovh,0,0,339,40,40
rdtsc_ovh,0,0,340,40,40
rdtsc_ovh,0,0,341,38,38
rdtsc_ovh,0,0,342,38,38
rdtsc_ovh,0,0,343,36,36
rdtsc_ovh,0,0,344,36,36
rdtsc_ovh,0,0,345,36,36
rdtsc_ovh,0,0,346,36,36
rdtsc_ovh,0,0,347,36,36
rdtsc_ovh,0,0,348,38,38
rdtsc_ovh,0,0,349,36,36
rdtsc_ovh,0,0,350,36,36
rdtsc_ovh,0,0,351,36,36
rdtsc_ovh,0,0,352,38,38
rdtsc_ovh,0,0,353,36,36
rdtsc_ovh,0,0,354,36,36
rdtsc_ovh,0,0,355,36,36
rdtsc_ovh,0,0,356,36,36
rdtsc_ovh,0,0,357,36,36
rdtsc_ovh,0,0,358,36,36
rdtsc_ovh,0,0,359,36,36
rdtsc_ovh,0,0,360,36,36
rdtsc_ovh,0,0,361,36,36
rdtsc_ovh,0,0,362,36,36
rdtsc_ovh,0,0,363,36,36
rdtsc_ovh,0,0,364,34,34
rdtsc_ovh,0,0,365,36,36
rdtsc_ovh,0,0,366,36,36
rdtsc_ovh,0,0,367,34,34
rdtsc_ovh,0,0,368,36,36
rdtsc_ovh,0,0,369,36,36
rdtsc_ovh,0,0,370,38,38
rdtsc_ovh,0,0,371,36,36
rdtsc_ovh,0,0,372,36,36
rdtsc_ovh,0,0,373,36,36
rdtsc_ovh,0,0,374,36,36
rdtsc_ovh,0,0,375,36,36
rdtsc_ovh,0,0,376,38,38
rdtsc_ovh,0,0,377,36,36
rdtsc_ovh,0,0,378,36,36
rdtsc_ovh,0,0,379,36,36
rdtsc_ovh,0,0,380,36,36
rdtsc_ovh,0,0,381,36,36
rdtsc_ovh,0,0,382,36,36
rdtsc_ovh,0,0,383,36,36
rdtsc_ovh,0,0,384,40,40
rdtsc_ovh,0,0,385,36,36
rdtsc_ovh,0,0,386,36,36
rdtsc_ovh,0,0,387,36,36
rdtsc_ovh,0,0,388,36,36
rdtsc_ovh,0,0,389,36,36
rdtsc_ovh,0,0,390,34,34
rdtsc_ovh,0,0,391,36,36
rdtsc_ovh,0,0,392,36,36
rdtsc_ovh,0,0,393,36,36
rdtsc_ovh,0,0,394,36,36
rdtsc_ovh,0,0,395,36,36
rdtsc_ovh,0,0,396,36,36
rdtsc_ovh,0,0,397,36,36
rdtsc_ovh,0,0,398,36,36
rdtsc_ovh,0,0,399,36,36
rdtsc_ovh,0,0,400,36,36
protect,4,1,1,3128,3128
protect,4,1,2,3226,3226
protect,4,1,3,2962,2962
protect,4,1,4,3036,3036
protect,4,1,5,3130,3130
protect,4,1,6,10028,10028
protect,4,1,7,3030,3030
protect,4,1,8,3084,3084
protect,4,1,9,3092,3092
protect,4,1,10,3080,3080
protect,4,1,11,2664,2664
protect,4,1,12,2986,2986
protect,4,1,13,3022,3022
protect,4,1,14,3168,3168
protect,4,1,15,3020,3020
protect,4,1,16,3098,3098
protect,4,1,17,2994,2994
protect,4,1,18,3146,3146
protect,4,1,19,3188,3188
protect,4,1,20,3056,3056
protect,4,1,21,3108,3108
protect,4,1,22,3060,3060
protect,4,1,23,3064,3064
protect,4,1,24,3082,3082
protect,4,1,25,3040,3040
protect,4,1,26,3084,3084
protect,4,1,27,3036,3036
protect,4,1,28,3072,3072
protect,4,1,29,3142,3142
protect,4,1,30,2972,2972
protect,4,1,31,3032,3032
protect,4,1,32,3078,3078
protect,4,1,33,3070,3070
protect,4,1,34,3274,3274
protect,4,1,35,3074,3074
protect,4,1,36,2966,2966
protect,4,1,37,3144,3144
protect,4,1,38,3070,3070
protect,4,1,39,3058,3058
protect,4,1,40,3184,3184
protect,4,1,41,3092,3092
protect,4,1,42,3136,3136
protect,4,1,43,3040,3040
protect,4,1,44,3188,3188
protect,4,1,45,2808,2808
protect,4,1,46,2964,2964
protect,4,1,47,3118,3118
protect,4,1,48,3134,3134
protect,4,1,49,3076,3076
protect,4,1,50,3244,3244
protect,4,1,51,3048,3048
protect,4,1,52,3084,3084
protect,4,1,53,3028,3028
protect,4,1,54,3114,3114
protect,4,1,55,3040,3040
protect,4,1,56,3158,3158
protect,4,1,57,3030,3030
protect,4,1,58,2996,2996
protect,4,1,59,3074,3074
protect,4,1,60,3136,3136
protect,4,1,61,3004,3004
protect,4,1,62,3000,3000
protect,4,1,63,2956,2956
protect,4,1,64,3070,3070
protect,4,1,65,3110,3110
protect,4,1,66,3138,3138
protect,4,1,67,3136,3136
protect,4,1,68,2990,2990
protect,4,1,69,3068,3068
protect,4,1,70,3016,3016
protect,4,1,71,3116,3116
protect,4,1,72,3106,3106
protect,4,1,73,3034,3034
protect,4,1,74,3100,3100
protect,4,1,75,3084,3084
protect,4,1,76,2948,2948
protect,4,1,77,2984,2984
protect,4,1,78,3006,3006
protect,4,1,79,3188,3188
protect,4,1,80,3148,3148
protect,4,1,81,3016,3016
protect,4,1,82,3200,3200
protect,4,1,83,3062,3062
protect,4,1,84,3114,3114
protect,4,1,85,2982,2982
protect,4,1,86,3130,3130
protect,4,1,87,3006,3006
protect,4,1,88,3042,3042
protect,4,1,89,3138,3138
protect,4,1,90,2980,2980
protect,4,1,91,3176,3176
protect,4,1,92,3060,3060
protect,4,1,93,3010,3010
protect,4,1,94,3046,3046
protect,4,1,95,3008,3008
protect,4,1,96,3068,3068
protect,4,1,97,3016,3016
protect,4,1,98,3078,3078
protect,4,1,99,3050,3050
protect,4,1,100,3022,3022
protect,4,1,101,3144,3144
protect,4,1,102,3092,3092
protect,4,1,103,3150,3150
protect,4,1,104,3046,3046
protect,4,1,105,3120,3120
protect,4,1,106,3050,3050
protect,4,1,107,3102,3102
protect,4,1,108,3070,3070
protect,4,1,109,3158,3158
protect,4,1,110,3034,3034
protect,4,1,111,2986,2986
protect,4,1,112,3204,3204
protect,4,1,113,3016,3016
protect,4,1,114,3058,3058
protect,4,1,115,3040,3040
protect,4,1,116,3122,3122
protect,4,1,117,2992,2992
protect,4,1,118,3034,3034
protect,4,1,119,3214,3214
protect,4,1,120,3148,3148
protect,4,1,121,3064,3064
protect,4,1,122,3090,3090
protect,4,1,123,3080,3080
protect,4,1,124,3094,3094
protect,4,1,125,3128,3128
protect,4,1,126,3018,3018
protect,4,1,127,3024,3024
protect,4,1,128,2996,2996
protect,4,1,129,3138,3138
protect,4,1,130,3010,3010
protect,4,1,131,3068,3068
protect,4,1,132,3066,3066
protect,4,1,133,3050,3050
protect,4,1,134,3036,3036
protect,4,1,135,3044,3044
protect,4,1,136,3004,3004
protect,4,1,137,3014,3014
protect,4,1,138,3136,3136
protect,4,1,139,3054,3054
protect,4,1,140,3092,3092
protect,4,1,141,3074,3074
protect,4,1,142,3032,3032
protect,4,1,143,3144,3144
protect,4,1,144,3126,3126
protect,4,1,145,3060,3060
protect,4,1,146,3148,3148
protect,4,1,147,3088,3088
protect,4,1,148,3120,3120
protect,4,1,149,3078,3078
protect,4,1,150,3064,3064
protect,4,1,151,3128,3128
protect,4,1,152,3010,3010
protect,4,1,153,2980,2980
protect,4,1,154,3012,3012
protect,4,1,155,3186,3186
protect,4,1,156,3094,3094
protect,4,1,157,3150,3150
protect,4,1,158,3016,3016
protect,4,1,159,3046,3046
protect,4,1,160,3028,3028
protect,4,1,161,3156,3156
protect,4,1,162,3098,3098
protect,4,1,163,3046,3046
protect,4,1,164,2996,2996
protect,4,1,165,2992,2992
protect,4,1,166,3150,3150
protect,4,1,167,3060,3060
protect,4,1,168,3192,3192
protect,4,1,169,3014,3014
protect,4,1,170,3056,3056
protect,4,1,171,2972,2972
protect,4,1,172,3168,3168
protect,4,1,173,3002,3002
protect,4,1,174,3098,3098
protect,4,1,175,3086,3086
protect,4,1,176,3030,3030
protect,4,1,177,3060,3060
protect,4,1,178,3190,3190
protect,4,1,179,3020,3020
protect,4,1,180,3060,3060
protect,4,1,181,3112,3112
protect,4,1,182,3096,3096
protect,4,1,183,3194,3194
protect,4,1,184,3034,3034
protect,4,1,185,3068,3068
protect,4,1,186,3028,3028
protect,4,1,187,3068,3068
protect,4,1,188,3098,3098
protect,4,1,189,3088,3088
protect,4,1,190,3118,3118
protect,4,1,191,3026,3026
protect,4,1,192,3174,3174
protect,4,1,193,3246,3246
protect,4,1,194,3018,3018
protect,4,1,195,3190,3190
protect,4,1,196,3092,3092
protect,4,1,197,3008,3008
protect,4,1,198,3056,3056
protect,4,1,199,3004,3004
protect,4,1,200,3020,3020
protect,4,1,201,2986,2986
protect,4,1,202,2974,2974
protect,4,1,203,2878,2878
protect,4,1,204,3100,3100
protect,4,1,205,3024,3024
protect,4,1,206,3158,3158
protect,4,1,207,3090,3090
protect,4,1,208,3032,3032
protect,4,1,209,3140,3140
protect,4,1,210,3002,3002
protect,4,1,211,3118,3118
protect,4,1,212,3138,3138
protect,4,1,213,2992,2992
protect,4,1,214,3136,3136
protect,4,1,215,3010,3010
protect,4,1,216,3082,3082
protect,4,1,217,3146,3146
protect,4,1,218,3042,3042
protect,4,1,219,3140,3140
protect,4,1,220,3038,3038
protect,4,1,221,3144,3144
protect,4,1,222,3154,3154
protect,4,1,223,3134,3134
protect,4,1,224,3078,3078
protect,4,1,225,3064,3064
protect,4,1,226,3024,3024
protect,4,1,227,3196,3196
protect,4,1,228,3042,3042
protect,4,1,229,3056,3056
protect,4,1,230,3126,3126
protect,4,1,231,3102,3102
protect,4,1,232,3172,3172
protect,4,1,233,3056,3056
protect,4,1,234,3086,3086
protect,4,1,235,3058,3058
protect,4,1,236,2970,2970
protect,4,1,237,3102,3102
protect,4,1,238,3116,3116
protect,4,1,239,3030,3030
protect,4,1,240,3094,3094
protect,4,1,241,3096,3096
protect,4,1,242,3040,3040
protect,4,1,243,3006,3006
protect,4,1,244,3108,3108
protect,4,1,245,3100,3100
protect,4,1,246,3014,3014
protect,4,1,247,3088,3088
protect,4,1,248,3046,3046
protect,4,1,249,3014,3014
protect,4,1,250,3076,3076
protect,4,1,251,3062,3062
protect,4,1,252,3082,3082
protect,4,1,253,3028,3028
protect,4,1,254,3106,3106
protect,4,1,255,3200,3200
protect,4,1,256,3032,3032
protect,4,1,257,3060,3060
protect,4,1,258,3196,3196
protect,4,1,259,2962,2962
protect,4,1,260,2988,2988
protect,4,1,261,3158,3158
protect,4,1,262,3126,3126
protect,4,1,263,3096,3096
protect,4,1,264,3064,3064
protect,4,1,265,2980,2980
protect,4,1,266,3054,3054
protect,4,1,267,3108,3108
protect,4,1,268,2896,2896
protect,4,1,269,3342,3342
protect,4,1,270,3034,3034
protect,4,1,271,3106,3106
protect,4,1,272,3052,3052
protect,4,1,273,3082,3082
protect,4,1,274,3100,3100
protect,4,1,275,3084,3084
protect,4,1,276,3132,3132
protect,4,1,277,3088,3088
protect,4,1,278,3068,3068
protect,4,1,279,3214,3214
protect,4,1,280,3050,3050
protect,4,1,281,3024,3024
protect,4,1,282,3142,3142
protect,4,1,283,3104,3104
protect,4,1,284,3158,3158
protect,4,1,285,3072,3072
protect,4,1,286,3080,3080
protect,4,1,287,3052,3052
protect,4,1,288,3016,3016
protect,4,1,289,3142,3142
protect,4,1,290,2984,2984
protect,4,1,291,3120,3120
protect,4,1,292,3084,3084
protect,4,1,293,3094,3094
protect,4,1,294,3056,3056
protect,4,1,295,2984,2984
protect,4,1,296,2998,2998
protect,4,1,297,2944,2944
protect,4,1,298,3098,3098
protect,4,1,299,3164,3164
protect,4,1,300,3198,3198
protect,4,1,301,3060,3060
protect,4,1,302,3066,3066
protect,4,1,303,3066,3066
protect,4,1,304,3168,3168
protect,4,1,305,3072,3072
protect,4,1,306,3098,3098
protect,4,1,307,3030,3030
protect,4,1,308,3050,3050
protect,4,1,309,3044,3044
protect,4,1,310,3138,3138
protect,4,1,311,3030,3030
protect,4,1,312,3038,3038
protect,4,1,313,3076,3076
protect,4,1,314,2990,2990
protect,4,1,315,3058,3058
protect,4,1,316,3126,3126
protect,4,1,317,3052,3052
protect,4,1,318,3072,3072
protect,4,1,319,3074,3074
protect,4,1,320,3070,3070
protect,4,1,321,3044,3044
protect,4,1,322,3090,3090
protect,4,1,323,3070,3070
protect,4,1,324,3086,3086
protect,4,1,325,3106,3106
protect,4,1,326,3006,3006
protect,4,1,327,3076,3076
protect,4,1,328,3102,3102
protect,4,1,329,3154,3154
protect,4,1,330,3048,3048
protect,4,1,331,3098,3098
protect,4,1,332,3026,3026
protect,4,1,333,3060,3060
protect,4,1,334,3028,3028
protect,4,1,335,3028,3028
protect,4,1,336,3084,3084
protect,4,1,337,3078,3078
protect,4,1,338,3076,3076
protect,4,1,339,3022,3022
protect,4,1,340,3150,3150
protect,4,1,341,3018,3018
protect,4,1,342,3086,3086
protect,4,1,343,3016,3016
protect,4,1,344,2998,2998
protect,4,1,345,3066,3066
protect,4,1,346,3060,3060
protect,4,1,347,3034,3034
protect,4,1,348,3046,3046
protect,4,1,349,3074,3074
protect,4,1,350,3182,3182
protect,4,1,351,3188,3188
protect,4,1,352,3032,3032
protect,4,1,353,3184,3184
protect,4,1,354,3258,3258
protect,4,1,355,3054,3054
protect,4,1,356,3034,3034
protect,4,1,357,3124,3124
protect,4,1,358,3120,3120
protect,4,1,359,3136,3136
protect,4,1,360,3190,3190
protect,4,1,361,3096,3096
protect,4,1,362,3032,3032
protect,4,1,363,3206,3206
protect,4,1,364,3128,3128
protect,4,1,365,3140,3140
protect,4,1,366,3040,3040
protect,4,1,367,3026,3026
protect,4,1,368,3092,3092
protect,4,1,369,3090,3090
protect,4,1,370,3238,3238
protect,4,1,371,3040,3040
protect,4,1,372,2954,2954
protect,4,1,373,3036,3036
protect,4,1,374,3002,3002
protect,4,1,375,3094,3094
protect,4,1,376,3062,3062
protect,4,1,377,2974,2974
protect,4,1,378,2978,2978
protect,4,1,379,3120,3120
protect,4,1,380,2908,2908
protect,4,1,381,2984,2984
protect,4,1,382,2918,2918
protect,4,1,383,3100,3100
protect,4,1,384,3054,3054
protect,4,1,385,2960,2960
protect,4,1,386,2634,2634
protect,4,1,387,3110,3110
protect,4,1,388,2988,2988
protect,4,1,389,3002,3002
protect,4,1,390,3054,3054
protect,4,1,391,3062,3062
protect,4,1,392,3020,3020
protect,4,1,393,3044,3044
protect,4,1,394,3030,3030
protect,4,1,395,3176,3176
protect,4,1,396,3164,3164
protect,4,1,397,3174,3174
protect,4,1,398,3018,3018
protect,4,1,399,3036,3036
protect,4,1,400,3004,3004
verify,4,1,1,2068,2068
verify,4,1,2,2028,2028
verify,4,1,3,2030,2030
verify,4,1,4,2038,2038
verify,4,1,5,2036,2036
verify,4,1,6,2020,2020
verify,4,1,7,2018,2018
verify,4,1,8,2014,2014
verify,4,1,9,2046,2046
verify,4,1,10,2020,2020
verify,4,1,11,2040,2040
verify,4,1,12,2080,2080
verify,4,1,13,2040,2040
verify,4,1,14,2024,2024
verify,4,1,15,2004,2004
verify,4,1,16,2020,2020
verify,4,1,17,2036,2036
verify,4,1,18,2018,2018
verify,4,1,19,2042,2042
verify,4,1,20,2054,2054
verify,4,1,21,2070,2070
verify,4,1,22,2050,2050
verify,4,1,23,2042,2042
verify,4,1,24,2018,2018
verify,4,1,25,2036,2036
verify,4,1,26,2022,2022
verify,4,1,27,2040,2040
verify,4,1,28,2026,2026
verify,4,1,29,2262,2262
verify,4,1,30,2088,2088
verify,4,1,31,2112,2112
verify,4,1,32,2054,2054
verify,4,1,33,2054,2054
verify,4,1,34,2072,2072
verify,4,1,35,2024,2024
verify,4,1,36,2034,2034
verify,4,1,37,2014,2014
verify,4,1,38,2058,2058
verify,4,1,39,2110,2110
verify,4,1,40,2016,2016
verify,4,1,41,2040,2040
verify,4,1,42,2040,2040
verify,4,1,43,2032,2032
verify,4,1,44,2022,2022
verify,4,1,45,2020,2020
verify,4,1,46,2034,2034
verify,4,1,47,2020,2020
verify,4,1,48,2022,2022
verify,4,1,49,2078,2078
verify,4,1,50,2046,2046
verify,4,1,51,2028,2028
verify,4,1,52,1998,1998
verify,4,1,53,2052,2052
verify,4,1,54,2006,2006
verify,4,1,55,2028,2028
verify,4,1,56,2034,2034
verify,4,1,57,2032,2032
verify,4,1,58,2014,2014
verify,4,1,59,2028,2028
verify,4,1,60,2072,2072
verify,4,1,61,1996,1996
verify,4,1,62,2026,2026
verify,4,1,63,2072,2072
verify,4,1,64,2036,2036
verify,4,1,65,2030,2030
verify,4,1,66,2036,2036
verify,4,1,67,2018,2018
verify,4,1,68,2048,2048
verify,4,1,69,2026,2026
verify,4,1,70,2090,2090
verify,4,1,71,2018,2018
verify,4,1,72,2018,2018
verify,4,1,73,2070,2070
verify,4,1,74,2036,2036
verify,4,1,75,2038,2038
verify,4,1,76,2030,2030
verify,4,1,77,2012,2012
verify,4,1,78,2022,2022
verify,4,1,79,2032,2032
verify,4,1,80,2028,2028
verify,4,1,81,2024,2024
verify,4,1,82,2072,2072
verify,4,1,83,2018,2018
verify,4,1,84,2020,2020
verify,4,1,85,2020,2020
verify,4,1,86,2028,2028
verify,4,1,87,2034,2034
verify,4,1,88,2022,2022
verify,4,1,89,2046,2046
verify,4,1,90,2028,2028
verify,4,1,91,2016,2016
verify,4,1,92,2024,2024
verify,4,1,93,2024,2024
verify,4,1,94,2030,2030
verify,4,1,95,2108,2108
verify,4,1,96,2052,2052
verify,4,1,97,2034,2034
verify,4,1,98,2036,2036
verify,4,1,99,2038,2038
verify,4,1,100,2040,2040
verify,4,1,101,2020,2020
verify,4,1,102,2032,2032
verify,4,1,103,2026,2026
verify,4,1,104,2034,2034
verify,4,1,105,2010,2010
verify,4,1,106,2008,2008
verify,4,1,107,2044,2044
verify,4,1,108,2026,2026
verify,4,1,109,2026,2026
verify,4,1,110,2020,2020
verify,4,1,111,2010,2010
verify,4,1,112,2058,2058
verify,4,1,113,2042,2042
verify,4,1,114,2018,2018
verify,4,1,115,2038,2038
verify,4,1,116,2028,2028
verify,4,1,117,2024,2024
verify,4,1,118,2050,2050
verify,4,1,119,2036,2036
verify,4,1,120,2038,2038
verify,4,1,121,2078,2078
verify,4,1,122,2018,2018
verify,4,1,123,2012,2012
verify,4,1,124,2026,2026
verify,4,1,125,2034,2034
verify,4,1,126,2018,2018
verify,4,1,127,2026,2026
verify,4,1,128,2020,2020
verify,4,1,129,2046,2046
verify,4,1,130,2008,2008
verify,4,1,131,2020,2020
verify,4,1,132,2024,2024
verify,4,1,133,2028,2028
verify,4,1,134,2006,2006
verify,4,1,135,2044,2044
verify,4,1,136,2632,2632
verify,4,1,137,2680,2680
verify,4,1,138,2590,2590
verify,4,1,139,2892,2892
verify,4,1,140,2870,2870
verify,4,1,141,2942,2942
verify,4,1,142,2620,2620
verify,4,1,143,2614,2614
verify,4,1,144,2632,2632
verify,4,1,145,2472,2472
verify,4,1,146,2552,2552
verify,4,1,147,2600,2600
verify,4,1,148,2632,2632
verify,4,1,149,2574,2574
verify,4,1,150,2596,2596
verify,4,1,151,3506,3506
verify,4,1,152,2560,2560
verify,4,1,153,2562,2562
verify,4,1,154,2490,2490
verify,4,1,155,2538,2538
verify,4,1,156,3416,3416
verify,4,1,157,3500,3500
verify,4,1,158,3276,3276
verify,4,1,159,2858,2858
verify,4,1,160,2342,2342
verify,4,1,161,2372,2372
verify,4,1,162,2504,2504
verify,4,1,163,2586,2586
verify,4,1,164,2454,2454
verify,4,1,165,2336,2336
verify,4,1,166,2256,2256
verify,4,1,167,2494,2494
verify,4,1,168,2606,2606
verify,4,1,169,2326,2326
verify,4,1,170,2346,2346
verify,4,1,171,2346,2346
verify,4,1,172,2788,2788
verify,4,1,173,2698,2698
verify,4,1,174,2732,2732
verify,4,1,175,2674,2674
verify,4,1,176,2636,2636
verify,4,1,177,2458,2458
verify,4,1,178,2638,2638
verify,4,1,179,2506,2506
verify,4,1,180,2636,2636
verify,4,1,181,2920,2920
verify,4,1,182,2586,2586
verify,4,1,183,2580,2580
verify,4,1,184,2648,2648
verify,4,1,185,2628,2628
verify,4,1,186,2946,2946
verify,4,1,187,2816,2816
verify,4,1,188,2886,2886
verify,4,1,189,2948,2948
verify,4,1,190,3054,3054
verify,4,1,191,2950,2950
verify,4,1,192,2572,2572
verify,4,1,193,3106,3106
verify,4,1,194,3034,3034
verify,4,1,195,3000,3000
verify,4,1,196,3364,3364
verify,4,1,197,3036,3036
verify,4,1,198,3022,3022
verify,4,1,199,3150,3150
verify,4,1,200,2956,2956
verify,4,1,201,2948,2948
verify,4,1,202,3036,3036
verify,4,1,203,3008,3008
verify,4,1,204,3008,3008
verify,4,1,205,2286,2286
verify,4,1,206,2522,2522
verify,4,1,207,2410,2410
verify,4,1,208,3014,3014
verify,4,1,209,2848,2848
verify,4,1,210,3008,3008
verify,4,1,211,3176,3176
verify,4,1,212,2948,2948
verify,4,1,213,2940,2940
verify,4,1,214,2784,2784
verify,4,1,215,2714,2714
verify,4,1,216,2822,2822
verify,4,1,217,2802,2802
verify,4,1,218,2722,2722
verify,4,1,219,2906,2906
verify,4,1,220,2804,2804
verify,4,1,221,2824,2824
verify,4,1,222,2770,2770
verify,4,1,223,2558,2558
verify,4,1,224,2646,2646
verify,4,1,225,3000,3000
verify,4,1,226,2492,2492
verify,4,1,227,2738,2738
verify,4,1,228,2398,2398
verify,4,1,229,2710,2710
verify,4,1,230,2750,2750
verify,4,1,231,2610,2610
verify,4,1,232,2608,2608
verify,4,1,233,2702,2702
verify,4,1,234,2902,2902
verify,4,1,235,2938,2938
verify,4,1,236,3180,3180
verify,4,1,237,2704,2704
verify,4,1,238,2642,2642
verify,4,1,239,2870,2870
verify,4,1,240,2598,2598
verify,4,1,241,2670,2670
verify,4,1,242,2706,2706
verify,4,1,243,3076,3076
verify,4,1,244,2586,2586
verify,4,1,245,2636,2636
verify,4,1,246,2458,2458
verify,4,1,247,2668,2668
verify,4,1,248,2866,2866
verify,4,1,249,2650,2650
verify,4,1,250,2802,2802
verify,4,1,251,2662,2662
verify,4,1,252,2970,2970
verify,4,1,253,2690,2690
verify,4,1,254,2680,2680
verify,4,1,255,2640,2640
verify,4,1,256,2982,2982
verify,4,1,257,2974,2974
verify,4,1,258,2882,2882
verify,4,1,259,2598,2598
verify,4,1,260,2646,2646
verify,4,1,261,2678,2678
verify,4,1,262,2718,2718
verify,4,1,263,2876,2876
verify,4,1,264,2764,2764
verify,4,1,265,2936,2936
verify,4,1,266,2546,2546
verify,4,1,267,2942,2942
verify,4,1,268,2774,2774
verify,4,1,269,2868,2868
verify,4,1,270,2746,2746
verify,4,1,271,2864,2864
verify,4,1,272,2794,2794
verify,4,1,273,2738,2738
verify,4,1,274,2520,2520
verify,4,1,275,2924,2924
verify,4,1,276,2656,2656
verify,4,1,277,2730,2730
verify,4,1,278,2540,2540
verify,4,1,279,2484,2484
verify,4,1,280,2570,2570
verify,4,1,281,2666,2666
verify,4,1,282,2716,2716
verify,4,1,283,2562,2562
verify,4,1,284,2676,2676
verify,4,1,285,2580,2580
verify,4,1,286,2584,2584
verify,4,1,287,2650,2650
verify,4,1,288,2534,2534
verify,4,1,289,2786,2786
verify,4,1,290,2570,2570
verify,4,1,291,2530,2530
verify,4,1,292,2620,2620
verify,4,1,293,2660,2660
verify,4,1,294,2640,2640
verify,4,1,295,2582,2582
verify,4,1,296,2572,2572
verify,4,1,297,2970,2970
verify,4,1,298,3000,3000
verify,4,1,299,2570,2570
verify,4,1,300,2584,2584
verify,4,1,301,2652,2652
verify,4,1,302,2640,2640
verify,4,1,303,2828,2828
verify,4,1,304,2872,2872
verify,4,1,305,2518,2518
verify,4,1,306,2786,2786
verify,4,1,307,2544,2544
verify,4,1,308,2450,2450
verify,4,1,309,2452,2452
verify,4,1,310,2526,2526
verify,4,1,311,2518,2518
verify,4,1,312,2500,2500
verify,4,1,313,2466,2466
verify,4,1,314,2552,2552
verify,4,1,315,2684,2684
verify,4,1,316,2822,2822
verify,4,1,317,2764,2764
verify,4,1,318,2948,2948
verify,4,1,319,2738,2738
verify,4,1,320,2648,2648
verify,4,1,321,2570,2570
verify,4,1,322,2760,2760
verify,4,1,323,2614,2614
verify,4,1,324,2788,2788
verify,4,1,325,2984,2984
verify,4,1,326,3012,3012
verify,4,1,327,2444,2444
verify,4,1,328,2876,2876
verify,4,1,329,2540,2540
verify,4,1,330,2554,2554
verify,4,1,331,2658,2658
verify,4,1,332,2624,2624
verify,4,1,333,2502,2502
verify,4,1,334,2724,2724
verify,4,1,335,2712,2712
verify,4,1,336,2654,2654
verify,4,1,337,2548,2548
verify,4,1,338,2664,2664
verify,4,1,339,2664,2664
verify,4,1,340,2730,2730
verify,4,1,341,2728,2728
verify,4,1,342,2876,2876
verify,4,1,343,2748,2748
verify,4,1,344,2778,2778
verify,4,1,345,2702,2702
verify,4,1,346,3406,3406
verify,4,1,347,2034,2034
verify,4,1,348,2094,2094
verify,4,1,349,2048,2048
verify,4,1,350,2028,2028
verify,4,1,351,2032,2032
verify,4,1,352,2058,2058
verify,4,1,353,2018,2018
verify,4,1,354,2038,2038
verify,4,1,355,2094,2094
verify,4,1,356,2034,2034
verify,4,1,357,2054,2054
verify,4,1,358,2026,2026
verify,4,1,359,2046,2046
verify,4,1,360,2150,2150
verify,4,1,361,2052,2052
verify,4,1,362,2064,2064
verify,4,1,363,2076,2076
verify,4,1,364,2020,2020
verify,4,1,365,2044,2044
verify,4,1,366,2030,2030
verify,4,1,367,2024,2024
verify,4,1,368,2034,2034
verify,4,1,369,2030,2030
verify,4,1,370,2012,2012
verify,4,1,371,2018,2018
verify,4,1,372,2038,2038
verify,4,1,373,2044,2044
verify,4,1,374,2020,2020
verify,4,1,375,2040,2040
verify,4,1,376,2018,2018
verify,4,1,377,2034,2034
verify,4,1,378,1998,1998
verify,4,1,379,2018,2018
verify,4,1,380,2054,2054
verify,4,1,381,2092,2092
verify,4,1,382,2030,2030
verify,4,1,383,2094,2094
verify,4,1,384,2038,2038
verify,4,1,385,2030,2030
verify,4,1,386,2036,2036
verify,4,1,387,2032,2032
verify,4,1,388,2040,2040
verify,4,1,389,2070,2070
verify,4,1,390,2032,2032
verify,4,1,391,2034,2034
verify,4,1,392,2032,2032
verify,4,1,393,2028,2028
verify,4,1,394,2024,2024
verify,4,1,395,2006,2006
verify,4,1,396,2036,2036
verify,4,1,397,2058,2058
verify,4,1,398,2020,2020
verify,4,1,399,2016,2016
verify,4,1,400,2076,2076
protect,8,1,1,2110,2110
protect,8,1,2,2016,2016
protect,8,1,3,2018,2018
protect,8,1,4,2004,2004
protect,8,1,5,1996,1996
protect,8,1,6,2004,2004
protect,8,1,7,2018,2018
protect,8,1,8,2014,2014
protect,8,1,9,1988,1988
protect,8,1,10,2018,2018
protect,8,1,11,2014,2014
protect,8,1,12,1986,1986
protect,8,1,13,2020,2020
protect,8,1,14,2016,2016
protect,8,1,15,2006,2006
protect,8,1,16,2050,2050
protect,8,1,17,1998,1998
protect,8,1,18,2006,2006
protect,8,1,19,1986,1986
protect,8,1,20,1982,1982
protect,8,1,21,1990,1990
protect,8,1,22,2000,2000
protect,8,1,23,2006,2006
protect,8,1,24,2008,2008
protect,8,1,25,2016,2016
protect,8,1,26,2002,2002
protect,8,1,27,2044,2044
protect,8,1,28,1992,1992
protect,8,1,29,2008,2008
protect,8,1,30,2000,2000
protect,8,1,31,2002,2002
protect,8,1,32,2044,2044
protect,8,1,33,1990,1990
protect,8,1,34,1996,1996
protect,8,1,35,1996,1996
protect,8,1,36,2002,2002
protect,8,1,37,2018,2018
protect,8,1,38,2002,2002
protect,8,1,39,2006,2006
protect,8,1,40,2008,2008
protect,8,1,41,1986,1986
protect,8,1,42,2022,2022
protect,8,1,43,2016,2016
protect,8,1,44,2012,2012
protect,8,1,45,2002,2002
protect,8,1,46,2016,2016
protect,8,1,47,2014,2014
protect,8,1,48,2026,2026
protect,8,1,49,2048,2048
protect,8,1,50,2074,2074
protect,8,1,51,2016,2016
protect,8,1,52,2028,2028
protect,8,1,53,2004,2004
protect,8,1,54,2008,2008
protect,8,1,55,2010,2010
protect,8,1,56,1976,1976
protect,8,1,57,2008,2008
protect,8,1,58,2002,2002
protect,8,1,59,2006,2006
protect,8,1,60,1998,1998
protect,8,1,61,2008,2008
protect,8,1,62,2054,2054
protect,8,1,63,2032,2032
protect,8,1,64,2016,2016
protect,8,1,65,1994,1994
protect,8,1,66,2016,2016
protect,8,1,67,1976,1976
protect,8,1,68,2046,2046
protect,8,1,69,2008,2008
protect,8,1,70,2014,2014
protect,8,1,71,2016,2016
protect,8,1,72,1990,1990
protect,8,1,73,1996,1996
protect,8,1,74,2024,2024
protect,8,1,75,1978,1978
protect,8,1,76,2010,2010
protect,8,1,77,1984,1984
protect,8,1,78,2014,2014
protect,8,1,79,1992,1992
protect,8,1,80,2010,2010
protect,8,1,81,2004,2004
protect,8,1,82,2014,2014
protect,8,1,83,1990,1990
protect,8,1,84,2014,2014
protect,8,1,85,2012,2012
protect,8,1,86,2006,2006
protect,8,1,87,1986,1986
protect,8,1,88,1978,1978
protect,8,1,89,1978,1978
protect,8,1,90,1986,1986
protect,8,1,91,2008,2008
protect,8,1,92,2004,2004
protect,8,1,93,2012,2012
protect,8,1,94,1992,1992
protect,8,1,95,2006,2006
protect,8,1,96,2058,2058
protect,8,1,97,2010,2010
protect,8,1,98,2006,2006
protect,8,1,99,2014,2014
protect,8,1,100,2010,2010
protect,8,1,101,1982,1982
protect,8,1,102,1974,1974
protect,8,1,103,2024,2024
protect,8,1,104,2002,2002
protect,8,1,105,2004,2004
protect,8,1,106,2000,2000
protect,8,1,107,1986,1986
protect,8,1,108,2010,2010
protect,8,1,109,2002,2002
protect,8,1,110,2010,2010
protect,8,1,111,1994,1994
protect,8,1,112,2000,2000
protect,8,1,113,2052,2052
protect,8,1,114,2008,2008
protect,8,1,115,1990,1990
protect,8,1,116,1994,1994
protect,8,1,117,2004,2004
protect,8,1,118,2012,2012
protect,8,1,119,2004,2004
protect,8,1,120,2002,2002
protect,8,1,121,2024,2024
protect,8,1,122,2010,2010
protect,8,1,123,2208,2208
protect,8,1,124,2068,2068
protect,8,1,125,1986,1986
protect,8,1,126,2038,2038
protect,8,1,127,2018,2018
protect,8,1,128,2022,2022
protect,8,1,129,2022,2022
protect,8,1,130,2000,2000
protect,8,1,131,1986,1986
protect,8,1,132,1998,1998
protect,8,1,133,2006,2006
protect,8,1,134,2002,2002
protect,8,1,135,2012,2012
protect,8,1,136,1990,1990
protect,8,1,137,2010,2010
protect,8,1,138,2016,2016
protect,8,1,139,2000,2000
protect,8,1,140,2002,2002
protect,8,1,141,2028,2028
protect,8,1,142,2026,2026
protect,8,1,143,2036,2036
protect,8,1,144,2006,2006
protect,8,1,145,2004,2004
protect,8,1,146,2058,2058
protect,8,1,147,2004,2004
protect,8,1,148,1992,1992
protect,8,1,149,2000,2000
protect,8,1,150,2012,2012
protect,8,1,151,1988,1988
protect,8,1,152,1962,1962
protect,8,1,153,1990,1990
protect,8,1,154,2006,2006
protect,8,1,155,2008,2008
protect,8,1,156,2048,2048
protect,8,1,157,2014,2014
protect,8,1,158,2034,2034
protect,8,1,159,2020,2020
protect,8,1,160,1996,1996
protect,8,1,161,1990,1990
protect,8,1,162,2040,2040
protect,8,1,163,2004,2004
protect,8,1,164,2000,2000
protect,8,1,165,1990,1990
protect,8,1,166,2016,2016
protect,8,1,167,2004,2004
protect,8,1,168,2002,2002
protect,8,1,169,2082,2082
protect,8,1,170,2024,2024
protect,8,1,171,2008,2008
protect,8,1,172,2008,2008
protect,8,1,173,1986,1986
protect,8,1,174,2028,2028
protect,8,1,175,1982,1982
protect,8,1,176,2002,2002
protect,8,1,177,2020,2020
protect,8,1,178,1988,1988
protect,8,1,179,1992,1992
protect,8,1,180,1980,1980
protect,8,1,181,1986,1986
protect,8,1,182,2060,2060
protect,8,1,183,1994,1994
protect,8,1,184,2020,2020
protect,8,1,185,2014,2014
protect,8,1,186,1998,1998
protect,8,1,187,2058,2058
protect,8,1,188,1974,1974
protect,8,1,189,1982,1982
protect,8,1,190,2008,2008
protect,8,1,191,2016,2016
protect,8,1,192,2008,2008
protect,8,1,193,1996,1996
protect,8,1,194,1984,1984
protect,8,1,195,1994,1994
protect,8,1,196,1996,1996
protect,8,1,197,2020,2020
protect,8,1,198,1982,1982
protect,8,1,199,1990,1990
protect,8,1,200,1994,1994
protect,8,1,201,2034,2034
protect,8,1,202,2040,2040
protect,8,1,203,1956,1956
protect,8,1,204,2018,2018
protect,8,1,205,2004,2004
protect,8,1,206,2018,2018
protect,8,1,207,2024,2024
protect,8,1,208,1994,1994
protect,8,1,209,1990,1990
protect,8,1,210,2004,2004
protect,8,1,211,2062,2062
protect,8,1,212,1980,1980
protect,8,1,213,1980,1980
protect,8,1,214,1972,1972
protect,8,1,215,1988,1988
protect,8,1,216,1998,1998
protect,8,1,217,2020,2020
protect,8,1,218,2036,2036
protect,8,1,219,2004,2004
protect,8,1,220,2054,2054
protect,8,1,221,1992,1992
protect,8,1,222,1998,1998
protect,8,1,223,2012,2012
protect,8,1,224,2016,2016
protect,8,1,225,2010,2010
protect,8,1,226,2000,2000
protect,8,1,227,1980,1980
protect,8,1,228,2048,2048
protect,8,1,229,2016,2016
protect,8,1,230,2000,2000
protect,8,1,231,1984,1984
protect,8,1,232,1984,1984
protect,8,1,233,1996,1996
protect,8,1,234,2046,2046
protect,8,1,235,1972,1972
protect,8,1,236,2012,2012
protect,8,1,237,1992,1992
protect,8,1,238,2018,2018
protect,8,1,239,2032,2032
protect,8,1,240,2002,2002
protect,8,1,241,1980,1980
protect,8,1,242,2002,2002
protect,8,1,243,2028,2028
protect,8,1,244,2042,2042
protect,8,1,245,1994,1994
protect,8,1,246,2022,2022
protect,8,1,247,1988,1988
protect,8,1,248,2006,2006
protect,8,1,249,1994,1994
protect,8,1,250,2008,2008
protect,8,1,251,1990,1990
protect,8,1,252,2004,2004
protect,8,1,253,1988,1988
protect,8,1,254,2004,2004
protect,8,1,255,2002,2002
protect,8,1,256,2004,2004
protect,8,1,257,2004,2004
protect,8,1,258,2050,2050
protect,8,1,259,2010,2010
protect,8,1,260,1992,1992
protect,8,1,261,2042,2042
protect,8,1,262,1994,1994
protect,8,1,263,1980,1980
protect,8,1,264,2050,2050
protect,8,1,265,2016,2016
protect,8,1,266,1976,1976
protect,8,1,267,2036,2036
protect,8,1,268,1994,1994
protect,8,1,269,1996,1996
protect,8,1,270,2054,2054
protect,8,1,271,2028,2028
protect,8,1,272,2112,2112
protect,8,1,273,2006,2006
protect,8,1,274,2000,2000
protect,8,1,275,1998,1998
protect,8,1,276,2022,2022
protect,8,1,277,1998,1998
protect,8,1,278,2026,2026
protect,8,1,279,1992,1992
protect,8,1,280,2092,2092
protect,8,1,281,2038,2038
protect,8,1,282,2034,2034
protect,8,1,283,1988,1988
protect,8,1,284,2042,2042
protect,8,1,285,2042,2042
protect,8,1,286,2084,2084
protect,8,1,287,2012,2012
protect,8,1,288,1998,1998
protect,8,1,289,1992,1992
protect,8,1,290,2020,2020
protect,8,1,291,2000,2000
protect,8,1,292,2012,2012
protect,8,1,293,1998,1998
protect,8,1,294,2012,2012
protect,8,1,295,2024,2024
protect,8,1,296,1994,1994
protect,8,1,297,2006,2006
protect,8,1,298,2010,2010
protect,8,1,299,2022,2022
protect,8,1,300,2062,2062
protect,8,1,301,2026,2026
protect,8,1,302,2014,2014
protect,8,1,303,2046,2046
protect,8,1,304,2024,2024
protect,8,1,305,2028,2028
protect,8,1,306,2004,2004
protect,8,1,307,2028,2028
protect,8,1,308,2070,2070
protect,8,1,309,2028,2028
protect,8,1,310,2044,2044
protect,8,1,311,2026,2026
protect,8,1,312,2008,2008
protect,8,1,313,2000,2000
protect,8,1,314,2014,2014
protect,8,1,315,2014,2014
protect,8,1,316,2020,2020
protect,8,1,317,2016,2016
protect,8,1,318,2006,2006
protect,8,1,319,2038,2038
protect,8,1,320,2020,2020
protect,8,1,321,2020,2020
protect,8,1,322,2018,2018
protect,8,1,323,2014,2014
protect,8,1,324,2024,2024
protect,8,1,325,2066,2066
protect,8,1,326,2074,2074
protect,8,1,327,2048,2048
protect,8,1,328,2012,2012
protect,8,1,329,2010,2010
protect,8,1,330,2038,2038
protect,8,1,331,2048,2048
protect,8,1,332,2032,2032
protect,8,1,333,2022,2022
protect,8,1,334,2016,2016
protect,8,1,335,2090,2090
protect,8,1,336,2012,2012
protect,8,1,337,2016,2016
protect,8,1,338,2036,2036
protect,8,1,339,2014,2014
protect,8,1,340,2034,2034
protect,8,1,341,2026,2026
protect,8,1,342,2008,2008
protect,8,1,343,2018,2018
protect,8,1,344,2014,2014
protect,8,1,345,1980,1980
protect,8,1,346,2004,2004
protect,8,1,347,2026,2026
protect,8,1,348,2028,2028
protect,8,1,349,2020,2020
protect,8,1,350,2004,2004
protect,8,1,351,2032,2032
protect,8,1,352,2070,2070
protect,8,1,353,2010,2010
protect,8,1,354,2020,2020
protect,8,1,355,2034,2034
protect,8,1,356,2034,2034
protect,8,1,357,2032,2032
protect,8,1,358,2030,2030
protect,8,1,359,2022,2022
protect,8,1,360,2024,2024
protect,8,1,361,2018,2018
protect,8,1,362,2010,2010
protect,8,1,363,2040,2040
protect,8,1,364,2024,2024
protect,8,1,365,2044,2044
protect,8,1,366,2004,2004
protect,8,1,367,2024,2024
protect,8,1,368,2000,2000
protect,8,1,369,2052,2052
protect,8,1,370,1998,1998
protect,8,1,371,2018,2018
protect,8,1,372,2034,2034
protect,8,1,373,1996,1996
protect,8,1,374,2028,2028
protect,8,1,375,2020,2020
protect,8,1,376,2034,2034
protect,8,1,377,2002,2002
protect,8,1,378,2016,2016
protect,8,1,379,2010,2010
protect,8,1,380,2046,2046
protect,8,1,381,2006,2006
protect,8,1,382,2020,2020
protect,8,1,383,2036,2036
protect,8,1,384,2014,2014
protect,8,1,385,2006,2006
protect,8,1,386,2068,2068
protect,8,1,387,2008,2008
protect,8,1,388,2022,2022
protect,8,1,389,2032,2032
protect,8,1,390,2018,2018
protect,8,1,391,2006,2006
protect,8,1,392,2014,2014
protect,8,1,393,2026,2026
protect,8,1,394,2068,2068
protect,8,1,395,2030,2030
protect,8,1,396,2018,2018
protect,8,1,397,2068,2068
protect,8,1,398,2050,2050
protect,8,1,399,1988,1988
protect,8,1,400,2024,2024
verify,8,1,1,2448,2448
verify,8,1,2,2560,2560
verify,8,1,3,2442,2442
verify,8,1,4,2642,2642
verify,8,1,5,2300,2300
verify,8,1,6,2566,2566
verify,8,1,7,20792,20792
verify,8,1,8,2614,2614
verify,8,1,9,2380,2380
verify,8,1,10,2440,2440
verify,8,1,11,2526,2526
verify,8,1,12,2568,2568
verify,8,1,13,2512,2512
verify,8,1,14,2356,2356
verify,8,1,15,2438,2438
verify,8,1,16,2446,2446
verify,8,1,17,2444,2444
verify,8,1,18,2346,2346
verify,8,1,19,2420,2420
verify,8,1,20,2436,2436
verify,8,1,21,2410,2410
verify,8,1,22,2308,2308
verify,8,1,23,2456,2456
verify,8,1,24,2420,2420
verify,8,1,25,2378,2378
verify,8,1,26,2376,2376
verify,8,1,27,2466,2466
verify,8,1,28,2678,2678
verify,8,1,29,2670,2670
verify,8,1,30,2620,2620
verify,8,1,31,2360,2360
verify,8,1,32,2466,2466
verify,8,1,33,2424,2424
verify,8,1,34,2366,2366
verify,8,1,35,2422,2422
verify,8,1,36,2258,2258
verify,8,1,37,2526,2526
verify,8,1,38,2390,2390
verify,8,1,39,2554,2554
verify,8,1,40,2808,2808
verify,8,1,41,2836,2836
verify,8,1,42,2374,2374
verify,8,1,43,2398,2398
verify,8,1,44,2438,2438
verify,8,1,45,2674,2674
verify,8,1,46,2478,2478
verify,8,1,47,2374,2374
verify,8,1,48,2542,2542
verify,8,1,49,2382,2382
verify,8,1,50,2280,2280
verify,8,1,51,2240,2240
verify,8,1,52,5038,5038
verify,8,1,53,2700,2700
verify,8,1,54,2486,2486
verify,8,1,55,2454,2454
verify,8,1,56,2316,2316
verify,8,1,57,2510,2510
verify,8,1,58,2266,2266
verify,8,1,59,2546,2546
verify,8,1,60,2564,2564
verify,8,1,61,2566,2566
verify,8,1,62,2302,2302
verify,8,1,63,2626,2626
verify,8,1,64,2602,2602
verify,8,1,65,2620,2620
verify,8,1,66,2488,2488
verify,8,1,67,2652,2652
verify,8,1,68,2826,2826
verify,8,1,69,2442,2442
verify,8,1,70,2672,2672
verify,8,1,71,2434,2434
verify,8,1,72,2666,2666
verify,8,1,73,2964,2964
verify,8,1,74,2678,2678
verify,8,1,75,2346,2346
verify,8,1,76,2320,2320
verify,8,1,77,2320,2320
verify,8,1,78,2346,2346
verify,8,1,79,2794,2794
verify,8,1,80,2808,2808
verify,8,1,81,2796,2796
verify,8,1,82,2758,2758
verify,8,1,83,2654,2654
verify,8,1,84,2616,2616
verify,8,1,85,2462,2462
verify,8,1,86,2638,2638
verify,8,1,87,2504,2504
verify,8,1,88,2756,2756
verify,8,1,89,2420,2420
verify,8,1,90,2626,2626
verify,8,1,91,2572,2572
verify,8,1,92,2446,2446
verify,8,1,93,2246,2246
verify,8,1,94,2408,2408
verify,8,1,95,4876,4876
verify,8,1,96,2606,2606
verify,8,1,97,2654,2654
verify,8,1,98,2898,2898
verify,8,1,99,2898,2898
verify,8,1,100,2972,2972
verify,8,1,101,2560,2560
verify,8,1,102,2454,2454
verify,8,1,103,2436,2436
verify,8,1,104,2612,2612
verify,8,1,105,2682,2682
verify,8,1,106,2508,2508
verify,8,1,107,2356,2356
verify,8,1,108,2386,2386
verify,8,1,109,2476,2476
verify,8,1,110,2498,2498
verify,8,1,111,2454,2454
verify,8,1,112,2390,2390
verify,8,1,113,2366,2366
verify,8,1,114,2478,2478
verify,8,1,115,2360,2360
verify,8,1,116,2532,2532
verify,8,1,117,2820,2820
verify,8,1,118,2450,2450
verify,8,1,119,2716,2716
verify,8,1,120,2488,2488
verify,8,1,121,2460,2460
verify,8,1,122,2580,2580
verify,8,1,123,2230,2230
verify,8,1,124,4418,4418
verify,8,1,125,2282,2282
verify,8,1,126,2460,2460
verify,8,1,127,5862,5862
verify,8,1,128,2636,2636
verify,8,1,129,2466,2466
verify,8,1,130,2984,2984
verify,8,1,131,2512,2512
verify,8,1,132,2792,2792
verify,8,1,133,2688,2688
verify,8,1,134,2964,2964
verify,8,1,135,2890,2890
verify,8,1,136,2766,2766
verify,8,1,137,2738,2738
verify,8,1,138,2718,2718
verify,8,1,139,2454,2454
verify,8,1,140,2802,2802
verify,8,1,141,2910,2910
verify,8,1,142,2902,2902
verify,8,1,143,2754,2754
verify,8,1,144,2812,2812
verify,8,1,145,2762,2762
verify,8,1,146,2722,2722
verify,8,1,147,2770,2770
verify,8,1,148,2940,2940
verify,8,1,149,2606,2606
verify,8,1,150,2354,2354
verify,8,1,151,2326,2326
verify,8,1,152,2342,2342
verify,8,1,153,2572,2572
verify,8,1,154,2270,2270
verify,8,1,155,2296,2296
verify,8,1,156,2226,2226
verify,8,1,157,2484,2484
verify,8,1,158,2652,2652
verify,8,1,159,2804,2804
verify,8,1,160,2588,2588
verify,8,1,161,2448,2448
verify,8,1,162,2762,2762
verify,8,1,163,2412,2412
verify,8,1,164,2236,2236
verify,8,1,165,2512,2512
verify,8,1,166,4992,4992
verify,8,1,167,2552,2552
verify,8,1,168,2294,2294
verify,8,1,169,2292,2292
verify,8,1,170,2348,2348
verify,8,1,171,2364,2364
verify,8,1,172,2838,2838
verify,8,1,173,2764,2764
verify,8,1,174,2842,2842
verify,8,1,175,2938,2938
verify,8,1,176,2652,2652
verify,8,1,177,2766,2766
verify,8,1,178,2860,2860
verify,8,1,179,2952,2952
verify,8,1,180,2728,2728
verify,8,1,181,2674,2674
verify,8,1,182,2904,2904
verify,8,1,183,2888,2888
verify,8,1,184,2794,2794
verify,8,1,185,2864,2864
verify,8,1,186,2832,2832
verify,8,1,187,3352,3352
verify,8,1,188,2964,2964
verify,8,1,189,2796,2796
verify,8,1,190,2536,2536
verify,8,1,191,2992,2992
verify,8,1,192,3080,3080
verify,8,1,193,3006,3006
verify,8,1,194,2782,2782
verify,8,1,195,2780,2780
verify,8,1,196,2886,2886
verify,8,1,197,2814,2814
verify,8,1,198,2792,2792
verify,8,1,199,3122,3122
verify,8,1,200,2936,2936
verify,8,1,201,2870,2870
verify,8,1,202,2988,2988
verify,8,1,203,2948,2948
verify,8,1,204,3070,3070
verify,8,1,205,2754,2754
verify,8,1,206,2594,2594
verify,8,1,207,3230,3230
verify,8,1,208,2712,2712
verify,8,1,209,2892,2892
verify,8,1,210,2766,2766
verify,8,1,211,2818,2818
verify,8,1,212,3084,3084
verify,8,1,213,2846,2846
verify,8,1,214,2698,2698
verify,8,1,215,2726,2726
verify,8,1,216,2768,2768
verify,8,1,217,2644,2644
verify,8,1,218,2568,2568
verify,8,1,219,2618,2618
verify,8,1,220,2430,2430
verify,8,1,221,2580,2580
verify,8,1,222,2460,2460
verify,8,1,223,2680,2680
verify,8,1,224,2592,2592
verify,8,1,225,2394,2394
verify,8,1,226,2686,2686
verify,8,1,227,2632,2632
verify,8,1,228,2640,2640
verify,8,1,229,2538,2538
verify,8,1,230,2658,2658
verify,8,1,231,2462,2462
verify,8,1,232,2594,2594
verify,8,1,233,2628,2628
verify,8,1,234,2672,2672
verify,8,1,235,2552,2552
verify,8,1,236,2614,2614
verify,8,1,237,2610,2610
verify,8,1,238,2664,2664
verify,8,1,239,2706,2706
verify,8,1,240,2538,2538
verify,8,1,241,2552,2552
verify,8,1,242,2680,2680
verify,8,1,243,2366,2366
verify,8,1,244,2722,2722
verify,8,1,245,2834,2834
verify,8,1,246,2578,2578
verify,8,1,247,2808,2808
verify,8,1,248,2904,2904
verify,8,1,249,2896,2896
verify,8,1,250,2678,2678
verify,8,1,251,2728,2728
verify,8,1,252,2630,2630
verify,8,1,253,2984,2984
verify,8,1,254,2778,2778
verify,8,1,255,2590,2590
verify,8,1,256,2464,2464
verify,8,1,257,2276,2276
verify,8,1,258,2390,2390
verify,8,1,259,2280,2280
verify,8,1,260,2594,2594
verify,8,1,261,2382,2382
verify,8,1,262,2388,2388
verify,8,1,263,2352,2352
verify,8,1,264,2470,2470
verify,8,1,265,2694,2694
verify,8,1,266,2794,2794
verify,8,1,267,2730,2730
verify,8,1,268,2828,2828
verify,8,1,269,2638,2638
verify,8,1,270,2560,2560
verify,8,1,271,2768,2768
verify,8,1,272,2764,2764
verify,8,1,273,2578,2578
verify,8,1,274,2648,2648
verify,8,1,275,3406,3406
verify,8,1,276,2592,2592
verify,8,1,277,2868,2868
verify,8,1,278,2684,2684
verify,8,1,279,2840,2840
verify,8,1,280,2428,2428
verify,8,1,281,2640,2640
verify,8,1,282,2620,2620
verify,8,1,283,2446,2446
verify,8,1,284,2828,2828
verify,8,1,285,2752,2752
verify,8,1,286,2410,2410
verify,8,1,287,2594,2594
verify,8,1,288,2522,2522
verify,8,1,289,2594,2594
verify,8,1,290,2448,2448
verify,8,1,291,2574,2574
verify,8,1,292,2628,2628
verify,8,1,293,2570,2570
verify,8,1,294,2760,2760
verify,8,1,295,2468,2468
verify,8,1,296,2648,2648
verify,8,1,297,2864,2864
verify,8,1,298,2802,2802
verify,8,1,299,2950,2950
verify,8,1,300,2942,2942
verify,8,1,301,2848,2848
verify,8,1,302,2774,2774
verify,8,1,303,2982,2982
verify,8,1,304,2806,2806
verify,8,1,305,2770,2770
verify,8,1,306,2270,2270
verify,8,1,307,2374,2374
verify,8,1,308,2784,2784
verify,8,1,309,2376,2376
verify,8,1,310,2374,2374
verify,8,1,311,2308,2308
verify,8,1,312,2348,2348
verify,8,1,313,3016,3016
verify,8,1,314,2996,2996
verify,8,1,315,2832,2832
verify,8,1,316,2936,2936
verify,8,1,317,2942,2942
verify,8,1,318,3132,3132
verify,8,1,319,2914,2914
verify,8,1,320,2856,2856
verify,8,1,321,2706,2706
verify,8,1,322,2780,2780
verify,8,1,323,2794,2794
verify,8,1,324,2710,2710
verify,8,1,325,2850,2850
verify,8,1,326,2906,2906
verify,8,1,327,2850,2850
verify,8,1,328,2792,2792
verify,8,1,329,2874,2874
verify,8,1,330,2768,2768
verify,8,1,331,2666,2666
verify,8,1,332,2926,2926
verify,8,1,333,2748,2748
verify,8,1,334,2916,2916
verify,8,1,335,2746,2746
verify,8,1,336,2858,2858
verify,8,1,337,3142,3142
verify,8,1,338,2752,2752
verify,8,1,339,3132,3132
verify,8,1,340,2934,2934
verify,8,1,341,2866,2866
verify,8,1,342,2688,2688
verify,8,1,343,2432,2432
verify,8,1,344,2374,2374
verify,8,1,345,2390,2390
verify,8,1,346,2544,2544
verify,8,1,347,2292,2292
verify,8,1,348,2278,2278
verify,8,1,349,2344,2344
verify,8,1,350,2842,2842
verify,8,1,351,2756,2756
verify,8,1,352,2864,2864
verify,8,1,353,2994,2994
verify,8,1,354,2666,2666
verify,8,1,355,2922,2922
verify,8,1,356,2912,2912
verify,8,1,357,3028,3028
verify,8,1,358,2858,2858
verify,8,1,359,2694,2694
verify,8,1,360,2744,2744
verify,8,1,361,3030,3030
verify,8,1,362,2530,2530
verify,8,1,363,2882,2882
verify,8,1,364,2974,2974
verify,8,1,365,2948,2948
verify,8,1,366,3010,3010
verify,8,1,367,2828,2828
verify,8,1,368,2860,2860
verify,8,1,369,3022,3022
verify,8,1,370,2750,2750
verify,8,1,371,3304,3304
verify,8,1,372,2918,2918
verify,8,1,373,2946,2946
verify,8,1,374,2774,2774
verify,8,1,375,2726,2726
verify,8,1,376,2666,2666
verify,8,1,377,2804,2804
verify,8,1,378,2952,2952
verify,8,1,379,2442,2442
verify,8,1,380,2466,2466
verify,8,1,381,2332,2332
verify,8,1,382,2392,2392
verify,8,1,383,2356,2356
verify,8,1,384,2342,2342
verify,8,1,385,2442,2442
verify,8,1,386,2362,2362
verify,8,1,387,2480,2480
verify,8,1,388,2370,2370
verify,8,1,389,2388,2388
verify,8,1,390,2750,2750
verify,8,1,391,2574,2574
verify,8,1,392,2780,2780
verify,8,1,393,2822,2822
verify,8,1,394,2836,2836
verify,8,1,395,2842,2842
verify,8,1,396,2644,2644
verify,8,1,397,2688,2688
verify,8,1,398,2992,2992
verify,8,1,399,2926,2926
verify,8,1,400,2756,2756
protect,20,2,1,2994,2994
protect,20,2,2,2998,2998
protect,20,2,3,2982,2982
protect,20,2,4,2926,2926
protect,20,2,5,2936,2936
protect,20,2,6,2992,2992
protect,20,2,7,2946,2946
protect,20,2,8,2958,2958
protect,20,2,9,2956,2956
protect,20,2,10,2918,2918
protect,20,2,11,2904,2904
protect,20,2,12,2900,2900
protect,20,2,13,2972,2972
protect,20,2,14,2932,2932
protect,20,2,15,2912,2912
protect,20,2,16,2924,2924
protect,20,2,17,2944,2944
protect,20,2,18,2918,2918
protect,20,2,19,2908,2908
protect,20,2,20,2920,2920
protect,20,2,21,2950,2950
protect,20,2,22,2938,2938
protect,20,2,23,2890,2890
protect,20,2,24,2916,2916
protect,20,2,25,2988,2988
protect,20,2,26,2928,2928
protect,20,2,27,2898,2898
protect,20,2,28,2896,2896
protect,20,2,29,2886,2886
protect,20,2,30,2906,2906
protect,20,2,31,2906,2906
protect,20,2,32,2912,2912
protect,20,2,33,2910,2910
protect,20,2,34,2902,2902
protect,20,2,35,2896,2896
protect,20,2,36,2910,2910
protect,20,2,37,2894,2894
protect,20,2,38,2936,2936
protect,20,2,39,2992,2992
protect,20,2,40,2920,2920
protect,20,2,41,2960,2960
protect,20,2,42,2968,2968
protect,20,2,43,2928,2928
protect,20,2,44,2940,2940
protect,20,2,45,2918,2918
protect,20,2,46,2942,2942
protect,20,2,47,2954,2954
protect,20,2,48,2918,2918
protect,20,2,49,2958,2958
protect,20,2,50,2932,2932
protect,20,2,51,2908,2908
protect,20,2,52,2918,2918
protect,20,2,53,2896,2896
protect,20,2,54,2972,2972
protect,20,2,55,2974,2974
protect,20,2,56,2916,2916
protect,20,2,57,2938,2938
protect,20,2,58,2988,2988
protect,20,2,59,2922,2922
protect,20,2,60,2952,2952
protect,20,2,61,2922,2922
protect,20,2,62,2932,2932
protect,20,2,63,2902,2902
protect,20,2,64,3052,3052
protect,20,2,65,2920,2920
protect,20,2,66,2934,2934
protect,20,2,67,2934,2934
protect,20,2,68,2918,2918
protect,20,2,69,2912,2912
protect,20,2,70,2934,2934
protect,20,2,71,2920,2920
protect,20,2,72,2928,2928
protect,20,2,73,2962,2962
protect,20,2,74,2910,2910
protect,20,2,75,2890,2890
protect,20,2,76,2940,2940
protect,20,2,77,2930,2930
protect,20,2,78,3088,3088
protect,20,2,79,2934,2934
protect,20,2,80,2950,2950
protect,20,2,81,2898,2898
protect,20,2,82,2936,2936
protect,20,2,83,2924,2924
protect,20,2,84,2942,2942
protect,20,2,85,2944,2944
protect,20,2,86,2930,2930
protect,20,2,87,2904,2904
protect,20,2,88,2894,2894
protect,20,2,89,2916,2916
protect,20,2,90,2912,2912
protect,20,2,91,2964,2964
protect,20,2,92,2896,2896
protect,20,2,93,2882,2882
protect,20,2,94,2916,2916
protect,20,2,95,2904,2904
protect,20,2,96,2906,2906
protect,20,2,97,2924,2924
protect,20,2,98,2976,2976
protect,20,2,99,2892,2892
protect,20,2,100,2890,2890
protect,20,2,101,2914,2914
protect,20,2,102,2934,2934
protect,20,2,103,2936,2936
protect,20,2,104,2908,2908
protect,20,2,105,2920,2920
protect,20,2,106,2932,2932
protect,20,2,107,2934,2934
protect,20,2,108,2916,2916
protect,20,2,109,2906,2906
protect,20,2,110,2982,2982
protect,20,2,111,2932,2932
protect,20,2,112,2926,2926
protect,20,2,113,2910,2910
protect,20,2,114,2958,2958
protect,20,2,115,2898,2898
protect,20,2,116,2910,2910
protect,20,2,117,3026,3026
protect,20,2,118,2908,2908
protect,20,2,119,2916,2916
protect,20,2,120,2888,2888
protect,20,2,121,2916,2916
protect,20,2,122,2924,2924
protect,20,2,123,2902,2902
protect,20,2,124,2962,2962
protect,20,2,125,2934,2934
protect,20,2,126,2916,2916
protect,20,2,127,2912,2912
protect,20,2,128,2912,2912
protect,20,2,129,3150,3150
protect,20,2,130,2936,2936
protect,20,2,131,2906,2906
protect,20,2,132,2926,2926
protect,20,2,133,2886,2886
protect,20,2,134,2880,2880
protect,20,2,135,3034,3034
protect,20,2,136,3016,3016
protect,20,2,137,2968,2968
protect,20,2,138,2940,2940
protect,20,2,139,2894,2894
protect,20,2,140,2926,2926
protect,20,2,141,2954,2954
protect,20,2,142,2926,2926
protect,20,2,143,2948,2948
protect,20,2,144,2970,2970
protect,20,2,145,2958,2958
protect,20,2,146,2956,2956
protect,20,2,147,2930,2930
protect,20,2,148,2998,2998
protect,20,2,149,2946,2946
protect,20,2,150,2940,2940
protect,20,2,151,2908,2908
protect,20,2,152,2944,2944
protect,20,2,153,2922,2922
protect,20,2,154,2948,2948
protect,20,2,155,2922,2922
protect,20,2,156,2906,2906
protect,20,2,157,2904,2904
protect,20,2,158,2932,2932
protect,20,2,159,2926,2926
protect,20,2,160,2986,2986
protect,20,2,161,2942,2942
protect,20,2,162,2936,2936
protect,20,2,163,2920,2920
protect,20,2,164,2908,2908
protect,20,2,165,2902,2902
protect,20,2,166,2940,2940
protect,20,2,167,2910,2910
protect,20,2,168,2918,2918
protect,20,2,169,2894,2894
protect,20,2,170,2930,2930
protect,20,2,171,2892,2892
protect,20,2,172,2972,2972
protect,20,2,173,2948,2948
protect,20,2,174,2944,2944
protect,20,2,175,2936,2936
protect,20,2,176,2938,2938
protect,20,2,177,3012,3012
protect,20,2,178,2892,2892
protect,20,2,179,2912,2912
protect,20,2,180,2920,2920
protect,20,2,181,2916,2916
protect,20,2,182,2922,2922
protect,20,2,183,2928,2928
protect,20,2,184,2892,2892
protect,20,2,185,2922,2922
protect,20,2,186,2968,2968
protect,20,2,187,2916,2916
protect,20,2,188,2892,2892
protect,20,2,189,2916,2916
protect,20,2,190,2934,2934
protect,20,2,191,2900,2900
protect,20,2,192,2984,2984
protect,20,2,193,2926,2926
protect,20,2,194,2930,2930
protect,20,2,195,2918,2918
protect,20,2,196,2904,2904
protect,20,2,197,2926,2926
protect,20,2,198,2968,2968
protect,20,2,199,2914,2914
protect,20,2,200,2936,2936
protect,20,2,201,2888,2888
protect,20,2,202,2892,2892
protect,20,2,203,2910,2910
protect,20,2,204,2920,2920
protect,20,2,205,2964,2964
protect,20,2,206,2958,2958
protect,20,2,207,2928,2928
protect,20,2,208,2910,2910
protect,20,2,209,2948,2948
protect,20,2,210,2934,2934
protect,20,2,211,2950,2950
protect,20,2,212,2936,2936
protect,20,2,213,2910,2910
protect,20,2,214,2916,2916
protect,20,2,215,2896,2896
protect,20,2,216,3064,3064
protect,20,2,217,2908,2908
protect,20,2,218,2914,2914
protect,20,2,219,2896,2896
protect,20,2,220,2912,2912
protect,20,2,221,2912,2912
protect,20,2,222,2912,2912
protect,20,2,223,2900,2900
protect,20,2,224,2952,2952
protect,20,2,225,2930,2930
protect,20,2,226,2940,2940
protect,20,2,227,2906,2906
protect,20,2,228,2936,2936
protect,20,2,229,2896,2896
protect,20,2,230,2926,2926
protect,20,2,231,2970,2970
protect,20,2,232,2916,2916
protect,20,2,233,2908,2908
protect,20,2,234,2926,2926
protect,20,2,235,2910,2910
protect,20,2,236,2904,2904
protect,20,2,237,3000,3000
protect,20,2,238,2908,2908
protect,20,2,239,2890,2890
protect,20,2,240,2890,2890
protect,20,2,241,2906,2906
protect,20,2,242,2976,2976
protect,20,2,243,2916,2916
protect,20,2,244,2908,2908
protect,20,2,245,2912,2912
protect,20,2,246,2936,2936
protect,20,2,247,2910,2910
protect,20,2,248,2934,2934
protect,20,2,249,2924,2924
protect,20,2,250,2918,2918
protect,20,2,251,2916,2916
protect,20,2,252,2898,2898
protect,20,2,253,2986,2986
protect,20,2,254,2930,2930
protect,20,2,255,2898,2898
protect,20,2,256,2926,2926
protect,20,2,257,2914,2914
protect,20,2,258,2884,2884
protect,20,2,259,2912,2912
protect,20,2,260,2896,2896
protect,20,2,261,2994,2994
protect,20,2,262,2966,2966
protect,20,2,263,2940,2940
protect,20,2,264,2920,2920
protect,20,2,265,2934,2934
protect,20,2,266,2908,2908
protect,20,2,267,2912,2912
protect,20,2,268,2920,2920
protect,20,2,269,3016,3016
protect,20,2,270,2918,2918
protect,20,2,271,2984,2984
protect,20,2,272,2908,2908
protect,20,2,273,2994,2994
protect,20,2,274,2898,2898
protect,20,2,275,2914,2914
protect,20,2,276,2910,2910
protect,20,2,277,2976,2976
protect,20,2,278,2928,2928
protect,20,2,279,2904,2904
protect,20,2,280,3012,3012
protect,20,2,281,3022,3022
protect,20,2,282,2948,2948
protect,20,2,283,2906,2906
protect,20,2,284,2928,2928
protect,20,2,285,2944,2944
protect,20,2,286,2960,2960
protect,20,2,287,2884,2884
protect,20,2,288,2928,2928
protect,20,2,289,2898,2898
protect,20,2,290,2916,2916
protect,20,2,291,2906,2906
protect,20,2,292,2970,2970
protect,20,2,293,2898,2898
protect,20,2,294,2952,2952
protect,20,2,295,2904,2904
protect,20,2,296,2898,2898
protect,20,2,297,2940,2940
protect,20,2,298,2900,2900
protect,20,2,299,2894,2894
protect,20,2,300,2908,2908
protect,20,2,301,2968,2968
protect,20,2,302,2908,2908
protect,20,2,303,2942,2942
protect,20,2,304,2898,2898
protect,20,2,305,2984,2984
protect,20,2,306,2900,2900
protect,20,2,307,2910,2910
protect,20,2,308,2912,2912
protect,20,2,309,2906,2906
protect,20,2,310,2918,2918
protect,20,2,311,2914,2914
protect,20,2,312,2916,2916
protect,20,2,313,2902,2902
protect,20,2,314,2890,2890
protect,20,2,315,2984,2984
protect,20,2,316,2908,2908
protect,20,2,317,2948,2948
protect,20,2,318,2922,2922
protect,20,2,319,2990,2990
protect,20,2,320,2874,2874
protect,20,2,321,2892,2892
protect,20,2,322,2912,2912
protect,20,2,323,2956,2956
protect,20,2,324,2956,2956
protect,20,2,325,2916,2916
protect,20,2,326,2934,2934
protect,20,2,327,2914,2914
protect,20,2,328,2920,2920
protect,20,2,329,2916,2916
protect,20,2,330,3020,3020
protect,20,2,331,2930,2930
protect,20,2,332,2928,2928
protect,20,2,333,2872,2872
protect,20,2,334,2896,2896
protect,20,2,335,2934,2934
protect,20,2,336,2982,2982
protect,20,2,337,2908,2908
protect,20,2,338,2958,2958
protect,20,2,339,2912,2912
protect,20,2,340,2872,2872
protect,20,2,341,2924,2924
protect,20,2,342,2914,2914
protect,20,2,343,2962,2962
protect,20,2,344,2922,2922
protect,20,2,345,2926,2926
protect,20,2,346,2992,2992
protect,20,2,347,2952,2952
protect,20,2,348,2938,2938
protect,20,2,349,2906,2906
protect,20,2,350,2980,2980
protect,20,2,351,2912,2912
protect,20,2,352,2900,2900
protect,20,2,353,2930,2930
protect,20,2,354,2888,2888
protect,20,2,355,2962,2962
protect,20,2,356,2916,2916
protect,20,2,357,2970,2970
protect,20,2,358,2944,2944
protect,20,2,359,2920,2920
protect,20,2,360,2898,2898
protect,20,2,361,2890,2890
protect,20,2,362,2974,2974
protect,20,2,363,2920,2920
protect,20,2,364,2908,2908
protect,20,2,365,2942,2942
protect,20,2,366,2940,2940
protect,20,2,367,2916,2916
protect,20,2,368,2920,2920
protect,20,2,369,2918,2918
protect,20,2,370,2910,2910
protect,20,2,371,2976,2976
protect,20,2,372,2914,2914
protect,20,2,373,2904,2904
protect,20,2,374,2920,2920
protect,20,2,375,2934,2934
protect,20,2,376,2898,2898
protect,20,2,377,2894,2894
protect,20,2,378,2954,2954
protect,20,2,379,2884,2884
protect,20,2,380,2898,2898
protect,20,2,381,2964,2964
protect,20,2,382,2920,2920
protect,20,2,383,2896,2896
protect,20,2,384,2902,2902
protect,20,2,385,2938,2938
protect,20,2,386,2924,2924
protect,20,2,387,3050,3050
protect,20,2,388,2922,2922
protect,20,2,389,2900,2900
protect,20,2,390,2892,2892
protect,20,2,391,2928,2928
protect,20,2,392,2906,2906
protect,20,2,393,2876,2876
protect,20,2,394,2906,2906
protect,20,2,395,2908,2908
protect,20,2,396,2894,2894
protect,20,2,397,2892,2892
protect,20,2,398,2898,2898
protect,20,2,399,2918,2918
protect,20,2,400,2906,2906
verify,20,2,1,2938,2938
verify,20,2,2,3024,3024
verify,20,2,3,3032,3032
verify,20,2,4,2966,2966
verify,20,2,5,2970,2970
verify,20,2,6,2962,2962
verify,20,2,7,2928,2928
verify,20,2,8,2920,2920
verify,20,2,9,2966,2966
verify,20,2,10,2934,2934
verify,20,2,11,2956,2956
verify,20,2,12,3024,3024
verify,20,2,13,2932,2932
verify,20,2,14,2934,2934
verify,20,2,15,2944,2944
verify,20,2,16,2926,2926
verify,20,2,17,2972,2972
verify,20,2,18,2920,2920
verify,20,2,19,2928,2928
verify,20,2,20,2928,2928
verify,20,2,21,2934,2934
verify,20,2,22,2928,2928
verify,20,2,23,2920,2920
verify,20,2,24,2928,2928
verify,20,2,25,3014,3014
verify,20,2,26,2944,2944
verify,20,2,27,2930,2930
verify,20,2,28,2938,2938
verify,20,2,29,2928,2928
verify,20,2,30,2950,2950
verify,20,2,31,2918,2918
verify,20,2,32,2934,2934
verify,20,2,33,2922,2922
verify,20,2,34,2944,2944
verify,20,2,35,2936,2936
verify,20,2,36,3064,3064
verify,20,2,37,2936,2936
verify,20,2,38,2986,2986
verify,20,2,39,2948,2948
verify,20,2,40,2962,2962
verify,20,2,41,2926,2926
verify,20,2,42,2930,2930
verify,20,2,43,2906,2906
verify,20,2,44,2940,2940
verify,20,2,45,2980,2980
verify,20,2,46,2926,2926
verify,20,2,47,2958,2958
verify,20,2,48,2950,2950
verify,20,2,49,3042,3042
verify,20,2,50,2932,2932
verify,20,2,51,2958,2958
verify,20,2,52,2944,2944
verify,20,2,53,3008,3008
verify,20,2,54,2948,2948
verify,20,2,55,2950,2950
verify,20,2,56,2920,2920
verify,20,2,57,2940,2940
verify,20,2,58,2932,2932
verify,20,2,59,2926,2926
verify,20,2,60,2926,2926
verify,20,2,61,2912,2912
verify,20,2,62,2924,2924
verify,20,2,63,2898,2898
verify,20,2,64,2944,2944
verify,20,2,65,2930,2930
verify,20,2,66,2996,2996
verify,20,2,67,2948,2948
verify,20,2,68,2944,2944
verify,20,2,69,2950,2950
verify,20,2,70,2934,2934
verify,20,2,71,2960,2960
verify,20,2,72,2938,2938
verify,20,2,73,3002,3002
verify,20,2,74,2950,2950
verify,20,2,75,2928,2928
verify,20,2,76,2942,2942
verify,20,2,77,2950,2950
verify,20,2,78,2910,2910
verify,20,2,79,2926,2926
verify,20,2,80,3086,3086
verify,20,2,81,2946,2946
verify,20,2,82,2924,2924
verify,20,2,83,2922,2922
verify,20,2,84,2930,2930
verify,20,2,85,2930,2930
verify,20,2,86,2952,2952
verify,20,2,87,2948,2948
verify,20,2,88,2934,2934
verify,20,2,89,2956,2956
verify,20,2,90,2956,2956
verify,20,2,91,2926,2926
verify,20,2,92,2930,2930
verify,20,2,93,2944,2944
verify,20,2,94,2934,2934
verify,20,2,95,2978,2978
verify,20,2,96,2936,2936
verify,20,2,97,2928,2928
verify,20,2,98,2984,2984
verify,20,2,99,2930,2930
verify,20,2,100,2930,2930
verify,20,2,101,2948,2948
verify,20,2,102,2932,2932
verify,20,2,103,2918,2918
verify,20,2,104,2924,2924
verify,20,2,105,2926,2926
verify,20,2,106,2974,2974
verify,20,2,107,2958,2958
verify,20,2,108,2996,2996
verify,20,2,109,2924,2924
verify,20,2,110,2942,2942
verify,20,2,111,2958,2958
verify,20,2,112,2954,2954
verify,20,2,113,2938,2938
verify,20,2,114,2920,2920
verify,20,2,115,2932,2932
verify,20,2,116,2956,2956
verify,20,2,117,2964,2964
verify,20,2,118,2980,2980
verify,20,2,119,2950,2950
verify,20,2,120,2952,2952
verify,20,2,121,2916,2916
verify,20,2,122,3000,3000
verify,20,2,123,2944,2944
verify,20,2,124,2924,2924
verify,20,2,125,2964,2964
verify,20,2,126,2954,2954
verify,20,2,127,2924,2924
verify,20,2,128,2924,2924
verify,20,2,129,2926,2926
verify,20,2,130,2932,2932
verify,20,2,131,2954,2954
verify,20,2,132,2942,2942
verify,20,2,133,2936,2936
verify,20,2,134,2940,2940
verify,20,2,135,2922,2922
verify,20,2,136,2940,2940
verify,20,2,137,2952,2952
verify,20,2,138,2990,2990
verify,20,2,139,2914,2914
verify,20,2,140,2916,2916
verify,20,2,141,2940,2940
verify,20,2,142,2932,2932
verify,20,2,143,2934,2934
verify,20,2,144,2924,2924
verify,20,2,145,2902,2902
verify,20,2,146,2942,2942
verify,20,2,147,2930,2930
verify,20,2,148,2912,2912
verify,20,2,149,2930,2930
verify,20,2,150,2996,2996
verify,20,2,151,2954,2954
verify,20,2,152,2942,2942
verify,20,2,153,2928,2928
verify,20,2,154,2946,2946
verify,20,2,155,2934,2934
verify,20,2,156,2998,2998
verify,20,2,157,2940,2940
verify,20,2,158,3018,3018
verify,20,2,159,2944,2944
verify,20,2,160,2916,2916
verify,20,2,161,2938,2938
verify,20,2,162,2924,2924
verify,20,2,163,2950,2950
verify,20,2,164,2930,2930
verify,20,2,165,2930,2930
verify,20,2,166,2942,2942
verify,20,2,167,2972,2972
verify,20,2,168,2892,2892
verify,20,2,169,3000,3000
verify,20,2,170,2916,2916
verify,20,2,171,2954,2954
verify,20,2,172,2950,2950
verify,20,2,173,2924,2924
verify,20,2,174,2932,2932
verify,20,2,175,2978,2978
verify,20,2,176,2938,2938
verify,20,2,177,2914,2914
verify,20,2,178,2928,2928
verify,20,2,179,3028,3028
verify,20,2,180,2942,2942
verify,20,2,181,2904,2904
verify,20,2,182,2986,2986
verify,20,2,183,2918,2918
verify,20,2,184,2904,2904
verify,20,2,185,2916,2916
verify,20,2,186,2902,2902
verify,20,2,187,2944,2944
verify,20,2,188,2930,2930
verify,20,2,189,2916,2916
verify,20,2,190,2916,2916
verify,20,2,191,2966,2966
verify,20,2,192,2938,2938
verify,20,2,193,2954,2954
verify,20,2,194,2922,2922
verify,20,2,195,2926,2926
verify,20,2,196,3000,3000
verify,20,2,197,2950,2950
verify,20,2,198,2932,2932
verify,20,2,199,2952,2952
verify,20,2,200,2940,2940
verify,20,2,201,2924,2924
verify,20,2,202,2940,2940
verify,20,2,203,2900,2900
verify,20,2,204,2944,2944
verify,20,2,205,2908,2908
verify,20,2,206,2932,2932
verify,20,2,207,2928,2928
verify,20,2,208,2922,2922
verify,20,2,209,2976,2976
verify,20,2,210,2946,2946
verify,20,2,211,2928,2928
verify,20,2,212,2944,2944
verify,20,2,213,2926,2926
verify,20,2,214,2926,2926
verify,20,2,215,2924,2924
verify,20,2,216,2936,2936
verify,20,2,217,2936,2936
verify,20,2,218,2904,2904
verify,20,2,219,2930,2930
verify,20,2,220,2938,2938
verify,20,2,221,2906,2906
verify,20,2,222,2922,2922
verify,20,2,223,3044,3044
verify,20,2,224,2958,2958
verify,20,2,225,2922,2922
verify,20,2,226,2940,2940
verify,20,2,227,2938,2938
verify,20,2,228,2972,2972
verify,20,2,229,2958,2958
verify,20,2,230,2928,2928
verify,20,2,231,2998,2998
verify,20,2,232,2968,2968
verify,20,2,233,2938,2938
verify,20,2,234,2928,2928
verify,20,2,235,2932,2932
verify,20,2,236,2940,2940
verify,20,2,237,2892,2892
verify,20,2,238,2998,2998
verify,20,2,239,2920,2920
verify,20,2,240,2932,2932
verify,20,2,241,2944,2944
verify,20,2,242,2928,2928
verify,20,2,243,2940,2940
verify,20,2,244,2916,2916
verify,20,2,245,2930,2930
verify,20,2,246,2932,2932
verify,20,2,247,2920,2920
verify,20,2,248,2916,2916
verify,20,2,249,2982,2982
verify,20,2,250,2962,2962
verify,20,2,251,2948,2948
verify,20,2,252,2946,2946
verify,20,2,253,2950,2950
verify,20,2,254,2960,2960
verify,20,2,255,2910,2910
verify,20,2,256,2940,2940
verify,20,2,257,2956,2956
verify,20,2,258,2942,2942
verify,20,2,259,2992,2992
verify,20,2,260,2934,2934
verify,20,2,261,2950,2950
verify,20,2,262,2930,2930
verify,20,2,263,2932,2932
verify,20,2,264,2990,2990
verify,20,2,265,2948,2948
verify,20,2,266,2942,2942
verify,20,2,267,2918,2918
verify,20,2,268,2934,2934
verify,20,2,269,2982,2982
verify,20,2,270,2920,2920
verify,20,2,271,2932,2932
verify,20,2,272,2944,2944
verify,20,2,273,2904,2904
verify,20,2,274,2930,2930
verify,20,2,275,2938,2938
verify,20,2,276,2926,2926
verify,20,2,277,2940,2940
verify,20,2,278,2938,2938
verify,20,2,279,2912,2912
verify,20,2,280,2944,2944
verify,20,2,281,2952,2952
verify,20,2,282,2928,2928
verify,20,2,283,2924,2924
verify,20,2,284,2958,2958
verify,20,2,285,2932,2932
verify,20,2,286,2940,2940
verify,20,2,287,2950,2950
verify,20,2,288,2916,2916
verify,20,2,289,2924,2924
verify,20,2,290,3050,3050
verify,20,2,291,2932,2932
verify,20,2,292,2956,2956
verify,20,2,293,2940,2940
verify,20,2,294,2926,2926
verify,20,2,295,2952,2952
verify,20,2,296,2930,2930
verify,20,2,297,2988,2988
verify,20,2,298,2996,2996
verify,20,2,299,2970,2970
verify,20,2,300,2922,2922
verify,20,2,301,2946,2946
verify,20,2,302,2924,2924
verify,20,2,303,2902,2902
verify,20,2,304,2930,2930
verify,20,2,305,2902,2902
verify,20,2,306,2994,2994
verify,20,2,307,2924,2924
verify,20,2,308,2938,2938
verify,20,2,309,2926,2926
verify,20,2,310,2916,2916
verify,20,2,311,2998,2998
verify,20,2,312,2916,2916
verify,20,2,313,2940,2940
verify,20,2,314,2956,2956
verify,20,2,315,2944,2944
verify,20,2,316,2946,2946
verify,20,2,317,2970,2970
verify,20,2,318,2918,2918
verify,20,2,319,2932,2932
verify,20,2,320,2950,2950
verify,20,2,321,2924,2924
verify,20,2,322,2916,2916
verify,20,2,323,2946,2946
verify,20,2,324,2936,2936
verify,20,2,325,2954,2954
verify,20,2,326,2920,2920
verify,20,2,327,2922,2922
verify,20,2,328,2950,2950
verify,20,2,329,2950,2950
verify,20,2,330,2922,2922
verify,20,2,331,2908,2908
verify,20,2,332,3054,3054
verify,20,2,333,2914,2914
verify,20,2,334,2974,2974
verify,20,2,335,2956,2956
verify,20,2,336,2922,2922
verify,20,2,337,2936,2936
verify,20,2,338,3048,3048
verify,20,2,339,2956,2956
verify,20,2,340,2954,2954
verify,20,2,341,2914,2914
verify,20,2,342,2978,2978
verify,20,2,343,2934,2934
verify,20,2,344,2998,2998
verify,20,2,345,2966,2966
verify,20,2,346,2946,2946
verify,20,2,347,2974,2974
verify,20,2,348,2952,2952
verify,20,2,349,2936,2936
verify,20,2,350,2904,2904
verify,20,2,351,2944,2944
verify,20,2,352,2920,2920
verify,20,2,353,3062,3062
verify,20,2,354,2970,2970
verify,20,2,355,2964,2964
verify,20,2,356,2930,2930
verify,20,2,357,2910,2910
verify,20,2,358,2942,2942
verify,20,2,359,2940,2940
verify,20,2,360,2978,2978
verify,20,2,361,2952,2952
verify,20,2,362,2954,2954
verify,20,2,363,2936,2936
verify,20,2,364,2952,2952
verify,20,2,365,2956,2956
verify,20,2,366,2908,2908
verify,20,2,367,2954,2954
verify,20,2,368,2970,2970
verify,20,2,369,2918,2918
verify,20,2,370,2934,2934
verify,20,2,371,2920,2920
verify,20,2,372,2950,2950
verify,20,2,373,2990,2990
verify,20,2,374,2952,2952
verify,20,2,375,2934,2934
verify,20,2,376,2922,2922
verify,20,2,377,2926,2926
verify,20,2,378,2966,2966
verify,20,2,379,2946,2946
verify,20,2,380,2940,2940
verify,20,2,381,2932,2932
verify,20,2,382,2920,2920
verify,20,2,383,2914,2914
verify,20,2,384,2954,2954
verify,20,2,385,2904,2904
verify,20,2,386,2928,2928
verify,20,2,387,2922,2922
verify,20,2,388,2904,2904
verify,20,2,389,2904,2904
verify,20,2,390,2900,2900
verify,20,2,391,2918,2918
verify,20,2,392,2960,2960
verify,20,2,393,2920,2920
verify,20,2,394,2910,2910
verify,20,2,395,2956,2956
verify,20,2,396,2930,2930
verify,20,2,397,2944,2944
verify,20,2,398,2916,2916
verify,20,2,399,2944,2944
verify,20,2,400,2970,2970
protect,36,3,1,3916,3916
protect,36,3,2,3860,3860
protect,36,3,3,3918,3918
protect,36,3,4,3868,3868
protect,36,3,5,3874,3874
protect,36,3,6,3884,3884
protect,36,3,7,3858,3858
protect,36,3,8,3868,3868
protect,36,3,9,3966,3966
protect,36,3,10,3904,3904
protect,36,3,11,3884,3884
protect,36,3,12,3860,3860
protect,36,3,13,3878,3878
protect,36,3,14,3858,3858
protect,36,3,15,3912,3912
protect,36,3,16,3860,3860
protect,36,3,17,3940,3940
protect,36,3,18,3870,3870
protect,36,3,19,3900,3900
protect,36,3,20,3876,3876
protect,36,3,21,3858,3858
protect,36,3,22,3852,3852
protect,36,3,23,3858,3858
protect,36,3,24,3854,3854
protect,36,3,25,3866,3866
protect,36,3,26,3864,3864
protect,36,3,27,3904,3904
protect,36,3,28,3836,3836
protect,36,3,29,3886,3886
protect,36,3,30,3886,3886
protect,36,3,31,3868,3868
protect,36,3,32,3858,3858
protect,36,3,33,3842,3842
protect,36,3,34,3888,3888
protect,36,3,35,3872,3872
protect,36,3,36,3860,3860
protect,36,3,37,3854,3854
protect,36,3,38,3904,3904
protect,36,3,39,3844,3844
protect,36,3,40,3856,3856
protect,36,3,41,3972,3972
protect,36,3,42,3886,3886
protect,36,3,43,3884,3884
protect,36,3,44,3998,3998
protect,36,3,45,3876,3876
protect,36,3,46,3874,3874
protect,36,3,47,3874,3874
protect,36,3,48,3988,3988
protect,36,3,49,3900,3900
protect,36,3,50,3972,3972
protect,36,3,51,3878,3878
protect,36,3,52,3856,3856
protect,36,3,53,3842,3842
protect,36,3,54,3936,3936
protect,36,3,55,3910,3910
protect,36,3,56,3852,3852
protect,36,3,57,3974,3974
protect,36,3,58,3882,3882
protect,36,3,59,3908,3908
protect,36,3,60,3946,3946
protect,36,3,61,3912,3912
protect,36,3,62,3886,3886
protect,36,3,63,3898,3898
protect,36,3,64,3868,3868
protect,36,3,65,3850,3850
protect,36,3,66,3892,3892
protect,36,3,67,3854,3854
protect,36,3,68,3848,3848
protect,36,3,69,3864,3864
protect,36,3,70,3854,3854
protect,36,3,71,3866,3866
protect,36,3,72,3884,3884
protect,36,3,73,3858,3858
protect,36,3,74,3866,3866
protect,36,3,75,3862,3862
protect,36,3,76,3856,3856
protect,36,3,77,3876,3876
protect,36,3,78,3844,3844
protect,36,3,79,3858,3858
protect,36,3,80,3846,3846
protect,36,3,81,3864,3864
protect,36,3,82,3902,3902
protect,36,3,83,3884,3884
protect,36,3,84,3840,3840
protect,36,3,85,3836,3836
protect,36,3,86,3864,3864
protect,36,3,87,3858,3858
protect,36,3,88,3918,3918
protect,36,3,89,3886,3886
protect,36,3,90,3840,3840
protect,36,3,91,3870,3870
protect,36,3,92,3970,3970
protect,36,3,93,3986,3986
protect,36,3,94,3848,3848
protect,36,3,95,3870,3870
protect,36,3,96,3946,3946
protect,36,3,97,3836,3836
protect,36,3,98,3826,3826
protect,36,3,99,3826,3826
protect,36,3,100,3928,3928
protect,36,3,101,3862,3862
protect,36,3,102,3866,3866
protect,36,3,103,3942,3942
protect,36,3,104,3854,3854
protect,36,3,105,3826,3826
protect,36,3,106,3910,3910
protect,36,3,107,3940,3940
protect,36,3,108,3864,3864
protect,36,3,109,3826,3826
protect,36,3,110,3910,3910
protect,36,3,111,3922,3922
protect,36,3,112,3884,3884
protect,36,3,113,3828,3828
protect,36,3,114,3862,3862
protect,36,3,115,3828,3828
protect,36,3,116,3864,3864
protect,36,3,117,3872,3872
protect,36,3,118,3962,3962
protect,36,3,119,3906,3906
protect,36,3,120,3860,3860
protect,36,3,121,3868,3868
protect,36,3,122,3876,3876
protect,36,3,123,3834,3834
protect,36,3,124,3874,3874
protect,36,3,125,3862,3862
protect,36,3,126,3862,3862
protect,36,3,127,3814,3814
protect,36,3,128,3858,3858
protect,36,3,129,3842,3842
protect,36,3,130,3964,3964
protect,36,3,131,3832,3832
protect,36,3,132,3844,3844
protect,36,3,133,3954,3954
protect,36,3,134,3888,3888
protect,36,3,135,3864,3864
protect,36,3,136,3880,3880
protect,36,3,137,3932,3932
protect,36,3,138,3836,3836
protect,36,3,139,3836,3836
protect,36,3,140,3848,3848
protect,36,3,141,3826,3826
protect,36,3,142,3976,3976
protect,36,3,143,3852,3852
protect,36,3,144,3846,3846
protect,36,3,145,3868,3868
protect,36,3,146,3858,3858
protect,36,3,147,3942,3942
protect,36,3,148,3868,3868
protect,36,3,149,3886,3886
protect,36,3,150,3884,3884
protect,36,3,151,3928,3928
protect,36,3,152,3828,3828
protect,36,3,153,3870,3870
protect,36,3,154,3976,3976
protect,36,3,155,3856,3856
protect,36,3,156,3852,3852
protect,36,3,157,3870,3870
protect,36,3,158,3828,3828
protect,36,3,159,3874,3874
protect,36,3,160,3866,3866
protect,36,3,161,3838,3838
protect,36,3,162,3860,3860
protect,36,3,163,3908,3908
protect,36,3,164,3830,3830
protect,36,3,165,3830,3830
protect,36,3,166,3838,3838
protect,36,3,167,3876,3876
protect,36,3,168,3878,3878
protect,36,3,169,3968,3968
protect,36,3,170,3844,3844
protect,36,3,171,3882,3882
protect,36,3,172,3874,3874
protect,36,3,173,3860,3860
protect,36,3,174,3838,3838
protect,36,3,175,3860,3860
protect,36,3,176,3858,3858
protect,36,3,177,3898,3898
protect,36,3,178,3844,3844
protect,36,3,179,3844,3844
protect,36,3,180,3900,3900
protect,36,3,181,3872,3872
protect,36,3,182,3882,3882
protect,36,3,183,3960,3960
protect,36,3,184,3968,3968
protect,36,3,185,3856,3856
protect,36,3,186,3966,3966
protect,36,3,187,3870,3870
protect,36,3,188,3862,3862
protect,36,3,189,3870,3870
protect,36,3,190,3864,3864
protect,36,3,191,3970,3970
protect,36,3,192,3848,3848
protect,36,3,193,3876,3876
protect,36,3,194,3858,3858
protect,36,3,195,3896,3896
protect,36,3,196,3848,3848
protect,36,3,197,3866,3866
protect,36,3,198,3868,3868
protect,36,3,199,3940,3940
protect,36,3,200,3958,3958
protect,36,3,201,3920,3920
protect,36,3,202,3880,3880
protect,36,3,203,3876,3876
protect,36,3,204,3872,3872
protect,36,3,205,3886,3886
protect,36,3,206,3904,3904
protect,36,3,207,3856,3856
protect,36,3,208,3894,3894
protect,36,3,209,3836,3836
protect,36,3,210,3948,3948
protect,36,3,211,3860,3860
protect,36,3,212,3868,3868
protect,36,3,213,3854,3854
protect,36,3,214,3840,3840
protect,36,3,215,3854,3854
protect,36,3,216,3914,3914
protect,36,3,217,3890,3890
protect,36,3,218,3868,3868
protect,36,3,219,3854,3854
protect,36,3,220,3834,3834
protect,36,3,221,3870,3870
protect,36,3,222,3834,3834
protect,36,3,223,3854,3854
protect,36,3,224,3832,3832
protect,36,3,225,3874,3874
protect,36,3,226,3868,3868
protect,36,3,227,3830,3830
protect,36,3,228,3850,3850
protect,36,3,229,3846,3846
protect,36,3,230,3864,3864
protect,36,3,231,3852,3852
protect,36,3,232,3882,3882
protect,36,3,233,3864,3864
protect,36,3,234,3866,3866
protect,36,3,235,3848,3848
protect,36,3,236,3866,3866
protect,36,3,237,3902,3902
protect,36,3,238,3828,3828
protect,36,3,239,3874,3874
protect,36,3,240,3850,3850
protect,36,3,241,3834,3834
protect,36,3,242,3850,3850
protect,36,3,243,3826,3826
protect,36,3,244,3842,3842
protect,36,3,245,3920,3920
protect,36,3,246,3816,3816
protect,36,3,247,3896,3896
protect,36,3,248,3848,3848
protect,36,3,249,3850,3850
protect,36,3,250,3936,3936
protect,36,3,251,3854,3854
protect,36,3,252,3836,3836
protect,36,3,253,3926,3926
protect,36,3,254,3840,3840
protect,36,3,255,3892,3892
protect,36,3,256,3898,3898
protect,36,3,257,3884,3884
protect,36,3,258,3874,3874
protect,36,3,259,3852,3852
protect,36,3,260,3830,3830
protect,36,3,261,3862,3862
protect,36,3,262,3908,3908
protect,36,3,263,3888,3888
protect,36,3,264,3880,3880
protect,36,3,265,3892,3892
protect,36,3,266,3934,3934
protect,36,3,267,3860,3860
protect,36,3,268,3848,3848
protect,36,3,269,3878,3878
protect,36,3,270,3868,3868
protect,36,3,271,3846,3846
protect,36,3,272,3842,3842
protect,36,3,273,3876,3876
protect,36,3,274,3848,3848
protect,36,3,275,3924,3924
protect,36,3,276,3862,3862
protect,36,3,277,3854,3854
protect,36,3,278,3882,3882
protect,36,3,279,3896,3896
protect,36,3,280,3876,3876
protect,36,3,281,3872,3872
protect,36,3,282,3868,3868
protect,36,3,283,3878,3878
protect,36,3,284,3846,3846
protect,36,3,285,3870,3870
protect,36,3,286,3864,3864
protect,36,3,287,3892,3892
protect,36,3,288,3902,3902
protect,36,3,289,3856,3856
protect,36,3,290,3892,3892
protect,36,3,291,3860,3860
protect,36,3,292,3878,3878
protect,36,3,293,3860,3860
protect,36,3,294,3852,3852
protect,36,3,295,3870,3870
protect,36,3,296,3860,3860
protect,36,3,297,3906,3906
protect,36,3,298,3942,3942
protect,36,3,299,3870,3870
protect,36,3,300,3842,3842
protect,36,3,301,3908,3908
protect,36,3,302,3866,3866
protect,36,3,303,3904,3904
protect,36,3,304,3848,3848
protect,36,3,305,3880,3880
protect,36,3,306,3836,3836
protect,36,3,307,3858,3858
protect,36,3,308,3836,3836
protect,36,3,309,3870,3870
protect,36,3,310,3858,3858
protect,36,3,311,3860,3860
protect,36,3,312,3874,3874
protect,36,3,313,3900,3900
protect,36,3,314,3874,3874
protect,36,3,315,3878,3878
protect,36,3,316,3926,3926
protect,36,3,317,3870,3870
protect,36,3,318,3876,3876
protect,36,3,319,3872,3872
protect,36,3,320,3856,3856
protect,36,3,321,3910,3910
protect,36,3,322,3844,3844
protect,36,3,323,3894,3894
protect,36,3,324,3910,3910
protect,36,3,325,3862,3862
protect,36,3,326,3864,3864
protect,36,3,327,3900,3900
protect,36,3,328,3874,3874
protect,36,3,329,3854,3854
protect,36,3,330,3862,3862
protect,36,3,331,3854,3854
protect,36,3,332,3840,3840
protect,36,3,333,3852,3852
protect,36,3,334,3848,3848
protect,36,3,335,3878,3878
protect,36,3,336,3880,3880
protect,36,3,337,3872,3872
protect,36,3,338,3834,3834
protect,36,3,339,3902,3902
protect,36,3,340,3922,3922
protect,36,3,341,3864,3864
protect,36,3,342,3866,3866
protect,36,3,343,3876,3876
protect,36,3,344,3864,3864
protect,36,3,345,3852,3852
protect,36,3,346,3848,3848
protect,36,3,347,3934,3934
protect,36,3,348,3878,3878
protect,36,3,349,3852,3852
protect,36,3,350,3842,3842
protect,36,3,351,3902,3902
protect,36,3,352,3872,3872
protect,36,3,353,3848,3848
protect,36,3,354,3874,3874
protect,36,3,355,3850,3850
protect,36,3,356,3856,3856
protect,36,3,357,3922,3922
protect,36,3,358,3856,3856
protect,36,3,359,3840,3840
protect,36,3,360,3864,3864
protect,36,3,361,3886,3886
protect,36,3,362,3854,3854
protect,36,3,363,3884,3884
protect,36,3,364,3858,3858
protect,36,3,365,3856,3856
protect,36,3,366,3822,3822
protect,36,3,367,3848,3848
protect,36,3,368,3838,3838
protect,36,3,369,3902,3902
protect,36,3,370,3910,3910
protect,36,3,371,3844,3844
protect,36,3,372,3854,3854
protect,36,3,373,3874,3874
protect,36,3,374,3864,3864
protect,36,3,375,3858,3858
protect,36,3,376,3936,3936
protect,36,3,377,3870,3870
protect,36,3,378,3894,3894
protect,36,3,379,3880,3880
protect,36,3,380,3856,3856
protect,36,3,381,3878,3878
protect,36,3,382,3916,3916
protect,36,3,383,3842,3842
protect,36,3,384,3858,3858
protect,36,3,385,3892,3892
protect,36,3,386,3866,3866
protect,36,3,387,3842,3842
protect,36,3,388,3840,3840
protect,36,3,389,3836,3836
protect,36,3,390,3834,3834
protect,36,3,391,3850,3850
protect,36,3,392,3878,3878
protect,36,3,393,3948,3948
protect,36,3,394,3866,3866
protect,36,3,395,3834,3834
protect,36,3,396,3968,3968
protect,36,3,397,3872,3872
protect,36,3,398,3882,3882
protect,36,3,399,3850,3850
protect,36,3,400,3912,3912
verify,36,3,1,4650,4650
verify,36,3,2,4934,4934
verify,36,3,3,5250,5250
verify,36,3,4,5844,5844
verify,36,3,5,5294,5294
verify,36,3,6,5296,5296
verify,36,3,7,5142,5142
verify,36,3,8,5142,5142
verify,36,3,9,5072,5072
verify,36,3,10,3854,3854
verify,36,3,11,3912,3912
verify,36,3,12,3858,3858
verify,36,3,13,3848,3848
verify,36,3,14,3934,3934
verify,36,3,15,4016,4016
verify,36,3,16,3890,3890
verify,36,3,17,3888,3888
verify,36,3,18,3890,3890
verify,36,3,19,3856,3856
verify,36,3,20,3864,3864
verify,36,3,21,3870,3870
verify,36,3,22,3888,3888
verify,36,3,23,3938,3938
verify,36,3,24,3922,3922
verify,36,3,25,3838,3838
verify,36,3,26,3870,3870
verify,36,3,27,3862,3862
verify,36,3,28,3874,3874
verify,36,3,29,3848,3848
verify,36,3,30,3902,3902
verify,36,3,31,3946,3946
verify,36,3,32,3866,3866
verify,36,3,33,3850,3850
verify,36,3,34,3872,3872
verify,36,3,35,3944,3944
verify,36,3,36,3878,3878
verify,36,3,37,3850,3850
verify,36,3,38,3962,3962
verify,36,3,39,3878,3878
verify,36,3,40,3882,3882
verify,36,3,41,3870,3870
verify,36,3,42,3864,3864
verify,36,3,43,3918,3918
verify,36,3,44,3864,3864
verify,36,3,45,3848,3848
verify,36,3,46,3912,3912
verify,36,3,47,3936,3936
verify,36,3,48,3842,3842
verify,36,3,49,3884,3884
verify,36,3,50,3854,3854
verify,36,3,51,3864,3864
verify,36,3,52,3860,3860
verify,36,3,53,3918,3918
verify,36,3,54,3882,3882
verify,36,3,55,3872,3872
verify,36,3,56,3878,3878
verify,36,3,57,3932,3932
verify,36,3,58,3858,3858
verify,36,3,59,3906,3906
verify,36,3,60,3896,3896
verify,36,3,61,3820,3820
verify,36,3,62,3842,3842
verify,36,3,63,3862,3862
verify,36,3,64,3900,3900
verify,36,3,65,3914,3914
verify,36,3,66,3834,3834
verify,36,3,67,3884,3884
verify,36,3,68,3870,3870
verify,36,3,69,3954,3954
verify,36,3,70,3898,3898
verify,36,3,71,3866,3866
verify,36,3,72,3866,3866
verify,36,3,73,3836,3836
verify,36,3,74,3860,3860
verify,36,3,75,3852,3852
verify,36,3,76,3856,3856
verify,36,3,77,3848,3848
verify,36,3,78,3884,3884
verify,36,3,79,3852,3852
verify,36,3,80,3888,3888
verify,36,3,81,3880,3880
verify,36,3,82,3844,3844
verify,36,3,83,3854,3854
verify,36,3,84,3874,3874
verify,36,3,85,3890,3890
verify,36,3,86,3890,3890
verify,36,3,87,3922,3922
verify,36,3,88,3870,3870
verify,36,3,89,3972,3972
verify,36,3,90,3876,3876
verify,36,3,91,3962,3962
verify,36,3,92,3860,3860
verify,36,3,93,3884,3884
verify,36,3,94,3948,3948
verify,36,3,95,3882,3882
verify,36,3,96,3854,3854
verify,36,3,97,3888,3888
verify,36,3,98,3874,3874
verify,36,3,99,4012,4012
verify,36,3,100,3894,3894
verify,36,3,101,4014,4014
verify,36,3,102,3894,3894
verify,36,3,103,3880,3880
verify,36,3,104,3866,3866
verify,36,3,105,3876,3876
verify,36,3,106,3860,3860
verify,36,3,107,3870,3870
verify,36,3,108,3850,3850
verify,36,3,109,3922,3922
verify,36,3,110,3864,3864
verify,36,3,111,3852,3852
verify,36,3,112,3866,3866
verify,36,3,113,3922,3922
verify,36,3,114,3850,3850
verify,36,3,115,3848,3848
verify,36,3,116,3904,3904
verify,36,3,117,3868,3868
verify,36,3,118,3870,3870
verify,36,3,119,3910,3910
verify,36,3,120,3866,3866
verify,36,3,121,3876,3876
verify,36,3,122,3844,3844
verify,36,3,123,3912,3912
verify,36,3,124,3914,3914
verify,36,3,125,3874,3874
verify,36,3,126,3888,3888
verify,36,3,127,10302,10302
verify,36,3,128,3900,3900
verify,36,3,129,3866,3866
verify,36,3,130,3928,3928
verify,36,3,131,3876,3876
verify,36,3,132,3890,3890
verify,36,3,133,3836,3836
verify,36,3,134,3860,3860
verify,36,3,135,3916,3916
verify,36,3,136,3910,3910
verify,36,3,137,3858,3858
verify,36,3,138,3846,3846
verify,36,3,139,3864,3864
verify,36,3,140,3852,3852
verify,36,3,141,3852,3852
verify,36,3,142,3884,3884
verify,36,3,143,3936,3936
verify,36,3,144,3868,3868
verify,36,3,145,3880,3880
verify,36,3,146,3880,3880
verify,36,3,147,3896,3896
verify,36,3,148,3856,3856
verify,36,3,149,3918,3918
verify,36,3,150,3888,3888
verify,36,3,151,3868,3868
verify,36,3,152,3858,3858
verify,36,3,153,3894,3894
verify,36,3,154,3884,3884
verify,36,3,155,3842,3842
verify,36,3,156,3830,3830
verify,36,3,157,3850,3850
verify,36,3,158,3846,3846
verify,36,3,159,3856,3856
verify,36,3,160,3870,3870
verify,36,3,161,3888,3888
verify,36,3,162,3884,3884
verify,36,3,163,3988,3988
verify,36,3,164,3872,3872
verify,36,3,165,3900,3900
verify,36,3,166,4920,4920
verify,36,3,167,5282,5282
verify,36,3,168,5286,5286
verify,36,3,169,4910,4910
verify,36,3,170,5268,5268
verify,36,3,171,4900,4900
verify,36,3,172,4704,4704
verify,36,3,173,4942,4942
verify,36,3,174,4720,4720
verify,36,3,175,4638,4638
verify,36,3,176,4912,4912
verify,36,3,177,5120,5120
verify,36,3,178,4986,4986
verify,36,3,179,5350,5350
verify,36,3,180,4784,4784
verify,36,3,181,5130,5130
verify,36,3,182,5094,5094
verify,36,3,183,5014,5014
verify,36,3,184,4874,4874
verify,36,3,185,4670,4670
verify,36,3,186,5178,5178
verify,36,3,187,5138,5138
verify,36,3,188,4950,4950
verify,36,3,189,4986,4986
verify,36,3,190,5204,5204
verify,36,3,191,5206,5206
verify,36,3,192,4776,4776
verify,36,3,193,4764,4764
verify,36,3,194,4808,4808
verify,36,3,195,5484,5484
verify,36,3,196,5630,5630
verify,36,3,197,5940,5940
verify,36,3,198,5288,5288
verify,36,3,199,4944,4944
verify,36,3,200,4874,4874
verify,36,3,201,5038,5038
verify,36,3,202,5072,5072
verify,36,3,203,5054,5054
verify,36,3,204,4900,4900
verify,36,3,205,5506,5506
verify,36,3,206,5164,5164
verify,36,3,207,4694,4694
verify,36,3,208,5012,5012
verify,36,3,209,4832,4832
verify,36,3,210,4742,4742
verify,36,3,211,5540,5540
verify,36,3,212,5700,5700
verify,36,3,213,5408,5408
verify,36,3,214,5370,5370
verify,36,3,215,5336,5336
verify,36,3,216,4932,4932
verify,36,3,217,4574,4574
verify,36,3,218,4942,4942
verify,36,3,219,5200,5200
verify,36,3,220,4940,4940
verify,36,3,221,5048,5048
verify,36,3,222,5342,5342
verify,36,3,223,5034,5034
verify,36,3,224,5410,5410
verify,36,3,225,5156,5156
verify,36,3,226,4964,4964
verify,36,3,227,5146,5146
verify,36,3,228,5108,5108
verify,36,3,229,5438,5438
verify,36,3,230,5152,5152
verify,36,3,231,5284,5284
verify,36,3,232,5372,5372
verify,36,3,233,4912,4912
verify,36,3,234,4674,4674
verify,36,3,235,5302,5302
verify,36,3,236,5544,5544
verify,36,3,237,5160,5160
verify,36,3,238,4990,4990
verify,36,3,239,5180,5180
verify,36,3,240,5232,5232
verify,36,3,241,5378,5378
verify,36,3,242,5216,5216
verify,36,3,243,4906,4906
verify,36,3,244,3880,3880
verify,36,3,245,3922,3922
verify,36,3,246,3926,3926
verify,36,3,247,4002,4002
verify,36,3,248,3926,3926
verify,36,3,249,3970,3970
verify,36,3,250,3974,3974
verify,36,3,251,3930,3930
verify,36,3,252,4006,4006
verify,36,3,253,4010,4010
verify,36,3,254,3916,3916
verify,36,3,255,3922,3922
verify,36,3,256,3944,3944
verify,36,3,257,3946,3946
verify,36,3,258,3866,3866
verify,36,3,259,3932,3932
verify,36,3,260,3928,3928
verify,36,3,261,3926,3926
verify,36,3,262,3912,3912
verify,36,3,263,3960,3960
verify,36,3,264,3958,3958
verify,36,3,265,3896,3896
verify,36,3,266,3918,3918
verify,36,3,267,4662,4662
verify,36,3,268,5206,5206
verify,36,3,269,5262,5262
verify,36,3,270,5242,5242
verify,36,3,271,4954,4954
verify,36,3,272,4800,4800
verify,36,3,273,4916,4916
verify,36,3,274,5070,5070
verify,36,3,275,5156,5156
verify,36,3,276,4950,4950
verify,36,3,277,5252,5252
verify,36,3,278,5226,5226
verify,36,3,279,5304,5304
verify,36,3,280,5072,5072
verify,36,3,281,5244,5244
verify,36,3,282,4846,4846
verify,36,3,283,5084,5084
verify,36,3,284,4898,4898
verify,36,3,285,5144,5144
verify,36,3,286,4890,4890
verify,36,3,287,5058,5058
verify,36,3,288,5086,5086
verify,36,3,289,4984,4984
verify,36,3,290,6560,6560
verify,36,3,291,6898,6898
verify,36,3,292,5724,5724
verify,36,3,293,5348,5348
verify,36,3,294,5064,5064
verify,36,3,295,5422,5422
verify,36,3,296,5438,5438
verify,36,3,297,4602,4602
verify,36,3,298,3894,3894
verify,36,3,299,3914,3914
verify,36,3,300,3884,3884
verify,36,3,301,3886,3886
verify,36,3,302,3900,3900
verify,36,3,303,3914,3914
verify,36,3,304,3898,3898
verify,36,3,305,3852,3852
verify,36,3,306,3894,3894
verify,36,3,307,3842,3842
verify,36,3,308,3878,3878
verify,36,3,309,3946,3946
verify,36,3,310,3906,3906
verify,36,3,311,3872,3872
verify,36,3,312,3900,3900
verify,36,3,313,3890,3890
verify,36,3,314,3862,3862
verify,36,3,315,3882,3882
verify,36,3,316,3878,3878
verify,36,3,317,3854,3854
verify,36,3,318,3880,3880
verify,36,3,319,3860,3860
verify,36,3,320,3872,3872
verify,36,3,321,3914,3914
verify,36,3,322,3852,3852
verify,36,3,323,3842,3842
verify,36,3,324,3868,3868
verify,36,3,325,3896,3896
verify,36,3,326,3910,3910
verify,36,3,327,3922,3922
verify,36,3,328,3882,3882
verify,36,3,329,3906,3906
verify,36,3,330,3930,3930
verify,36,3,331,3878,3878
verify,36,3,332,3908,3908
verify,36,3,333,3960,3960
verify,36,3,334,3938,3938
verify,36,3,335,3940,3940
verify,36,3,336,3872,3872
verify,36,3,337,3892,3892
verify,36,3,338,3896,3896
verify,36,3,339,3884,3884
verify,36,3,340,3898,3898
verify,36,3,341,3900,3900
verify,36,3,342,3862,3862
verify,36,3,343,3860,3860
verify,36,3,344,3904,3904
verify,36,3,345,3854,3854
verify,36,3,346,3876,3876
verify,36,3,347,3882,3882
verify,36,3,348,3874,3874
verify,36,3,349,3842,3842
verify,36,3,350,3898,3898
verify,36,3,351,3862,3862
verify,36,3,352,3876,3876
verify,36,3,353,3914,3914
verify,36,3,354,3934,3934
verify,36,3,355,3890,3890
verify,36,3,356,3900,3900
verify,36,3,357,3882,3882
verify,36,3,358,3886,3886
verify,36,3,359,3944,3944
verify,36,3,360,5324,5324
verify,36,3,361,5186,5186
verify,36,3,362,4822,4822
verify,36,3,363,5164,5164
verify,36,3,364,5018,5018
verify,36,3,365,5390,5390
verify,36,3,366,5376,5376
verify,36,3,367,5610,5610
verify,36,3,368,3988,3988
verify,36,3,369,3894,3894
verify,36,3,370,3886,3886
verify,36,3,371,3844,3844
verify,36,3,372,3820,3820
verify,36,3,373,3882,3882
verify,36,3,374,3878,3878
verify,36,3,375,3868,3868
verify,36,3,376,3952,3952
verify,36,3,377,3892,3892
verify,36,3,378,3852,3852
verify,36,3,379,3920,3920
verify,36,3,380,3998,3998
verify,36,3,381,3922,3922
verify,36,3,382,3992,3992
verify,36,3,383,3876,3876
verify,36,3,384,3862,3862
verify,36,3,385,3914,3914
verify,36,3,386,3872,3872
verify,36,3,387,3834,3834
verify,36,3,388,3944,3944
verify,36,3,389,3830,3830
verify,36,3,390,3854,3854
verify,36,3,391,3862,3862
verify,36,3,392,3880,3880
verify,36,3,393,3864,3864
verify,36,3,394,3840,3840
verify,36,3,395,3862,3862
verify,36,3,396,3914,3914
verify,36,3,397,3900,3900
verify,36,3,398,3902,3902
verify,36,3,399,3872,3872
verify,36,3,400,3894,3894
protect,52,4,1,4890,4890
protect,52,4,2,4842,4842
protect,52,4,3,4872,4872
protect,52,4,4,4842,4842
protect,52,4,5,4804,4804
protect,52,4,6,4810,4810
protect,52,4,7,4838,4838
protect,52,4,8,4826,4826
protect,52,4,9,4860,4860
protect,52,4,10,4828,4828
protect,52,4,11,4818,4818
protect,52,4,12,4792,4792
protect,52,4,13,4836,4836
protect,52,4,14,4876,4876
protect,52,4,15,4830,4830
protect,52,4,16,4810,4810
protect,52,4,17,4802,4802
protect,52,4,18,4760,4760
protect,52,4,19,4890,4890
protect,52,4,20,4848,4848
protect,52,4,21,4812,4812
protect,52,4,22,4820,4820
protect,52,4,23,4840,4840
protect,52,4,24,4846,4846
protect,52,4,25,4766,4766
protect,52,4,26,4778,4778
protect,52,4,27,4816,4816
protect,52,4,28,4790,4790
protect,52,4,29,4828,4828
protect,52,4,30,4878,4878
protect,52,4,31,4782,4782
protect,52,4,32,4822,4822
protect,52,4,33,4804,4804
protect,52,4,34,4820,4820
protect,52,4,35,4924,4924
protect,52,4,36,4780,4780
protect,52,4,37,4820,4820
protect,52,4,38,4818,4818
protect,52,4,39,4830,4830
protect,52,4,40,4960,4960
protect,52,4,41,4828,4828
protect,52,4,42,4886,4886
protect,52,4,43,4828,4828
protect,52,4,44,4836,4836
protect,52,4,45,4820,4820
protect,52,4,46,4808,4808
protect,52,4,47,4838,4838
protect,52,4,48,4916,4916
protect,52,4,49,4824,4824
protect,52,4,50,4888,4888
protect,52,4,51,4814,4814
protect,52,4,52,4804,4804
protect,52,4,53,4812,4812
protect,52,4,54,4856,4856
protect,52,4,55,4808,4808
protect,52,4,56,4838,4838
protect,52,4,57,4774,4774
protect,52,4,58,4812,4812
protect,52,4,59,4836,4836
protect,52,4,60,4778,4778
protect,52,4,61,4924,4924
protect,52,4,62,4824,4824
protect,52,4,63,4834,4834
protect,52,4,64,4800,4800
protect,52,4,65,4828,4828
protect,52,4,66,4798,4798
protect,52,4,67,4804,4804
protect,52,4,68,4814,4814
protect,52,4,69,4782,4782
protect,52,4,70,4786,4786
protect,52,4,71,4822,4822
protect,52,4,72,4812,4812
protect,52,4,73,4780,4780
protect,52,4,74,4818,4818
protect,52,4,75,4834,4834
protect,52,4,76,4806,4806
protect,52,4,77,4814,4814
protect,52,4,78,4794,4794
protect,52,4,79,4764,4764
protect,52,4,80,4778,4778
protect,52,4,81,4810,4810
protect,52,4,82,4850,4850
protect,52,4,83,4798,4798
protect,52,4,84,4802,4802
protect,52,4,85,4832,4832
protect,52,4,86,4816,4816
protect,52,4,87,4870,4870
protect,52,4,88,4804,4804
protect,52,4,89,4830,4830
protect,52,4,90,4826,4826
protect,52,4,91,4824,4824
protect,52,4,92,4924,4924
protect,52,4,93,4844,4844
protect,52,4,94,4814,4814
protect,52,4,95,4910,4910
protect,52,4,96,4820,4820
protect,52,4,97,4816,4816
protect,52,4,98,4810,4810
protect,52,4,99,4796,4796
protect,52,4,100,4802,4802
protect,52,4,101,4894,4894
protect,52,4,102,4788,4788
protect,52,4,103,4792,4792
protect,52,4,104,4818,4818
protect,52,4,105,4798,4798
protect,52,4,106,4826,4826
protect,52,4,107,4782,4782
protect,52,4,108,4802,4802
protect,52,4,109,4818,4818
protect,52,4,110,4786,4786
protect,52,4,111,4814,4814
protect,52,4,112,4800,4800
protect,52,4,113,4822,4822
protect,52,4,114,4964,4964
protect,52,4,115,4818,4818
protect,52,4,116,4824,4824
protect,52,4,117,4870,4870
protect,52,4,118,4788,4788
protect,52,4,119,4784,4784
protect,52,4,120,4778,4778
protect,52,4,121,4792,4792
protect,52,4,122,4886,4886
protect,52,4,123,4842,4842
protect,52,4,124,4810,4810
protect,52,4,125,4840,4840
protect,52,4,126,4836,4836
protect,52,4,127,4818,4818
protect,52,4,128,4774,4774
protect,52,4,129,4856,4856
protect,52,4,130,4796,4796
protect,52,4,131,4854,4854
protect,52,4,132,4816,4816
protect,52,4,133,4820,4820
protect,52,4,134,4764,4764
protect,52,4,135,4854,4854
protect,52,4,136,4856,4856
protect,52,4,137,4834,4834
protect,52,4,138,4802,4802
protect,52,4,139,4798,4798
protect,52,4,140,4858,4858
protect,52,4,141,4840,4840
protect,52,4,142,4808,4808
protect,52,4,143,4780,4780
protect,52,4,144,4840,4840
protect,52,4,145,4824,4824
protect,52,4,146,4802,4802
protect,52,4,147,4830,4830
protect,52,4,148,4790,4790
protect,52,4,149,4800,4800
protect,52,4,150,4810,4810
protect,52,4,151,4894,4894
protect,52,4,152,4826,4826
protect,52,4,153,4798,4798
protect,52,4,154,4864,4864
protect,52,4,155,4830,4830
protect,52,4,156,4786,4786
protect,52,4,157,4762,4762
protect,52,4,158,4776,4776
protect,52,4,159,4832,4832
protect,52,4,160,4812,4812
protect,52,4,161,4826,4826
protect,52,4,162,4810,4810
protect,52,4,163,4818,4818
protect,52,4,164,4816,4816
protect,52,4,165,4806,4806
protect,52,4,166,4808,4808
protect,52,4,167,4802,4802
protect,52,4,168,4880,4880
protect,52,4,169,4822,4822
protect,52,4,170,4802,4802
protect,52,4,171,4834,4834
protect,52,4,172,4888,4888
protect,52,4,173,4804,4804
protect,52,4,174,4826,4826
protect,52,4,175,4832,4832
protect,52,4,176,4780,4780
protect,52,4,177,4856,4856
protect,52,4,178,4822,4822
protect,52,4,179,4866,4866
protect,52,4,180,4832,4832
protect,52,4,181,4828,4828
protect,52,4,182,4868,4868
protect,52,4,183,4830,4830
protect,52,4,184,4788,4788
protect,52,4,185,4782,4782
protect,52,4,186,4784,4784
protect,52,4,187,4772,4772
protect,52,4,188,4818,4818
protect,52,4,189,4844,4844
protect,52,4,190,4808,4808
protect,52,4,191,4874,4874
protect,52,4,192,4834,4834
protect,52,4,193,4814,4814
protect,52,4,194,4852,4852
protect,52,4,195,4812,4812
protect,52,4,196,4818,4818
protect,52,4,197,4806,4806
protect,52,4,198,4780,4780
protect,52,4,199,4778,4778
protect,52,4,200,5000,5000
protect,52,4,201,4818,4818
protect,52,4,202,4796,4796
protect,52,4,203,4796,4796
protect,52,4,204,4792,4792
protect,52,4,205,4772,4772
protect,52,4,206,4806,4806
protect,52,4,207,4866,4866
protect,52,4,208,4862,4862
protect,52,4,209,4828,4828
protect,52,4,210,4770,4770
protect,52,4,211,4754,4754
protect,52,4,212,4874,4874
protect,52,4,213,4802,4802
protect,52,4,214,4810,4810
protect,52,4,215,4770,4770
protect,52,4,216,4812,4812
protect,52,4,217,4800,4800
protect,52,4,218,4830,4830
protect,52,4,219,4808,4808
protect,52,4,220,4798,4798
protect,52,4,221,4830,4830
protect,52,4,222,4846,4846
protect,52,4,223,4806,4806
protect,52,4,224,4816,4816
protect,52,4,225,4776,4776
protect,52,4,226,4816,4816
protect,52,4,227,4802,4802
protect,52,4,228,4780,4780
protect,52,4,229,4768,4768
protect,52,4,230,4820,4820
protect,52,4,231,4858,4858
protect,52,4,232,4850,4850
protect,52,4,233,4802,4802
protect,52,4,234,4806,4806
protect,52,4,235,4788,4788
protect,52,4,236,4878,4878
protect,52,4,237,4846,4846
protect,52,4,238,4812,4812
protect,52,4,239,4798,4798
protect,52,4,240,4896,4896
protect,52,4,241,4828,4828
protect,52,4,242,4760,4760
protect,52,4,243,4770,4770
protect,52,4,244,4910,4910
protect,52,4,245,4852,4852
protect,52,4,246,4826,4826
protect,52,4,247,4846,4846
protect,52,4,248,4802,4802
protect,52,4,249,4802,4802
protect,52,4,250,4846,4846
protect,52,4,251,4818,4818
protect,52,4,252,4812,4812
protect,52,4,253,4950,4950
protect,52,4,254,4838,4838
protect,52,4,255,4854,4854
protect,52,4,256,4850,4850
protect,52,4,257,4880,4880
protect,52,4,258,4822,4822
protect,52,4,259,4824,4824
protect,52,4,260,4808,4808
protect,52,4,261,4790,4790
protect,52,4,262,4800,4800
protect,52,4,263,4820,4820
protect,52,4,264,4790,4790
protect,52,4,265,4900,4900
protect,52,4,266,4786,4786
protect,52,4,267,4886,4886
protect,52,4,268,4794,4794
protect,52,4,269,4850,4850
protect,52,4,270,4812,4812
protect,52,4,271,4890,4890
protect,52,4,272,4878,4878
protect,52,4,273,4838,4838
protect,52,4,274,4804,4804
protect,52,4,275,4786,4786
protect,52,4,276,4794,4794
protect,52,4,277,4866,4866
protect,52,4,278,4822,4822
protect,52,4,279,4816,4816
protect,52,4,280,4800,4800
protect,52,4,281,4828,4828
protect,52,4,282,4796,4796
protect,52,4,283,4828,4828
protect,52,4,284,4836,4836
protect,52,4,285,4864,4864
protect,52,4,286,4772,4772
protect,52,4,287,4808,4808
protect,52,4,288,4850,4850
protect,52,4,289,4866,4866
protect,52,4,290,4848,4848
protect,52,4,291,4816,4816
protect,52,4,292,4810,4810
protect,52,4,293,4882,4882
protect,52,4,294,4816,4816
protect,52,4,295,4836,4836
protect,52,4,296,4828,4828
protect,52,4,297,4804,4804
protect,52,4,298,4800,4800
protect,52,4,299,4840,4840
protect,52,4,300,4794,4794
protect,52,4,301,4814,4814
protect,52,4,302,4788,4788
protect,52,4,303,4866,4866
protect,52,4,304,4802,4802
protect,52,4,305,4816,4816
protect,52,4,306,4892,4892
protect,52,4,307,4790,4790
protect,52,4,308,4762,4762
protect,52,4,309,4810,4810
protect,52,4,310,4826,4826
protect,52,4,311,4800,4800
protect,52,4,312,4798,4798
protect,52,4,313,4810,4810
protect,52,4,314,4816,4816
protect,52,4,315,4794,4794
protect,52,4,316,4782,4782
protect,52,4,317,4816,4816
protect,52,4,318,4792,4792
protect,52,4,319,4810,4810
protect,52,4,320,4792,4792
protect,52,4,321,4868,4868
protect,52,4,322,4884,4884
protect,52,4,323,4854,4854
protect,52,4,324,4788,4788
protect,52,4,325,4834,4834
protect,52,4,326,4890,4890
protect,52,4,327,4874,4874
protect,52,4,328,4796,4796
protect,52,4,329,4848,4848
protect,52,4,330,4806,4806
protect,52,4,331,4814,4814
protect,52,4,332,4822,4822
protect,52,4,333,4808,4808
protect,52,4,334,4822,4822
protect,52,4,335,4838,4838
protect,52,4,336,4784,4784
protect,52,4,337,4888,4888
protect,52,4,338,4806,4806
protect,52,4,339,4832,4832
protect,52,4,340,4786,4786
protect,52,4,341,4826,4826
protect,52,4,342,4838,4838
protect,52,4,343,4798,4798
protect,52,4,344,4792,4792
protect,52,4,345,4810,4810
protect,52,4,346,4796,4796
protect,52,4,347,4800,4800
protect,52,4,348,4824,4824
protect,52,4,349,4824,4824
protect,52,4,350,4970,4970
protect,52,4,351,4860,4860
protect,52,4,352,4822,4822
protect,52,4,353,4760,4760
protect,52,4,354,4782,4782
protect,52,4,355,4810,4810
protect,52,4,356,4818,4818
protect,52,4,357,4824,4824
protect,52,4,358,4774,4774
protect,52,4,359,4810,4810
protect,52,4,360,4888,4888
protect,52,4,361,4826,4826
protect,52,4,362,4824,4824
protect,52,4,363,4806,4806
protect,52,4,364,4838,4838
protect,52,4,365,4876,4876
protect,52,4,366,4846,4846
protect,52,4,367,4794,4794
protect,52,4,368,4792,4792
protect,52,4,369,4784,4784
protect,52,4,370,4906,4906
protect,52,4,371,4796,4796
protect,52,4,372,4828,4828
protect,52,4,373,4780,4780
protect,52,4,374,4840,4840
protect,52,4,375,4858,4858
protect,52,4,376,4794,4794
protect,52,4,377,4916,4916
protect,52,4,378,4802,4802
protect,52,4,379,4790,4790
protect,52,4,380,4808,4808
protect,52,4,381,4868,4868
protect,52,4,382,4810,4810
protect,52,4,383,4786,4786
protect,52,4,384,4782,4782
protect,52,4,385,9390,9390
protect,52,4,386,4862,4862
protect,52,4,387,4798,4798
protect,52,4,388,4894,4894
protect,52,4,389,4892,4892
protect,52,4,390,4828,4828
protect,52,4,391,4840,4840
protect,52,4,392,4814,4814
protect,52,4,393,4808,4808
protect,52,4,394,4840,4840
protect,52,4,395,4934,4934
protect,52,4,396,4834,4834
protect,52,4,397,4840,4840
protect,52,4,398,4808,4808
protect,52,4,399,4806,4806
protect,52,4,400,4860,4860
verify,52,4,1,4916,4916
verify,52,4,2,4820,4820
verify,52,4,3,4906,4906
verify,52,4,4,4850,4850
verify,52,4,5,4812,4812
verify,52,4,6,4816,4816
verify,52,4,7,4820,4820
verify,52,4,8,4850,4850
verify,52,4,9,4838,4838
verify,52,4,10,4870,4870
verify,52,4,11,4834,4834
verify,52,4,12,4852,4852
verify,52,4,13,4972,4972
verify,52,4,14,4858,4858
verify,52,4,15,4862,4862
verify,52,4,16,4804,4804
verify,52,4,17,4870,4870
verify,52,4,18,4834,4834
verify,52,4,19,4802,4802
verify,52,4,20,4822,4822
verify,52,4,21,4858,4858
verify,52,4,22,4808,4808
verify,52,4,23,4910,4910
verify,52,4,24,4846,4846
verify,52,4,25,4832,4832
verify,52,4,26,4866,4866
verify,52,4,27,4928,4928
verify,52,4,28,4836,4836
verify,52,4,29,4856,4856
verify,52,4,30,4804,4804
verify,52,4,31,4806,4806
verify,52,4,32,4788,4788
verify,52,4,33,4814,4814
verify,52,4,34,4816,4816
verify,52,4,35,4798,4798
verify,52,4,36,4842,4842
verify,52,4,37,4814,4814
verify,52,4,38,4872,4872
verify,52,4,39,4824,4824
verify,52,4,40,4842,4842
verify,52,4,41,4826,4826
verify,52,4,42,4844,4844
verify,52,4,43,4816,4816
verify,52,4,44,4800,4800
verify,52,4,45,4766,4766
verify,52,4,46,4800,4800
verify,52,4,47,4818,4818
verify,52,4,48,4814,4814
verify,52,4,49,4882,4882
verify,52,4,50,4890,4890
verify,52,4,51,4828,4828
verify,52,4,52,4836,4836
verify,52,4,53,4852,4852
verify,52,4,54,4866,4866
verify,52,4,55,4876,4876
verify,52,4,56,4782,4782
verify,52,4,57,4812,4812
verify,52,4,58,4836,4836
verify,52,4,59,4774,4774
verify,52,4,60,4844,4844
verify,52,4,61,4868,4868
verify,52,4,62,4904,4904
verify,52,4,63,4780,4780
verify,52,4,64,4808,4808
verify,52,4,65,4798,4798
verify,52,4,66,4846,4846
verify,52,4,67,4946,4946
verify,52,4,68,4796,4796
verify,52,4,69,4848,4848
verify,52,4,70,4884,4884
verify,52,4,71,4852,4852
verify,52,4,72,4796,4796
verify,52,4,73,4802,4802
verify,52,4,74,4792,4792
verify,52,4,75,4822,4822
verify,52,4,76,4792,4792
verify,52,4,77,4832,4832
verify,52,4,78,4904,4904
verify,52,4,79,4830,4830
verify,52,4,80,4814,4814
verify,52,4,81,4836,4836
verify,52,4,82,4812,4812
verify,52,4,83,4878,4878
verify,52,4,84,4816,4816
verify,52,4,85,4808,4808
verify,52,4,86,4874,4874
verify,52,4,87,4962,4962
verify,52,4,88,4846,4846
verify,52,4,89,4820,4820
verify,52,4,90,4924,4924
verify,52,4,91,4874,4874
verify,52,4,92,4850,4850
verify,52,4,93,4834,4834
verify,52,4,94,4806,4806
verify,52,4,95,4812,4812
verify,52,4,96,4810,4810
verify,52,4,97,4830,4830
verify,52,4,98,4804,4804
verify,52,4,99,4802,4802
verify,52,4,100,4822,4822
verify,52,4,101,4906,4906
verify,52,4,102,4822,4822
verify,52,4,103,4838,4838
verify,52,4,104,4882,4882
verify,52,4,105,4890,4890
verify,52,4,106,4904,4904
verify,52,4,107,4856,4856
verify,52,4,108,4838,4838
verify,52,4,109,4802,4802
verify,52,4,110,4824,4824
verify,52,4,111,4816,4816
verify,52,4,112,4800,4800
verify,52,4,113,4806,4806
verify,52,4,114,4850,4850
verify,52,4,115,4880,4880
verify,52,4,116,4852,4852
verify,52,4,117,4878,4878
verify,52,4,118,4868,4868
verify,52,4,119,4840,4840
verify,52,4,120,4834,4834
verify,52,4,121,4820,4820
verify,52,4,122,4902,4902
verify,52,4,123,4830,4830
verify,52,4,124,4854,4854
verify,52,4,125,4848,4848
verify,52,4,126,4896,4896
verify,52,4,127,4828,4828
verify,52,4,128,4856,4856
verify,52,4,129,4832,4832
verify,52,4,130,4798,4798
verify,52,4,131,4814,4814
verify,52,4,132,4860,4860
verify,52,4,133,4834,4834
verify,52,4,134,4882,4882
verify,52,4,135,4868,4868
verify,52,4,136,4844,4844
verify,52,4,137,4868,4868
verify,52,4,138,4820,4820
verify,52,4,139,4822,4822
verify,52,4,140,4806,4806
verify,52,4,141,4786,4786
verify,52,4,142,4830,4830
verify,52,4,143,4842,4842
verify,52,4,144,4820,4820
verify,52,4,145,4920,4920
verify,52,4,146,4810,4810
verify,52,4,147,4810,4810
verify,52,4,148,4798,4798
verify,52,4,149,4824,4824
verify,52,4,150,4792,4792
verify,52,4,151,4842,4842
verify,52,4,152,4814,4814
verify,52,4,153,4828,4828
verify,52,4,154,4836,4836
verify,52,4,155,4806,4806
verify,52,4,156,4892,4892
verify,52,4,157,4938,4938
verify,52,4,158,4954,4954
verify,52,4,159,4812,4812
verify,52,4,160,4938,4938
verify,52,4,161,4834,4834
verify,52,4,162,4860,4860
verify,52,4,163,4804,4804
verify,52,4,164,4940,4940
verify,52,4,165,4856,4856
verify,52,4,166,4810,4810
verify,52,4,167,4824,4824
verify,52,4,168,4918,4918
verify,52,4,169,4804,4804
verify,52,4,170,4880,4880
verify,52,4,171,4862,4862
verify,52,4,172,4902,4902
verify,52,4,173,4896,4896
verify,52,4,174,4884,4884
verify,52,4,175,4796,4796
verify,52,4,176,4880,4880
verify,52,4,177,4786,4786
verify,52,4,178,4860,4860
verify,52,4,179,4928,4928
verify,52,4,180,4928,4928
verify,52,4,181,4926,4926
verify,52,4,182,4866,4866
verify,52,4,183,4898,4898
verify,52,4,184,4928,4928
verify,52,4,185,4898,4898
verify,52,4,186,4942,4942
verify,52,4,187,4874,4874
verify,52,4,188,4886,4886
verify,52,4,189,4812,4812
verify,52,4,190,5018,5018
verify,52,4,191,4916,4916
verify,52,4,192,4892,4892
verify,52,4,193,4926,4926
verify,52,4,194,4846,4846
verify,52,4,195,4838,4838
verify,52,4,196,4844,4844
verify,52,4,197,4884,4884
verify,52,4,198,4866,4866
verify,52,4,199,4872,4872
verify,52,4,200,4946,4946
verify,52,4,201,4876,4876
verify,52,4,202,4836,4836
verify,52,4,203,10328,10328
verify,52,4,204,4926,4926
verify,52,4,205,4904,4904
verify,52,4,206,4876,4876
verify,52,4,207,4878,4878
verify,52,4,208,4964,4964
verify,52,4,209,4870,4870
verify,52,4,210,4826,4826
verify,52,4,211,4834,4834
verify,52,4,212,4818,4818
verify,52,4,213,4812,4812
verify,52,4,214,4852,4852
verify,52,4,215,4778,4778
verify,52,4,216,4808,4808
verify,52,4,217,4818,4818
verify,52,4,218,4820,4820
verify,52,4,219,4838,4838
verify,52,4,220,4870,4870
verify,52,4,221,4866,4866
verify,52,4,222,4886,4886
verify,52,4,223,4868,4868
verify,52,4,224,4850,4850
verify,52,4,225,4826,4826
verify,52,4,226,4790,4790
verify,52,4,227,4834,4834
verify,52,4,228,4794,4794
verify,52,4,229,4866,4866
verify,52,4,230,4806,4806
verify,52,4,231,4856,4856
verify,52,4,232,4840,4840
verify,52,4,233,4858,4858
verify,52,4,234,4834,4834
verify,52,4,235,4860,4860
verify,52,4,236,4852,4852
verify,52,4,237,4878,4878
verify,52,4,238,4852,4852
verify,52,4,239,4864,4864
verify,52,4,240,4856,4856
verify,52,4,241,4794,4794
verify,52,4,242,4856,4856
verify,52,4,243,4790,4790
verify,52,4,244,4834,4834
verify,52,4,245,4872,4872
verify,52,4,246,4838,4838
verify,52,4,247,4910,4910
verify,52,4,248,4832,4832
verify,52,4,249,4872,4872
verify,52,4,250,4850,4850
verify,52,4,251,4854,4854
verify,52,4,252,4892,4892
verify,52,4,253,4842,4842
verify,52,4,254,4900,4900
verify,52,4,255,4846,4846
verify,52,4,256,4792,4792
verify,52,4,257,4864,4864
verify,52,4,258,4844,4844
verify,52,4,259,4840,4840
verify,52,4,260,4832,4832
verify,52,4,261,4878,4878
verify,52,4,262,4850,4850
verify,52,4,263,4852,4852
verify,52,4,264,4800,4800
verify,52,4,265,4842,4842
verify,52,4,266,4882,4882
verify,52,4,267,4848,4848
verify,52,4,268,4804,4804
verify,52,4,269,4818,4818
verify,52,4,270,4822,4822
verify,52,4,271,4838,4838
verify,52,4,272,4886,4886
verify,52,4,273,4834,4834
verify,52,4,274,4836,4836
verify,52,4,275,4832,4832
verify,52,4,276,4874,4874
verify,52,4,277,4832,4832
verify,52,4,278,4798,4798
verify,52,4,279,4944,4944
verify,52,4,280,4856,4856
verify,52,4,281,4772,4772
verify,52,4,282,4824,4824
verify,52,4,283,4862,4862
verify,52,4,284,4810,4810
verify,52,4,285,4834,4834
verify,52,4,286,4822,4822
verify,52,4,287,4836,4836
verify,52,4,288,4844,4844
verify,52,4,289,4860,4860
verify,52,4,290,4830,4830
verify,52,4,291,4914,4914
verify,52,4,292,4876,4876
verify,52,4,293,4904,4904
verify,52,4,294,4828,4828
verify,52,4,295,4872,4872
verify,52,4,296,4778,4778
verify,52,4,297,4828,4828
verify,52,4,298,4834,4834
verify,52,4,299,4844,4844
verify,52,4,300,4848,4848
verify,52,4,301,4854,4854
verify,52,4,302,4812,4812
verify,52,4,303,4836,4836
verify,52,4,304,4822,4822
verify,52,4,305,4940,4940
verify,52,4,306,4866,4866
verify,52,4,307,4810,4810
verify,52,4,308,4808,4808
verify,52,4,309,4838,4838
verify,52,4,310,4836,4836
verify,52,4,311,4820,4820
verify,52,4,312,4818,4818
verify,52,4,313,4816,4816
verify,52,4,314,4904,4904
verify,52,4,315,4874,4874
verify,52,4,316,4858,4858
verify,52,4,317,4832,4832
verify,52,4,318,4870,4870
verify,52,4,319,4832,4832
verify,52,4,320,4858,4858
verify,52,4,321,4794,4794
verify,52,4,322,4852,4852
verify,52,4,323,4794,4794
verify,52,4,324,4906,4906
verify,52,4,325,4828,4828
verify,52,4,326,4906,4906
verify,52,4,327,4838,4838
verify,52,4,328,4850,4850
verify,52,4,329,4900,4900
verify,52,4,330,4864,4864
verify,52,4,331,4844,4844
verify,52,4,332,4810,4810
verify,52,4,333,4892,4892
verify,52,4,334,4866,4866
verify,52,4,335,4840,4840
verify,52,4,336,4828,4828
verify,52,4,337,4840,4840
verify,52,4,338,4838,4838
verify,52,4,339,4836,4836
verify,52,4,340,4942,4942
verify,52,4,341,4858,4858
verify,52,4,342,4818,4818
verify,52,4,343,4866,4866
verify,52,4,344,4920,4920
verify,52,4,345,4818,4818
verify,52,4,346,4836,4836
verify,52,4,347,4826,4826
verify,52,4,348,4814,4814
verify,52,4,349,4802,4802
verify,52,4,350,4818,4818
verify,52,4,351,4834,4834
verify,52,4,352,4834,4834
verify,52,4,353,4824,4824
verify,52,4,354,4804,4804
verify,52,4,355,4858,4858
verify,52,4,356,4826,4826
verify,52,4,357,4812,4812
verify,52,4,358,4814,4814
verify,52,4,359,4832,4832
verify,52,4,360,4846,4846
verify,52,4,361,4832,4832
verify,52,4,362,4878,4878
verify,52,4,363,4962,4962
verify,52,4,364,4840,4840
verify,52,4,365,4866,4866
verify,52,4,366,4870,4870
verify,52,4,367,4822,4822
verify,52,4,368,4868,4868
verify,52,4,369,4894,4894
verify,52,4,370,4898,4898
verify,52,4,371,4846,4846
verify,52,4,372,4798,4798
verify,52,4,373,4838,4838
verify,52,4,374,4858,4858
verify,52,4,375,4848,4848
verify,52,4,376,4810,4810
verify,52,4,377,4802,4802
verify,52,4,378,4800,4800
verify,52,4,379,4840,4840
verify,52,4,380,4866,4866
verify,52,4,381,4824,4824
verify,52,4,382,4886,4886
verify,52,4,383,4796,4796
verify,52,4,384,4824,4824
verify,52,4,385,4886,4886
verify,52,4,386,4832,4832
verify,52,4,387,4848,4848
verify,52,4,388,4812,4812
verify,52,4,389,4900,4900
verify,52,4,390,4862,4862
verify,52,4,391,4790,4790
verify,52,4,392,4836,4836
verify,52,4,393,4834,4834
verify,52,4,394,4832,4832
verify,52,4,395,4858,4858
verify,52,4,396,4880,4880
verify,52,4,397,4822,4822
verify,52,4,398,4844,4844
verify,52,4,399,4796,4796
verify,52,4,400,4874,4874
