op,plain,blocks,rep,cycles,cycles_per_op
rdtsc_ovh,0,0,1,36,36
rdtsc_ovh,0,0,2,36,36
rdtsc_ovh,0,0,3,54,54
rdtsc_ovh,0,0,4,38,38
rdtsc_ovh,0,0,5,36,36
rdtsc_ovh,0,0,6,36,36
rdtsc_ovh,0,0,7,34,34
rdtsc_ovh,0,0,8,34,34
rdtsc_ovh,0,0,9,36,36
rdtsc_ovh,0,0,10,34,34
rdtsc_ovh,0,0,11,34,34
rdtsc_ovh,0,0,12,34,34
rdtsc_ovh,0,0,13,34,34
rdtsc_ovh,0,0,14,38,38
rdtsc_ovh,0,0,15,36,36
rdtsc_ovh,0,0,16,36,36
rdtsc_ovh,0,0,17,34,34
rdtsc_ovh,0,0,18,34,34
rdtsc_ovh,0,0,19,36,36
rdtsc_ovh,0,0,20,36,36
rdtsc_ovh,0,0,21,34,34
rdtsc_ovh,0,0,22,36,36
rdtsc_ovh,0,0,23,36,36
rdtsc_ovh,0,0,24,36,36
rdtsc_ovh,0,0,25,36,36
rdtsc_ovh,0,0,26,36,36
rdtsc_ovh,0,0,27,38,38
rdtsc_ovh,0,0,28,36,36
rdtsc_ovh,0,0,29,36,36
rdtsc_ovh,0,0,30,38,38
rdtsc_ovh,0,0,31,36,36
rdtsc_ovh,0,0,32,36,36
rdtsc_ovh,0,0,33,36,36
rdtsc_ovh,0,0,34,34,34
rdtsc_ovh,0,0,35,34,34
rdtsc_ovh,0,0,36,34,34
rdtsc_ovh,0,0,37,36,36
rdtsc_ovh,0,0,38,36,36
rdtsc_ovh,0,0,39,36,36
rdtsc_ovh,0,0,40,34,34
rdtsc_ovh,0,0,41,36,36
rdtsc_ovh,0,0,42,34,34
rdtsc_ovh,0,0,43,36,36
rdtsc_ovh,0,0,44,36,36
rdtsc_ovh,0,0,45,34,34
rdtsc_ovh,0,0,46,34,34
rdtsc_ovh,0,0,47,36,36
rdtsc_ovh,0,0,48,36,36
rdtsc_ovh,0,0,49,34,34
rdtsc_ovh,0,0,50,36,36
rdtsc_ovh,0,0,51,34,34
rdtsc_ovh,0,0,52,36,36
rdtsc_ovh,0,0,53,34,34
rdtsc_ovh,0,0,54,34,34
rdtsc_ovh,0,0,55,36,36
rdtsc_ovh,0,0,56,36,36
rdtsc_ovh,0,0,57,34,34
rdtsc_ovh,0,0,58,32,32
rdtsc_ovh,0,0,59,36,36
rdtsc_ovh,0,0,60,34,34
rdtsc_ovh,0,0,61,34,34
rdtsc_ovh,0,0,62,36,36
rdtsc_ovh,0,0,63,38,38
rdtsc_ovh,0,0,64,36,36
rdtsc_ovh,0,0,65,34,34
rdtsc_ovh,0,0,66,36,36
rdtsc_ovh,0,0,67,36,36
rdtsc_ovh,0,0,68,36,36
rdtsc_ovh,0,0,69,36,36
rdtsc_ovh,0,0,70,34,34
rdtsc_ovh,0,0,71,34,34
rdtsc_ovh,0,0,72,34,34
rdtsc_ovh,0,0,73,36,36
rdtsc_ovh,0,0,74,34,34
rdtsc_ovh,0,0,75,36,36
rdtsc_ovh,0,0,76,34,34
rdtsc_ovh,0,0,77,34,34
rdtsc_ovh,0,0,78,36,36
rdtsc_ovh,0,0,79,34,34
rdtsc_ovh,0,0,80,36,36
rdtsc_ovh,0,0,81,34,34
rdtsc_ovh,0,0,82,36,36
rdtsc_ovh,0,0,83,34,34
rdtsc_ovh,0,0,84,34,34
rdtsc_ovh,0,0,85,38,38
rdtsc_ovh,0,0,86,36,36
rdtsc_ovh,0,0,87,34,34
rdtsc_ovh,0,0,88,36,36
rdtsc_ovh,0,0,89,34,34
rdtsc_ovh,0,0,90,36,36
rdtsc_ovh,0,0,91,38,38
rdtsc_ovh,0,0,92,36,36
rdtsc_ovh,0,0,93,34,34
rdtsc_ovh,0,0,94,34,34
rdtsc_ovh,0,0,95,34,34
rdtsc_ovh,0,0,96,36,36
rdtsc_ovh,0,0,97,34,34
rdtsc_ovh,0,0,98,34,34
rdtsc_ovh,0,0,99,34,34
rdtsc_ovh,0,0,100,38,38
rdtsc_ovh,0,0,101,38,38
rdtsc_ovh,0,0,102,36,36
rdtsc_ovh,0,0,103,34,34
rdtsc_ovh,0,0,104,34,34
rdtsc_ovh,0,0,105,34,34
rdtsc_ovh,0,0,106,36,36
rdtsc_ovh,0,0,107,36,36
rdtsc_ovh,0,0,108,36,36
rdtsc_ovh,0,0,109,36,36
rdtsc_ovh,0,0,110,36,36
rdtsc_ovh,0,0,111,36,36
rdtsc_ovh,0,0,112,34,34
rdtsc_ovh,0,0,113,34,34
rdtsc_ovh,0,0,114,36,36
rdtsc_ovh,0,0,115,36,36
rdtsc_ovh,0,0,116,36,36
rdtsc_ovh,0,0,117,34,34
rdtsc_ovh,0,0,118,36,36
rdtsc_ovh,0,0,119,34,34
rdtsc_ovh,0,0,120,36,36
rdtsc_ovh,0,0,121,36,36
rdtsc_ovh,0,0,122,34,34
rdtsc_ovh,0,0,123,34,34
rdtsc_ovh,0,0,124,36,36
rdtsc_ovh,0,0,125,34,34
rdtsc_ovh,0,0,126,36,36
rdtsc_ovh,0,0,127,34,34
rdtsc_ovh,0,0,128,36,36
rdtsc_ovh,0,0,129,36,36
rdtsc_ovh,0,0,130,34,34
rdtsc_ovh,0,0,131,36,36
rdtsc_ovh,0,0,132,34,34
rdtsc_ovh,0,0,133,34,34
rdtsc_ovh,0,0,134,34,34
rdtsc_ovh,0,0,135,32,32
rdtsc_ovh,0,0,136,36,36
rdtsc_ovh,0,0,137,34,34
rdtsc_ovh,0,0,138,34,34
rdtsc_ovh,0,0,139,36,36
rdtsc_ovh,0,0,140,36,36
rdtsc_ovh,0,0,141,40,40
rdtsc_ovh,0,0,142,36,36
rdtsc_ovh,0,0,143,36,36
rdtsc_ovh,0,0,144,36,36
rdtsc_ovh,0,0,145,34,34
rdtsc_ovh,0,0,146,40,40
rdtsc_ovh,0,0,147,36,36
rdtsc_ovh,0,0,148,36,36
rdtsc_ovh,0,0,149,34,34
rdtsc_ovh,0,0,150,34,34
rdtsc_ovh,0,0,151,36,36
rdtsc_ovh,0,0,152,34,34
rdtsc_ovh,0,0,153,34,34
rdtsc_ovh,0,0,154,34,34
rdtsc_ovh,0,0,155,36,36
rdtsc_ovh,0,0,156,34,34
rdtsc_ovh,0,0,157,36,36
rdtsc_ovh,0,0,158,36,36
rdtsc_ovh,0,0,159,34,34
rdtsc_ovh,0,0,160,34,34
rdtsc_ovh,0,0,161,36,36
rdtsc_ovh,0,0,162,36,36
rdtsc_ovh,0,0,163,34,34
rdtsc_ovh,0,0,164,36,36
rdtsc_ovh,0,0,165,36,36
rdtsc_ovh,0,0,166,36,36
rdtsc_ovh,0,0,167,36,36
rdtsc_ovh,0,0,168,38,38
rdtsc_ovh,0,0,169,34,34
rdtsc_ovh,0,0,170,36,36
rdtsc_ovh,0,0,171,36,36
rdtsc_ovh,0,0,172,34,34
rdtsc_ovh,0,0,173,34,34
rdtsc_ovh,0,0,174,36,36
rdtsc_ovh,0,0,175,36,36
rdtsc_ovh,0,0,176,36,36
rdtsc_ovh,0,0,177,36,36
rdtsc_ovh,0,0,178,34,34
rdtsc_ovh,0,0,179,36,36
rdtsc_ovh,0,0,180,34,34
rdtsc_ovh,0,0,181,34,34
rdtsc_ovh,0,0,182,36,36
rdtsc_ovh,0,0,183,34,34
rdtsc_ovh,0,0,184,32,32
rdtsc_ovh,0,0,185,34,34
rdtsc_ovh,0,0,186,36,36
rdtsc_ovh,0,0,187,36,36
rdtsc_ovh,0,0,188,34,34
rdtsc_ovh,0,0,189,40,40
rdtsc_ovh,0,0,190,40,40
rdtsc_ovh,0,0,191,36,36
rdtsc_ovh,0,0,192,36,36
rdtsc_ovh,0,0,193,36,36
rdtsc_ovh,0,0,194,36,36
rdtsc_ovh,0,0,195,40,40
rdtsc_ovh,0,0,196,36,36
rdtsc_ovh,0,0,197,36,36
rdtsc_ovh,0,0,198,36,36
rdtsc_ovh,0,0,199,34,34
rdtsc_ovh,0,0,200,36,36
rdtsc_ovh,0,0,201,36,36
rdtsc_ovh,0,0,202,40,40
rdtsc_ovh,0,0,203,36,36
rdtsc_ovh,0,0,204,36,36
rdtsc_ovh,0,0,205,36,36
rdtsc_ovh,0,0,206,36,36
rdtsc_ovh,0,0,207,36,36
rdtsc_ovh,0,0,208,32,32
rdtsc_ovh,0,0,209,34,34
rdtsc_ovh,0,0,210,34,34
rdtsc_ovh,0,0,211,38,38
rdtsc_ovh,0,0,212,34,34
rdtsc_ovh,0,0,213,34,34
rdtsc_ovh,0,0,214,34,34
rdtsc_ovh,0,0,215,34,34
rdtsc_ovh,0,0,216,34,34
rdtsc_ovh,0,0,217,36,36
rdtsc_ovh,0,0,218,36,36
rdtsc_ovh,0,0,219,36,36
rdtsc_ovh,0,0,220,34,34
rdtsc_ovh,0,0,221,34,34
rdtsc_ovh,0,0,222,34,34
rdtsc_ovh,0,0,223,34,34
rdtsc_ovh,0,0,224,34,34
rdtsc_ovh,0,0,225,34,34
rdtsc_ovh,0,0,226,34,34
rdtsc_ovh,0,0,227,34,34
rdtsc_ovh,0,0,228,34,34
rdtsc_ovh,0,0,229,34,34
rdtsc_ovh,0,0,230,36,36
rdtsc_ovh,0,0,231,34,34
rdtsc_ovh,0,0,232,34,34
rdtsc_ovh,0,0,233,34,34
rdtsc_ovh,0,0,234,34,34
rdtsc_ovh,0,0,235,34,34
rdtsc_ovh,0,0,236,36,36
rdtsc_ovh,0,0,237,34,34
rdtsc_ovh,0,0,238,34,34
rdtsc_ovh,0,0,239,34,34
rdtsc_ovh,0,0,240,36,36
rdtsc_ovh,0,0,241,36,36
rdtsc_ovh,0,0,242,36,36
rdtsc_ovh,0,0,243,36,36
rdtsc_ovh,0,0,244,36,36
rdtsc_ovh,0,0,245,36,36
rdtsc_ovh,0,0,246,36,36
rdtsc_ovh,0,0,247,36,36
rdtsc_ovh,0,0,248,36,36
rdtsc_ovh,0,0,249,36,36
rdtsc_ovh,0,0,250,36,36
rdtsc_ovh,0,0,251,34,34
rdtsc_ovh,0,0,252,34,34
rdtsc_ovh,0,0,253,34,34
rdtsc_ovh,0,0,254,34,34
rdtsc_ovh,0,0,255,34,34
rdtsc_ovh,0,0,256,34,34
rdtsc_ovh,0,0,257,34,34
rdtsc_ovh,0,0,258,34,34
rdtsc_ovh,0,0,259,34,34
rdtsc_ovh,0,0,260,34,34
rdtsc_ovh,0,0,261,34,34
rdtsc_ovh,0,0,262,34,34
rdtsc_ovh,0,0,263,34,34
rdtsc_ovh,0,0,264,36,36
rdtsc_ovh,0,0,265,36,36
rdtsc_ovh,0,0,266,36,36
rdtsc_ovh,0,0,267,36,36
rdtsc_ovh,0,0,268,36,36
rdtsc_ovh,0,0,269,36,36
rdtsc_ovh,0,0,270,34,34
rdtsc_ovh,0,0,271,34,34
rdtsc_ovh,0,0,272,34,34
rdtsc_ovh,0,0,273,34,34
rdtsc_ovh,0,0,274,34,34
rdtsc_ovh,0,0,275,36,36
rdtsc_ovh,0,0,276,32,32
rdtsc_ovh,0,0,277,32,32
rdtsc_ovh,0,0,278,32,32
rdtsc_ovh,0,0,279,32,32
rdtsc_ovh,0,0,280,38,38
rdtsc_ovh,0,0,281,38,38
rdtsc_ovh,0,0,282,38,38
rdtsc_ovh,0,0,283,38,38
rdtsc_ovh,0,0,284,38,38
rdtsc_ovh,0,0,285,38,38
rdtsc_ovh,0,0,286,38,38
rdtsc_ovh,0,0,287,38,38
rdtsc_ovh,0,0,288,38,38
rdtsc_ovh,0,0,289,38,38
rdtsc_ovh,0,0,290,38,38
rdtsc_ovh,0,0,291,38,38
rdtsc_ovh,0,0,292,38,38
rdtsc_ovh,0,0,293,38,38
rdtsc_ovh,0,0,294,38,38
rdtsc_ovh,0,0,295,38,38
rdtsc_ovh,0,0,296,36,36
rdtsc_ovh,0,0,297,36,36
rdtsc_ovh,0,0,298,36,36
rdtsc_ovh,0,0,299,36,36
rdtsc_ovh,0,0,300,32,32
rdtsc_ovh,0,0,301,34,34
rdtsc_ovh,0,0,302,34,34
rdtsc_ovh,0,0,303,34,34
rdtsc_ovh,0,0,304,36,36
rdtsc_ovh,0,0,305,36,36
rdtsc_ovh,0,0,306,34,34
rdtsc_ovh,0,0,307,36,36
rdtsc_ovh,0,0,308,36,36
rdtsc_ovh,0,0,309,36,36
rdtsc_ovh,0,0,310,38,38
rdtsc_ovh,0,0,311,36,36
rdtsc_ovh,0,0,312,36,36
rdtsc_ovh,0,0,313,36,36
rdtsc_ovh,0,0,314,34,34
rdtsc_ovh,0,0,315,36,36
rdtsc_ovh,0,0,316,36,36
rdtsc_ovh,0,0,317,38,38
rdtsc_ovh,0,0,318,36,36
rdtsc_ovh,0,0,319,36,36
rdtsc_ovh,0,0,320,38,38
rdtsc_ovh,0,0,321,36,36
rdtsc_ovh,0,0,322,36,36
rdtsc_ovh,0,0,323,36,36
rdtsc_ovh,0,0,324,34,34
rdtsc_ovh,0,0,325,36,36
rdtsc_ovh,0,0,326,36,36
rdtsc_ovh,0,0,327,36,36
rdtsc_ovh,0,0,328,32,32
rdtsc_ovh,0,0,329,32,32
rdtsc_ovh,0,0,330,34,34
rdtsc_ovh,0,0,331,34,34
rdtsc_ovh,0,0,332,34,34
rdtsc_ovh,0,0,333,40,40
rdtsc_ovh,0,0,334,34,34
rdtsc_ovh,0,0,335,34,34
rdtsc_ovh,0,0,336,34,34
rdtsc_ovh,0,0,337,34,34
rdtsc_ovh,0,0,338,34,34
rdtsc_ovh,0,0,339,34,34
rdtsc_ovh,0,0,340,34,34
rdtsc_ovh,0,0,341,34,34
rdtsc_ovh,0,0,342,34,34
rdtsc_ovh,0,0,343,36,36
rdtsc_ovh,0,0,344,40,40
rdtsc_ovh,0,0,345,40,40
rdtsc_ovh,0,0,346,36,36
rdtsc_ovh,0,0,347,36,36
rdtsc_ovh,0,0,348,36,36
rdtsc_ovh,0,0,349,34,34
rdtsc_ovh,0,0,350,36,36
rdtsc_ovh,0,0,351,36,36
rdtsc_ovh,0,0,352,36,36
rdtsc_ovh,0,0,353,32,32
rdtsc_ovh,0,0,354,36,36
rdtsc_ovh,0,0,355,36,36
rdtsc_ovh,0,0,356,36,36
rdtsc_ovh,0,0,357,36,36
rdtsc_ovh,0,0,358,34,34
rdtsc_ovh,0,0,359,34,34
rdtsc_ovh,0,0,360,40,40
rdtsc_ovh,0,0,361,34,34
rdtsc_ovh,0,0,362,34,34
rdtsc_ovh,0,0,363,34,34
rdtsc_ovh,0,0,364,34,34
rdtsc_ovh,0,0,365,34,34
rdtsc_ovh,0,0,366,36,36
rdtsc_ovh,0,0,367,38,38
rdtsc_ovh,0,0,368,34,34
rdtsc_ovh,0,0,369,36,36
rdtsc_ovh,0,0,370,34,34
rdtsc_ovh,0,0,371,32,32
rdtsc_ovh,0,0,372,36,36
rdtsc_ovh,0,0,373,36,36
rdtsc_ovh,0,0,374,36,36
rdtsc_ovh,0,0,375,34,34
rdtsc_ovh,0,0,376,36,36
rdtsc_ovh,0,0,377,34,34
rdtsc_ovh,0,0,378,34,34
rdtsc_ovh,0,0,379,36,36
rdtsc_ovh,0,0,380,34,34
rdtsc_ovh,0,0,381,34,34
rdtsc_ovh,0,0,382,36,36
rdtsc_ovh,0,0,383,34,34
rdtsc_ovh,0,0,384,36,36
rdtsc_ovh,0,0,385,34,34
rdtsc_ovh,0,0,386,34,34
rdtsc_ovh,0,0,387,36,36
rdtsc_ovh,0,0,388,36,36
rdtsc_ovh,0,0,389,34,34
rdtsc_ovh,0,0,390,34,34
rdtsc_ovh,0,0,391,36,36
rdtsc_ovh,0,0,392,34,34
rdtsc_ovh,0,0,393,36,36
rdtsc_ovh,0,0,394,38,38
rdtsc_ovh,0,0,395,40,40
rdtsc_ovh,0,0,396,32,32
rdtsc_ovh,0,0,397,36,36
rdtsc_ovh,0,0,398,34,34
rdtsc_ovh,0,0,399,36,36
rdtsc_ovh,0,0,400,34,34
rdtsc_ovh,0,0,401,32,32
rdtsc_ovh,0,0,402,36,36
rdtsc_ovh,0,0,403,34,34
rdtsc_ovh,0,0,404,36,36
rdtsc_ovh,0,0,405,36,36
rdtsc_ovh,0,0,406,34,34
rdtsc_ovh,0,0,407,36,36
rdtsc_ovh,0,0,408,34,34
rdtsc_ovh,0,0,409,36,36
rdtsc_ovh,0,0,410,34,34
rdtsc_ovh,0,0,411,36,36
rdtsc_ovh,0,0,412,34,34
rdtsc_ovh,0,0,413,36,36
rdtsc_ovh,0,0,414,32,32
rdtsc_ovh,0,0,415,36,36
rdtsc_ovh,0,0,416,36,36
rdtsc_ovh,0,0,417,36,36
rdtsc_ovh,0,0,418,38,38
rdtsc_ovh,0,0,419,34,34
rdtsc_ovh,0,0,420,34,34
rdtsc_ovh,0,0,421,34,34
rdtsc_ovh,0,0,422,36,36
rdtsc_ovh,0,0,423,32,32
rdtsc_ovh,0,0,424,36,36
rdtsc_ovh,0,0,425,32,32
rdtsc_ovh,0,0,426,36,36
rdtsc_ovh,0,0,427,34,34
rdtsc_ovh,0,0,428,36,36
rdtsc_ovh,0,0,429,34,34
rdtsc_ovh,0,0,430,36,36
rdtsc_ovh,0,0,431,34,34
rdtsc_ovh,0,0,432,36,36
rdtsc_ovh,0,0,433,34,34
rdtsc_ovh,0,0,434,34,34
rdtsc_ovh,0,0,435,34,34
rdtsc_ovh,0,0,436,34,34
rdtsc_ovh,0,0,437,34,34
rdtsc_ovh,0,0,438,36,36
rdtsc_ovh,0,0,439,34,34
rdtsc_ovh,0,0,440,36,36
rdtsc_ovh,0,0,441,34,34
rdtsc_ovh,0,0,442,36,36
rdtsc_ovh,0,0,443,32,32
rdtsc_ovh,0,0,444,36,36
rdtsc_ovh,0,0,445,36,36
rdtsc_ovh,0,0,446,34,34
rdtsc_ovh,0,0,447,38,38
rdtsc_ovh,0,0,448,36,36
rdtsc_ovh,0,0,449,34,34
rdtsc_ovh,0,0,450,38,38
rdtsc_ovh,0,0,451,34,34
rdtsc_ovh,0,0,452,36,36
rdtsc_ovh,0,0,453,34,34
rdtsc_ovh,0,0,454,40,40
rdtsc_ovh,0,0,455,34,34
rdtsc_ovh,0,0,456,36,36
rdtsc_ovh,0,0,457,34,34
rdtsc_ovh,0,0,458,36,36
rdtsc_ovh,0,0,459,34,34
rdtsc_ovh,0,0,460,36,36
rdtsc_ovh,0,0,461,32,32
rdtsc_ovh,0,0,462,36,36
rdtsc_ovh,0,0,463,34,34
rdtsc_ovh,0,0,464,36,36
rdtsc_ovh,0,0,465,34,34
rdtsc_ovh,0,0,466,34,34
rdtsc_ovh,0,0,467,34,34
rdtsc_ovh,0,0,468,36,36
rdtsc_ovh,0,0,469,34,34
rdtsc_ovh,0,0,470,30,30
rdtsc_ovh,0,0,471,36,36
rdtsc_ovh,0,0,472,34,34
rdtsc_ovh,0,0,473,38,38
rdtsc_ovh,0,0,474,34,34
rdtsc_ovh,0,0,475,36,36
rdtsc_ovh,0,0,476,34,34
rdtsc_ovh,0,0,477,36,36
rdtsc_ovh,0,0,478,36,36
rdtsc_ovh,0,0,479,36,36
rdtsc_ovh,0,0,480,32,32
rdtsc_ovh,0,0,481,36,36
rdtsc_ovh,0,0,482,34,34
rdtsc_ovh,0,0,483,36,36
rdtsc_ovh,0,0,484,34,34
rdtsc_ovh,0,0,485,40,40
rdtsc_ovh,0,0,486,34,34
rdtsc_ovh,0,0,487,38,38
rdtsc_ovh,0,0,488,34,34
rdtsc_ovh,0,0,489,36,36
rdtsc_ovh,0,0,490,34,34
rdtsc_ovh,0,0,491,36,36
rdtsc_ovh,0,0,492,34,34
rdtsc_ovh,0,0,493,36,36
rdtsc_ovh,0,0,494,34,34
rdtsc_ovh,0,0,495,36,36
rdtsc_ovh,0,0,496,34,34
rdtsc_ovh,0,0,497,36,36
rdtsc_ovh,0,0,498,34,34
rdtsc_ovh,0,0,499,36,36
rdtsc_ovh,0,0,500,34,34
rdtsc_ovh,0,0,501,36,36
rdtsc_ovh,0,0,502,34,34
rdtsc_ovh,0,0,503,36,36
rdtsc_ovh,0,0,504,36,36
rdtsc_ovh,0,0,505,38,38
rdtsc_ovh,0,0,506,34,34
rdtsc_ovh,0,0,507,36,36
rdtsc_ovh,0,0,508,34,34
rdtsc_ovh,0,0,509,34,34
rdtsc_ovh,0,0,510,36,36
rdtsc_ovh,0,0,511,40,40
rdtsc_ovh,0,0,512,36,36
rdtsc_ovh,0,0,513,42,42
rdtsc_ovh,0,0,514,36,36
rdtsc_ovh,0,0,515,36,36
rdtsc_ovh,0,0,516,36,36
rdtsc_ovh,0,0,517,36,36
rdtsc_ovh,0,0,518,36,36
rdtsc_ovh,0,0,519,36,36
rdtsc_ovh,0,0,520,36,36
rdtsc_ovh,0,0,521,36,36
rdtsc_ovh,0,0,522,36,36
rdtsc_ovh,0,0,523,34,34
rdtsc_ovh,0,0,524,34,34
rdtsc_ovh,0,0,525,34,34
rdtsc_ovh,0,0,526,36,36
rdtsc_ovh,0,0,527,34,34
rdtsc_ovh,0,0,528,34,34
rdtsc_ovh,0,0,529,36,36
rdtsc_ovh,0,0,530,34,34
rdtsc_ovh,0,0,531,36,36
rdtsc_ovh,0,0,532,36,36
rdtsc_ovh,0,0,533,38,38
rdtsc_ovh,0,0,534,36,36
rdtsc_ovh,0,0,535,38,38
rdtsc_ovh,0,0,536,36,36
rdtsc_ovh,0,0,537,34,34
rdtsc_ovh,0,0,538,36,36
rdtsc_ovh,0,0,539,36,36
rdtsc_ovh,0,0,540,34,34
rdtsc_ovh,0,0,541,34,34
rdtsc_ovh,0,0,542,32,32
rdtsc_ovh,0,0,543,36,36
rdtsc_ovh,0,0,544,36,36
rdtsc_ovh,0,0,545,34,34
rdtsc_ovh,0,0,546,34,34
rdtsc_ovh,0,0,547,38,38
rdtsc_ovh,0,0,548,36,36
rdtsc_ovh,0,0,549,34,34
rdtsc_ovh,0,0,550,34,34
rdtsc_ovh,0,0,551,38,38
rdtsc_ovh,0,0,552,36,36
rdtsc_ovh,0,0,553,36,36
rdtsc_ovh,0,0,554,36,36
rdtsc_ovh,0,0,555,36,36
rdtsc_ovh,0,0,556,36,36
rdtsc_ovh,0,0,557,36,36
rdtsc_ovh,0,0,558,34,34
rdtsc_ovh,0,0,559,34,34
rdtsc_ovh,0,0,560,36,36
rdtsc_ovh,0,0,561,36,36
rdtsc_ovh,0,0,562,34,34
rdtsc_ovh,0,0,563,36,36
rdtsc_ovh,0,0,564,38,38
rdtsc_ovh,0,0,565,34,34
rdtsc_ovh,0,0,566,36,36
rdtsc_ovh,0,0,567,36,36
rdtsc_ovh,0,0,568,34,34
rdtsc_ovh,0,0,569,34,34
rdtsc_ovh,0,0,570,34,34
rdtsc_ovh,0,0,571,36,36
rdtsc_ovh,0,0,572,34,34
rdtsc_ovh,0,0,573,36,36
rdtsc_ovh,0,0,574,38,38
rdtsc_ovh,0,0,575,34,34
rdtsc_ovh,0,0,576,34,34
rdtsc_ovh,0,0,577,36,36
rdtsc_ovh,0,0,578,36,36
rdtsc_ovh,0,0,579,34,34
rdtsc_ovh,0,0,580,36,36
rdtsc_ovh,0,0,581,36,36
rdtsc_ovh,0,0,582,36,36
rdtsc_ovh,0,0,583,34,34
rdtsc_ovh,0,0,584,38,38
rdtsc_ovh,0,0,585,36,36
rdtsc_ovh,0,0,586,34,34
rdtsc_ovh,0,0,587,36,36
rdtsc_ovh,0,0,588,36,36
rdtsc_ovh,0,0,589,34,34
rdtsc_ovh,0,0,590,32,32
rdtsc_ovh,0,0,591,36,36
rdtsc_ovh,0,0,592,36,36
rdtsc_ovh,0,0,593,34,34
rdtsc_ovh,0,0,594,34,34
rdtsc_ovh,0,0,595,36,36
rdtsc_ovh,0,0,596,36,36
rdtsc_ovh,0,0,597,34,34
rdtsc_ovh,0,0,598,32,32
rdtsc_ovh,0,0,599,38,38
rdtsc_ovh,0,0,600,36,36
rdtsc_ovh,0,0,601,34,34
rdtsc_ovh,0,0,602,34,34
rdtsc_ovh,0,0,603,36,36
rdtsc_ovh,0,0,604,40,40
rdtsc_ovh,0,0,605,34,34
rdtsc_ovh,0,0,606,34,34
rdtsc_ovh,0,0,607,36,36
rdtsc_ovh,0,0,608,34,34
rdtsc_ovh,0,0,609,32,32
rdtsc_ovh,0,0,610,34,34
rdtsc_ovh,0,0,611,36,36
rdtsc_ovh,0,0,612,36,36
rdtsc_ovh,0,0,613,34,34
rdtsc_ovh,0,0,614,34,34
rdtsc_ovh,0,0,615,38,38
rdtsc_ovh,0,0,616,36,36
rdtsc_ovh,0,0,617,34,34
rdtsc_ovh,0,0,618,32,32
rdtsc_ovh,0,0,619,36,36
rdtsc_ovh,0,0,620,36,36
rdtsc_ovh,0,0,621,34,34
rdtsc_ovh,0,0,622,34,34
rdtsc_ovh,0,0,623,36,36
rdtsc_ovh,0,0,624,36,36
rdtsc_ovh,0,0,625,32,32
rdtsc_ovh,0,0,626,34,34
rdtsc_ovh,0,0,627,34,34
rdtsc_ovh,0,0,628,36,36
rdtsc_ovh,0,0,629,34,34
rdtsc_ovh,0,0,630,34,34
rdtsc_ovh,0,0,631,34,34
rdtsc_ovh,0,0,632,36,36
rdtsc_ovh,0,0,633,34,34
rdtsc_ovh,0,0,634,34,34
rdtsc_ovh,0,0,635,38,38
rdtsc_ovh,0,0,636,36,36
rdtsc_ovh,0,0,637,34,34
rdtsc_ovh,0,0,638,34,34
rdtsc_ovh,0,0,639,36,36
rdtsc_ovh,0,0,640,36,36
rdtsc_ovh,0,0,641,34,34
rdtsc_ovh,0,0,642,36,36
rdtsc_ovh,0,0,643,36,36
rdtsc_ovh,0,0,644,36,36
rdtsc_ovh,0,0,645,32,32
rdtsc_ovh,0,0,646,34,34
rdtsc_ovh,0,0,647,36,36
rdtsc_ovh,0,0,648,36,36
rdtsc_ovh,0,0,649,34,34
rdtsc_ovh,0,0,650,32,32
rdtsc_ovh,0,0,651,36,36
rdtsc_ovh,0,0,652,34,34
rdtsc_ovh,0,0,653,34,34
rdtsc_ovh,0,0,654,34,34
rdtsc_ovh,0,0,655,36,36
rdtsc_ovh,0,0,656,34,34
rdtsc_ovh,0,0,657,34,34
rdtsc_ovh,0,0,658,34,34
rdtsc_ovh,0,0,659,36,36
rdtsc_ovh,0,0,660,36,36
rdtsc_ovh,0,0,661,38,38
rdtsc_ovh,0,0,662,34,34
rdtsc_ovh,0,0,663,36,36
rdtsc_ovh,0,0,664,36,36
rdtsc_ovh,0,0,665,34,34
rdtsc_ovh,0,0,666,36,36
rdtsc_ovh,0,0,667,36,36
rdtsc_ovh,0,0,668,36,36
rdtsc_ovh,0,0,669,32,32
rdtsc_ovh,0,0,670,34,34
rdtsc_ovh,0,0,671,36,36
rdtsc_ovh,0,0,672,36,36
rdtsc_ovh,0,0,673,34,34
rdtsc_ovh,0,0,674,34,34
rdtsc_ovh,0,0,675,36,36
rdtsc_ovh,0,0,676,36,36
rdtsc_ovh,0,0,677,32,32
rdtsc_ovh,0,0,678,34,34
rdtsc_ovh,0,0,679,36,36
rdtsc_ovh,0,0,680,36,36
rdtsc_ovh,0,0,681,34,34
rdtsc_ovh,0,0,682,34,34
rdtsc_ovh,0,0,683,36,36
rdtsc_ovh,0,0,684,36,36
rdtsc_ovh,0,0,685,36,36
rdtsc_ovh,0,0,686,34,34
rdtsc_ovh,0,0,687,36,36
rdtsc_ovh,0,0,688,38,38
rdtsc_ovh,0,0,689,34,34
rdtsc_ovh,0,0,690,36,36
rdtsc_ovh,0,0,691,36,36
rdtsc_ovh,0,0,692,36,36
rdtsc_ovh,0,0,693,36,36
rdtsc_ovh,0,0,694,34,34
rdtsc_ovh,0,0,695,38,38
rdtsc_ovh,0,0,696,36,36
rdtsc_ovh,0,0,697,34,34
rdtsc_ovh,0,0,698,34,34
rdtsc_ovh,0,0,699,34,34
rdtsc_ovh,0,0,700,34,34
rdtsc_ovh,0,0,701,34,34
rdtsc_ovh,0,0,702,34,34
rdtsc_ovh,0,0,703,38,38
rdtsc_ovh,0,0,704,34,34
rdtsc_ovh,0,0,705,34,34
rdtsc_ovh,0,0,706,38,38
rdtsc_ovh,0,0,707,34,34
rdtsc_ovh,0,0,708,36,36
rdtsc_ovh,0,0,709,34,34
rdtsc_ovh,0,0,710,34,34
rdtsc_ovh,0,0,711,34,34
rdtsc_ovh,0,0,712,30,30
rdtsc_ovh,0,0,713,36,36
rdtsc_ovh,0,0,714,40,40
rdtsc_ovh,0,0,715,36,36
rdtsc_ovh,0,0,716,34,34
rdtsc_ovh,0,0,717,34,34
rdtsc_ovh,0,0,718,36,36
rdtsc_ovh,0,0,719,36,36
rdtsc_ovh,0,0,720,34,34
rdtsc_ovh,0,0,721,32,32
rdtsc_ovh,0,0,722,34,34
rdtsc_ovh,0,0,723,40,40
rdtsc_ovh,0,0,724,34,34
rdtsc_ovh,0,0,725,32,32
rdtsc_ovh,0,0,726,34,34
rdtsc_ovh,0,0,727,36,36
rdtsc_ovh,0,0,728,34,34
rdtsc_ovh,0,0,729,34,34
rdtsc_ovh,0,0,730,36,36
rdtsc_ovh,0,0,731,38,38
rdtsc_ovh,0,0,732,38,38
rdtsc_ovh,0,0,733,34,34
rdtsc_ovh,0,0,734,32,32
rdtsc_ovh,0,0,735,36,36
rdtsc_ovh,0,0,736,36,36
rdtsc_ovh,0,0,737,34,34
rdtsc_ovh,0,0,738,34,34
rdtsc_ovh,0,0,739,36,36
rdtsc_ovh,0,0,740,36,36
rdtsc_ovh,0,0,741,34,34
rdtsc_ovh,0,0,742,34,34
rdtsc_ovh,0,0,743,34,34
rdtsc_ovh,0,0,744,34,34
rdtsc_ovh,0,0,745,32,32
rdtsc_ovh,0,0,746,34,34
rdtsc_ovh,0,0,747,38,38
rdtsc_ovh,0,0,748,34,34
rdtsc_ovh,0,0,749,36,36
rdtsc_ovh,0,0,750,36,36
rdtsc_ovh,0,0,751,34,34
rdtsc_ovh,0,0,752,34,34
rdtsc_ovh,0,0,753,36,36
rdtsc_ovh,0,0,754,38,38
rdtsc_ovh,0,0,755,34,34
rdtsc_ovh,0,0,756,34,34
rdtsc_ovh,0,0,757,36,36
rdtsc_ovh,0,0,758,38,38
rdtsc_ovh,0,0,759,34,34
rdtsc_ovh,0,0,760,36,36
rdtsc_ovh,0,0,761,34,34
rdtsc_ovh,0,0,762,34,34
rdtsc_ovh,0,0,763,36,36
rdtsc_ovh,0,0,764,36,36
rdtsc_ovh,0,0,765,34,34
rdtsc_ovh,0,0,766,36,36
rdtsc_ovh,0,0,767,36,36
rdtsc_ovh,0,0,768,34,34
rdtsc_ovh,0,0,769,36,36
rdtsc_ovh,0,0,770,34,34
rdtsc_ovh,0,0,771,32,32
rdtsc_ovh,0,0,772,34,34
rdtsc_ovh,0,0,773,36,36
rdtsc_ovh,0,0,774,36,36
rdtsc_ovh,0,0,775,34,34
rdtsc_ovh,0,0,776,34,34
rdtsc_ovh,0,0,777,34,34
rdtsc_ovh,0,0,778,36,36
rdtsc_ovh,0,0,779,34,34
rdtsc_ovh,0,0,780,34,34
rdtsc_ovh,0,0,781,36,36
rdtsc_ovh,0,0,782,36,36
rdtsc_ovh,0,0,783,34,34
rdtsc_ovh,0,0,784,36,36
rdtsc_ovh,0,0,785,34,34
rdtsc_ovh,0,0,786,34,34
rdtsc_ovh,0,0,787,36,36
rdtsc_ovh,0,0,788,36,36
rdtsc_ovh,0,0,789,36,36
rdtsc_ovh,0,0,790,34,34
rdtsc_ovh,0,0,791,36,36
rdtsc_ovh,0,0,792,34,34
rdtsc_ovh,0,0,793,36,36
rdtsc_ovh,0,0,794,36,36
rdtsc_ovh,0,0,795,34,34
rdtsc_ovh,0,0,796,34,34
rdtsc_ovh,0,0,797,36,36
rdtsc_ovh,0,0,798,36,36
rdtsc_ovh,0,0,799,32,32
rdtsc_ovh,0,0,800,34,34
rdtsc_ovh,0,0,801,36,36
rdtsc_ovh,0,0,802,36,36
rdtsc_ovh,0,0,803,34,34
rdtsc_ovh,0,0,804,32,32
rdtsc_ovh,0,0,805,36,36
rdtsc_ovh,0,0,806,38,38
rdtsc_ovh,0,0,807,34,34
rdtsc_ovh,0,0,808,36,36
rdtsc_ovh,0,0,809,38,38
rdtsc_ovh,0,0,810,36,36
rdtsc_ovh,0,0,811,36,36
rdtsc_ovh,0,0,812,36,36
rdtsc_ovh,0,0,813,34,34
rdtsc_ovh,0,0,814,34,34
rdtsc_ovh,0,0,815,36,36
rdtsc_ovh,0,0,816,36,36
rdtsc_ovh,0,0,817,32,32
rdtsc_ovh,0,0,818,34,34
rdtsc_ovh,0,0,819,36,36
rdtsc_ovh,0,0,820,36,36
rdtsc_ovh,0,0,821,34,34
rdtsc_ovh,0,0,822,36,36
rdtsc_ovh,0,0,823,34,34
rdtsc_ovh,0,0,824,40,40
rdtsc_ovh,0,0,825,34,34
rdtsc_ovh,0,0,826,40,40
rdtsc_ovh,0,0,827,34,34
rdtsc_ovh,0,0,828,34,34
rdtsc_ovh,0,0,829,34,34
rdtsc_ovh,0,0,830,34,34
rdtsc_ovh,0,0,831,34,34
rdtsc_ovh,0,0,832,36,36
rdtsc_ovh,0,0,833,36,36
rdtsc_ovh,0,0,834,36,36
rdtsc_ovh,0,0,835,34,34
rdtsc_ovh,0,0,836,34,34
rdtsc_ovh,0,0,837,34,34
rdtsc_ovh,0,0,838,38,38
rdtsc_ovh,0,0,839,38,38
rdtsc_ovh,0,0,840,34,34
rdtsc_ovh,0,0,841,34,34
rdtsc_ovh,0,0,842,36,36
rdtsc_ovh,0,0,843,34,34
rdtsc_ovh,0,0,844,36,36
rdtsc_ovh,0,0,845,34,34
rdtsc_ovh,0,0,846,34,34
rdtsc_ovh,0,0,847,34,34
rdtsc_ovh,0,0,848,36,36
rdtsc_ovh,0,0,849,40,40
rdtsc_ovh,0,0,850,34,34
rdtsc_ovh,0,0,851,36,36
rdtsc_ovh,0,0,852,34,34
rdtsc_ovh,0,0,853,34,34
rdtsc_ovh,0,0,854,36,36
rdtsc_ovh,0,0,855,36,36
rdtsc_ovh,0,0,856,34,34
rdtsc_ovh,0,0,857,36,36
rdtsc_ovh,0,0,858,36,36
rdtsc_ovh,0,0,859,36,36
rdtsc_ovh,0,0,860,36,36
rdtsc_ovh,0,0,861,34,34
rdtsc_ovh,0,0,862,36,36
rdtsc_ovh,0,0,863,36,36
rdtsc_ovh,0,0,864,34,34
rdtsc_ovh,0,0,865,34,34
rdtsc_ovh,0,0,866,36,36
rdtsc_ovh,0,0,867,36,36
rdtsc_ovh,0,0,868,36,36
rdtsc_ovh,0,0,869,36,36
rdtsc_ovh,0,0,870,34,34
rdtsc_ovh,0,0,871,34,34
rdtsc_ovh,0,0,872,36,36
rdtsc_ovh,0,0,873,34,34
rdtsc_ovh,0,0,874,34,34
rdtsc_ovh,0,0,875,36,36
rdtsc_ovh,0,0,876,34,34
rdtsc_ovh,0,0,877,34,34
rdtsc_ovh,0,0,878,34,34
rdtsc_ovh,0,0,879,34,34
rdtsc_ovh,0,0,880,36,36
rdtsc_ovh,0,0,881,32,32
rdtsc_ovh,0,0,882,38,38
rdtsc_ovh,0,0,883,36,36
rdtsc_ovh,0,0,884,34,34
rdtsc_ovh,0,0,885,36,36
rdtsc_ovh,0,0,886,36,36
rdtsc_ovh,0,0,887,34,34
rdtsc_ovh,0,0,888,34,34
rdtsc_ovh,0,0,889,36,36
rdtsc_ovh,0,0,890,34,34
rdtsc_ovh,0,0,891,36,36
rdtsc_ovh,0,0,892,36,36
rdtsc_ovh,0,0,893,36,36
rdtsc_ovh,0,0,894,36,36
rdtsc_ovh,0,0,895,38,38
rdtsc_ovh,0,0,896,34,34
rdtsc_ovh,0,0,897,34,34
rdtsc_ovh,0,0,898,34,34
rdtsc_ovh,0,0,899,32,32
rdtsc_ovh,0,0,900,36,36
rdtsc_ovh,0,0,901,34,34
rdtsc_ovh,0,0,902,38,38
rdtsc_ovh,0,0,903,36,36
rdtsc_ovh,0,0,904,36,36
rdtsc_ovh,0,0,905,34,34
rdtsc_ovh,0,0,906,36,36
rdtsc_ovh,0,0,907,36,36
rdtsc_ovh,0,0,908,38,38
rdtsc_ovh,0,0,909,36,36
rdtsc_ovh,0,0,910,34,34
rdtsc_ovh,0,0,911,36,36
rdtsc_ovh,0,0,912,34,34
rdtsc_ovh,0,0,913,36,36
rdtsc_ovh,0,0,914,34,34
rdtsc_ovh,0,0,915,36,36
rdtsc_ovh,0,0,916,36,36
rdtsc_ovh,0,0,917,34,34
rdtsc_ovh,0,0,918,34,34
rdtsc_ovh,0,0,919,36,36
rdtsc_ovh,0,0,920,38,38
rdtsc_ovh,0,0,921,36,36
rdtsc_ovh,0,0,922,36,36
rdtsc_ovh,0,0,923,36,36
rdtsc_ovh,0,0,924,36,36
rdtsc_ovh,0,0,925,36,36
rdtsc_ovh,0,0,926,36,36
rdtsc_ovh,0,0,927,36,36
rdtsc_ovh,0,0,928,36,36
rdtsc_ovh,0,0,929,34,34
rdtsc_ovh,0,0,930,36,36
rdtsc_ovh,0,0,931,34,34
rdtsc_ovh,0,0,932,36,36
rdtsc_ovh,0,0,933,34,34
rdtsc_ovh,0,0,934,36,36
rdtsc_ovh,0,0,935,36,36
rdtsc_ovh,0,0,936,36,36
rdtsc_ovh,0,0,937,36,36
rdtsc_ovh,0,0,938,40,40
rdtsc_ovh,0,0,939,36,36
rdtsc_ovh,0,0,940,36,36
rdtsc_ovh,0,0,941,36,36
rdtsc_ovh,0,0,942,40,40
rdtsc_ovh,0,0,943,36,36
rdtsc_ovh,0,0,944,36,36
rdtsc_ovh,0,0,945,36,36
rdtsc_ovh,0,0,946,36,36
rdtsc_ovh,0,0,947,36,36
rdtsc_ovh,0,0,948,36,36
rdtsc_ovh,0,0,949,36,36
rdtsc_ovh,0,0,950,36,36
rdtsc_ovh,0,0,951,34,34
rdtsc_ovh,0,0,952,36,36
rdtsc_ovh,0,0,953,36,36
rdtsc_ovh,0,0,954,40,40
rdtsc_ovh,0,0,955,36,36
rdtsc_ovh,0,0,956,36,36
rdtsc_ovh,0,0,957,40,40
rdtsc_ovh,0,0,958,36,36
rdtsc_ovh,0,0,959,36,36
rdtsc_ovh,0,0,960,36,36
rdtsc_ovh,0,0,961,36,36
rdtsc_ovh,0,0,962,36,36
rdtsc_ovh,0,0,963,36,36
rdtsc_ovh,0,0,964,34,34
rdtsc_ovh,0,0,965,36,36
rdtsc_ovh,0,0,966,34,34
rdtsc_ovh,0,0,967,34,34
rdtsc_ovh,0,0,968,36,36
rdtsc_ovh,0,0,969,36,36
rdtsc_ovh,0,0,970,38,38
rdtsc_ovh,0,0,971,36,36
rdtsc_ovh,0,0,972,36,36
rdtsc_ovh,0,0,973,36,36
rdtsc_ovh,0,0,974,36,36
rdtsc_ovh,0,0,975,36,36
rdtsc_ovh,0,0,976,36,36
rdtsc_ovh,0,0,977,36,36
rdtsc_ovh,0,0,978,38,38
rdtsc_ovh,0,0,979,36,36
rdtsc_ovh,0,0,980,36,36
rdtsc_ovh,0,0,981,36,36
rdtsc_ovh,0,0,982,34,34
rdtsc_ovh,0,0,983,36,36
rdtsc_ovh,0,0,984,34,34
rdtsc_ovh,0,0,985,36,36
rdtsc_ovh,0,0,986,34,34
rdtsc_ovh,0,0,987,34,34
rdtsc_ovh,0,0,988,34,34
rdtsc_ovh,0,0,989,34,34
rdtsc_ovh,0,0,990,38,38
rdtsc_ovh,0,0,991,34,34
rdtsc_ovh,0,0,992,36,36
rdtsc_ovh,0,0,993,34,34
rdtsc_ovh,0,0,994,34,34
rdtsc_ovh,0,0,995,34,34
rdtsc_ovh,0,0,996,34,34
rdtsc_ovh,0,0,997,34,34
rdtsc_ovh,0,0,998,34,34
rdtsc_ovh,0,0,999,34,34
rdtsc_ovh,0,0,1000,34,34
rdtsc_ovh,0,0,1001,34,34
rdtsc_ovh,0,0,1002,34,34
rdtsc_ovh,0,0,1003,34,34
rdtsc_ovh,0,0,1004,34,34
rdtsc_ovh,0,0,1005,34,34
rdtsc_ovh,0,0,1006,38,38
rdtsc_ovh,0,0,1007,36,36
rdtsc_ovh,0,0,1008,34,34
rdtsc_ovh,0,0,1009,36,36
rdtsc_ovh,0,0,1010,34,34
rdtsc_ovh,0,0,1011,36,36
rdtsc_ovh,0,0,1012,36,36
rdtsc_ovh,0,0,1013,34,34
rdtsc_ovh,0,0,1014,34,34
rdtsc_ovh,0,0,1015,38,38
rdtsc_ovh,0,0,1016,34,34
rdtsc_ovh,0,0,1017,32,32
rdtsc_ovh,0,0,1018,36,36
rdtsc_ovh,0,0,1019,34,34
rdtsc_ovh,0,0,1020,36,36
rdtsc_ovh,0,0,1021,36,36
rdtsc_ovh,0,0,1022,34,34
rdtsc_ovh,0,0,1023,34,34
rdtsc_ovh,0,0,1024,34,34
rdtsc_ovh,0,0,1025,36,36
rdtsc_ovh,0,0,1026,34,34
rdtsc_ovh,0,0,1027,36,36
rdtsc_ovh,0,0,1028,36,36
rdtsc_ovh,0,0,1029,36,36
rdtsc_ovh,0,0,1030,36,36
rdtsc_ovh,0,0,1031,36,36
rdtsc_ovh,0,0,1032,34,34
rdtsc_ovh,0,0,1033,34,34
rdtsc_ovh,0,0,1034,34,34
rdtsc_ovh,0,0,1035,36,36
rdtsc_ovh,0,0,1036,34,34
rdtsc_ovh,0,0,1037,36,36
rdtsc_ovh,0,0,1038,36,36
rdtsc_ovh,0,0,1039,34,34
rdtsc_ovh,0,0,1040,34,34
rdtsc_ovh,0,0,1041,36,36
rdtsc_ovh,0,0,1042,32,32
rdtsc_ovh,0,0,1043,36,36
rdtsc_ovh,0,0,1044,36,36
rdtsc_ovh,0,0,1045,34,34
rdtsc_ovh,0,0,1046,36,36
rdtsc_ovh,0,0,1047,36,36
rdtsc_ovh,0,0,1048,34,34
rdtsc_ovh,0,0,1049,40,40
rdtsc_ovh,0,0,1050,34,34
rdtsc_ovh,0,0,1051,32,32
rdtsc_ovh,0,0,1052,36,36
rdtsc_ovh,0,0,1053,36,36
rdtsc_ovh,0,0,1054,34,34
rdtsc_ovh,0,0,1055,34,34
rdtsc_ovh,0,0,1056,34,34
rdtsc_ovh,0,0,1057,36,36
rdtsc_ovh,0,0,1058,36,36
rdtsc_ovh,0,0,1059,36,36
rdtsc_ovh,0,0,1060,34,34
rdtsc_ovh,0,0,1061,34,34
rdtsc_ovh,0,0,1062,36,36
rdtsc_ovh,0,0,1063,40,40
rdtsc_ovh,0,0,1064,36,36
rdtsc_ovh,0,0,1065,36,36
rdtsc_ovh,0,0,1066,34,34
rdtsc_ovh,0,0,1067,34,34
rdtsc_ovh,0,0,1068,34,34
rdtsc_ovh,0,0,1069,36,36
rdtsc_ovh,0,0,1070,38,38
rdtsc_ovh,0,0,1071,34,34
rdtsc_ovh,0,0,1072,36,36
rdtsc_ovh,0,0,1073,36,36
rdtsc_ovh,0,0,1074,32,32
rdtsc_ovh,0,0,1075,34,34
rdtsc_ovh,0,0,1076,36,36
rdtsc_ovh,0,0,1077,36,36
rdtsc_ovh,0,0,1078,34,34
rdtsc_ovh,0,0,1079,34,34
rdtsc_ovh,0,0,1080,34,34
rdtsc_ovh,0,0,1081,34,34
rdtsc_ovh,0,0,1082,34,34
rdtsc_ovh,0,0,1083,34,34
rdtsc_ovh,0,0,1084,36,36
rdtsc_ovh,0,0,1085,36,36
rdtsc_ovh,0,0,1086,36,36
rdtsc_ovh,0,0,1087,34,34
rdtsc_ovh,0,0,1088,36,36
rdtsc_ovh,0,0,1089,36,36
rdtsc_ovh,0,0,1090,34,34
rdtsc_ovh,0,0,1091,38,38
rdtsc_ovh,0,0,1092,34,34
rdtsc_ovh,0,0,1093,34,34
rdtsc_ovh,0,0,1094,34,34
rdtsc_ovh,0,0,1095,34,34
rdtsc_ovh,0,0,1096,34,34
rdtsc_ovh,0,0,1097,34,34
rdtsc_ovh,0,0,1098,36,36
rdtsc_ovh,0,0,1099,36,36
rdtsc_ovh,0,0,1100,36,36
rdtsc_ovh,0,0,1101,34,34
rdtsc_ovh,0,0,1102,36,36
rdtsc_ovh,0,0,1103,36,36
rdtsc_ovh,0,0,1104,32,32
rdtsc_ovh,0,0,1105,34,34
rdtsc_ovh,0,0,1106,36,36
rdtsc_ovh,0,0,1107,36,36
rdtsc_ovh,0,0,1108,34,34
rdtsc_ovh,0,0,1109,36,36
rdtsc_ovh,0,0,1110,34,34
rdtsc_ovh,0,0,1111,36,36
rdtsc_ovh,0,0,1112,36,36
rdtsc_ovh,0,0,1113,36,36
rdtsc_ovh,0,0,1114,32,32
rdtsc_ovh,0,0,1115,34,34
rdtsc_ovh,0,0,1116,36,36
rdtsc_ovh,0,0,1117,36,36
rdtsc_ovh,0,0,1118,36,36
rdtsc_ovh,0,0,1119,34,34
rdtsc_ovh,0,0,1120,34,34
rdtsc_ovh,0,0,1121,32,32
rdtsc_ovh,0,0,1122,36,36
rdtsc_ovh,0,0,1123,36,36
rdtsc_ovh,0,0,1124,34,34
rdtsc_ovh,0,0,1125,34,34
rdtsc_ovh,0,0,1126,34,34
rdtsc_ovh,0,0,1127,36,36
rdtsc_ovh,0,0,1128,36,36
rdtsc_ovh,0,0,1129,36,36
rdtsc_ovh,0,0,1130,34,34
rdtsc_ovh,0,0,1131,34,34
rdtsc_ovh,0,0,1132,36,36
rdtsc_ovh,0,0,1133,36,36
rdtsc_ovh,0,0,1134,34,34
rdtsc_ovh,0,0,1135,34,34
rdtsc_ovh,0,0,1136,36,36
rdtsc_ovh,0,0,1137,36,36
rdtsc_ovh,0,0,1138,34,34
rdtsc_ovh,0,0,1139,34,34
rdtsc_ovh,0,0,1140,36,36
rdtsc_ovh,0,0,1141,36,36
rdtsc_ovh,0,0,1142,34,34
rdtsc_ovh,0,0,1143,34,34
rdtsc_ovh,0,0,1144,36,36
rdtsc_ovh,0,0,1145,36,36
rdtsc_ovh,0,0,1146,30,30
rdtsc_ovh,0,0,1147,34,34
rdtsc_ovh,0,0,1148,36,36
rdtsc_ovh,0,0,1149,34,34
rdtsc_ovh,0,0,1150,34,34
rdtsc_ovh,0,0,1151,34,34
rdtsc_ovh,0,0,1152,36,36
rdtsc_ovh,0,0,1153,36,36
rdtsc_ovh,0,0,1154,34,34
rdtsc_ovh,0,0,1155,36,36
rdtsc_ovh,0,0,1156,34,34
rdtsc_ovh,0,0,1157,34,34
rdtsc_ovh,0,0,1158,36,36
rdtsc_ovh,0,0,1159,36,36
rdtsc_ovh,0,0,1160,36,36
rdtsc_ovh,0,0,1161,34,34
rdtsc_ovh,0,0,1162,34,34
rdtsc_ovh,0,0,1163,34,34
rdtsc_ovh,0,0,1164,36,36
rdtsc_ovh,0,0,1165,40,40
rdtsc_ovh,0,0,1166,34,34
rdtsc_ovh,0,0,1167,36,36
rdtsc_ovh,0,0,1168,34,34
rdtsc_ovh,0,0,1169,34,34
rdtsc_ovh,0,0,1170,34,34
rdtsc_ovh,0,0,1171,36,36
rdtsc_ovh,0,0,1172,34,34
rdtsc_ovh,0,0,1173,38,38
rdtsc_ovh,0,0,1174,34,34
rdtsc_ovh,0,0,1175,34,34
rdtsc_ovh,0,0,1176,36,36
rdtsc_ovh,0,0,1177,34,34
rdtsc_ovh,0,0,1178,36,36
rdtsc_ovh,0,0,1179,34,34
rdtsc_ovh,0,0,1180,36,36
rdtsc_ovh,0,0,1181,34,34
rdtsc_ovh,0,0,1182,36,36
rdtsc_ovh,0,0,1183,36,36
rdtsc_ovh,0,0,1184,34,34
rdtsc_ovh,0,0,1185,38,38
rdtsc_ovh,0,0,1186,34,34
rdtsc_ovh,0,0,1187,36,36
rdtsc_ovh,0,0,1188,34,34
rdtsc_ovh,0,0,1189,36,36
rdtsc_ovh,0,0,1190,34,34
rdtsc_ovh,0,0,1191,36,36
rdtsc_ovh,0,0,1192,36,36
rdtsc_ovh,0,0,1193,36,36
rdtsc_ovh,0,0,1194,36,36
rdtsc_ovh,0,0,1195,36,36
rdtsc_ovh,0,0,1196,36,36
rdtsc_ovh,0,0,1197,38,38
rdtsc_ovh,0,0,1198,34,34
rdtsc_ovh,0,0,1199,36,36
rdtsc_ovh,0,0,1200,34,34
rdtsc_ovh,0,0,1201,36,36
rdtsc_ovh,0,0,1202,36,36
rdtsc_ovh,0,0,1203,36,36
rdtsc_ovh,0,0,1204,38,38
rdtsc_ovh,0,0,1205,36,36
rdtsc_ovh,0,0,1206,36,36
rdtsc_ovh,0,0,1207,36,36
rdtsc_ovh,0,0,1208,36,36
rdtsc_ovh,0,0,1209,34,34
rdtsc_ovh,0,0,1210,34,34
rdtsc_ovh,0,0,1211,36,36
rdtsc_ovh,0,0,1212,34,34
rdtsc_ovh,0,0,1213,34,34
rdtsc_ovh,0,0,1214,34,34
rdtsc_ovh,0,0,1215,36,36
rdtsc_ovh,0,0,1216,32,32
rdtsc_ovh,0,0,1217,34,34
rdtsc_ovh,0,0,1218,32,32
rdtsc_ovh,0,0,1219,36,36
rdtsc_ovh,0,0,1220,36,36
rdtsc_ovh,0,0,1221,34,34
rdtsc_ovh,0,0,1222,38,38
rdtsc_ovh,0,0,1223,36,36
rdtsc_ovh,0,0,1224,34,34
rdtsc_ovh,0,0,1225,34,34
rdtsc_ovh,0,0,1226,32,32
rdtsc_ovh,0,0,1227,36,36
rdtsc_ovh,0,0,1228,36,36
rdtsc_ovh,0,0,1229,36,36
rdtsc_ovh,0,0,1230,36,36
rdtsc_ovh,0,0,1231,34,34
rdtsc_ovh,0,0,1232,34,34
rdtsc_ovh,0,0,1233,34,34
rdtsc_ovh,0,0,1234,34,34
rdtsc_ovh,0,0,1235,34,34
rdtsc_ovh,0,0,1236,34,34
rdtsc_ovh,0,0,1237,38,38
rdtsc_ovh,0,0,1238,34,34
rdtsc_ovh,0,0,1239,38,38
rdtsc_ovh,0,0,1240,34,34
rdtsc_ovh,0,0,1241,34,34
rdtsc_ovh,0,0,1242,34,34
rdtsc_ovh,0,0,1243,34,34
rdtsc_ovh,0,0,1244,34,34
rdtsc_ovh,0,0,1245,36,36
rdtsc_ovh,0,0,1246,32,32
rdtsc_ovh,0,0,1247,34,34
rdtsc_ovh,0,0,1248,38,38
rdtsc_ovh,0,0,1249,40,40
rdtsc_ovh,0,0,1250,34,34
rdtsc_ovh,0,0,1251,36,36
rdtsc_ovh,0,0,1252,34,34
rdtsc_ovh,0,0,1253,36,36
rdtsc_ovh,0,0,1254,34,34
rdtsc_ovh,0,0,1255,36,36
rdtsc_ovh,0,0,1256,38,38
rdtsc_ovh,0,0,1257,36,36
rdtsc_ovh,0,0,1258,34,34
rdtsc_ovh,0,0,1259,36,36
rdtsc_ovh,0,0,1260,34,34
rdtsc_ovh,0,0,1261,38,38
rdtsc_ovh,0,0,1262,34,34
rdtsc_ovh,0,0,1263,36,36
rdtsc_ovh,0,0,1264,34,34
rdtsc_ovh,0,0,1265,40,40
rdtsc_ovh,0,0,1266,34,34
rdtsc_ovh,0,0,1267,36,36
rdtsc_ovh,0,0,1268,32,32
rdtsc_ovh,0,0,1269,36,36
rdtsc_ovh,0,0,1270,34,34
rdtsc_ovh,0,0,1271,36,36
rdtsc_ovh,0,0,1272,34,34
rdtsc_ovh,0,0,1273,36,36
rdtsc_ovh,0,0,1274,36,36
rdtsc_ovh,0,0,1275,36,36
rdtsc_ovh,0,0,1276,34,34
rdtsc_ovh,0,0,1277,36,36
rdtsc_ovh,0,0,1278,32,32
rdtsc_ovh,0,0,1279,36,36
rdtsc_ovh,0,0,1280,34,34
rdtsc_ovh,0,0,1281,38,38
rdtsc_ovh,0,0,1282,34,34
rdtsc_ovh,0,0,1283,34,34
rdtsc_ovh,0,0,1284,34,34
rdtsc_ovh,0,0,1285,34,34
rdtsc_ovh,0,0,1286,34,34
rdtsc_ovh,0,0,1287,36,36
rdtsc_ovh,0,0,1288,34,34
rdtsc_ovh,0,0,1289,34,34
rdtsc_ovh,0,0,1290,34,34
rdtsc_ovh,0,0,1291,36,36
rdtsc_ovh,0,0,1292,34,34
rdtsc_ovh,0,0,1293,36,36
rdtsc_ovh,0,0,1294,34,34
rdtsc_ovh,0,0,1295,36,36
rdtsc_ovh,0,0,1296,34,34
rdtsc_ovh,0,0,1297,36,36
rdtsc_ovh,0,0,1298,34,34
rdtsc_ovh,0,0,1299,40,40
rdtsc_ovh,0,0,1300,34,34
rdtsc_ovh,0,0,1301,34,34
rdtsc_ovh,0,0,1302,34,34
rdtsc_ovh,0,0,1303,36,36
rdtsc_ovh,0,0,1304,36,36
rdtsc_ovh,0,0,1305,36,36
rdtsc_ovh,0,0,1306,32,32
rdtsc_ovh,0,0,1307,36,36
rdtsc_ovh,0,0,1308,34,34
rdtsc_ovh,0,0,1309,36,36
rdtsc_ovh,0,0,1310,34,34
rdtsc_ovh,0,0,1311,36,36
rdtsc_ovh,0,0,1312,34,34
rdtsc_ovh,0,0,1313,36,36
rdtsc_ovh,0,0,1314,34,34
rdtsc_ovh,0,0,1315,36,36
rdtsc_ovh,0,0,1316,34,34
rdtsc_ovh,0,0,1317,36,36
rdtsc_ovh,0,0,1318,34,34
rdtsc_ovh,0,0,1319,36,36
rdtsc_ovh,0,0,1320,34,34
rdtsc_ovh,0,0,1321,40,40
rdtsc_ovh,0,0,1322,34,34
rdtsc_ovh,0,0,1323,34,34
rdtsc_ovh,0,0,1324,36,36
rdtsc_ovh,0,0,1325,36,36
rdtsc_ovh,0,0,1326,36,36
rdtsc_ovh,0,0,1327,36,36
rdtsc_ovh,0,0,1328,32,32
rdtsc_ovh,0,0,1329,36,36
rdtsc_ovh,0,0,1330,32,32
rdtsc_ovh,0,0,1331,36,36
rdtsc_ovh,0,0,1332,36,36
rdtsc_ovh,0,0,1333,38,38
rdtsc_ovh,0,0,1334,34,34
rdtsc_ovh,0,0,1335,36,36
rdtsc_ovh,0,0,1336,34,34
rdtsc_ovh,0,0,1337,34,34
rdtsc_ovh,0,0,1338,34,34
rdtsc_ovh,0,0,1339,38,38
rdtsc_ovh,0,0,1340,36,36
rdtsc_ovh,0,0,1341,38,38
rdtsc_ovh,0,0,1342,36,36
rdtsc_ovh,0,0,1343,38,38
rdtsc_ovh,0,0,1344,36,36
rdtsc_ovh,0,0,1345,34,34
rdtsc_ovh,0,0,1346,36,36
rdtsc_ovh,0,0,1347,34,34
rdtsc_ovh,0,0,1348,36,36
rdtsc_ovh,0,0,1349,34,34
rdtsc_ovh,0,0,1350,36,36
rdtsc_ovh,0,0,1351,38,38
rdtsc_ovh,0,0,1352,38,38
rdtsc_ovh,0,0,1353,36,36
rdtsc_ovh,0,0,1354,40,40
rdtsc_ovh,0,0,1355,36,36
rdtsc_ovh,0,0,1356,36,36
rdtsc_ovh,0,0,1357,36,36
rdtsc_ovh,0,0,1358,36,36
rdtsc_ovh,0,0,1359,36,36
rdtsc_ovh,0,0,1360,36,36
rdtsc_ovh,0,0,1361,34,34
rdtsc_ovh,0,0,1362,36,36
rdtsc_ovh,0,0,1363,36,36
rdtsc_ovh,0,0,1364,32,32
rdtsc_ovh,0,0,1365,36,36
rdtsc_ovh,0,0,1366,34,34
rdtsc_ovh,0,0,1367,36,36
rdtsc_ovh,0,0,1368,38,38
rdtsc_ovh,0,0,1369,36,36
rdtsc_ovh,0,0,1370,34,34
rdtsc_ovh,0,0,1371,34,34
rdtsc_ovh,0,0,1372,34,34
rdtsc_ovh,0,0,1373,36,36
rdtsc_ovh,0,0,1374,34,34
rdtsc_ovh,0,0,1375,38,38
rdtsc_ovh,0,0,1376,34,34
rdtsc_ovh,0,0,1377,36,36
rdtsc_ovh,0,0,1378,34,34
rdtsc_ovh,0,0,1379,36,36
rdtsc_ovh,0,0,1380,34,34
rdtsc_ovh,0,0,1381,34,34
rdtsc_ovh,0,0,1382,34,34
rdtsc_ovh,0,0,1383,36,36
rdtsc_ovh,0,0,1384,34,34
rdtsc_ovh,0,0,1385,36,36
rdtsc_ovh,0,0,1386,34,34
rdtsc_ovh,0,0,1387,36,36
rdtsc_ovh,0,0,1388,34,34
rdtsc_ovh,0,0,1389,36,36
rdtsc_ovh,0,0,1390,34,34
rdtsc_ovh,0,0,1391,36,36
rdtsc_ovh,0,0,1392,36,36
rdtsc_ovh,0,0,1393,36,36
rdtsc_ovh,0,0,1394,34,34
rdtsc_ovh,0,0,1395,36,36
rdtsc_ovh,0,0,1396,34,34
rdtsc_ovh,0,0,1397,36,36
rdtsc_ovh,0,0,1398,36,36
rdtsc_ovh,0,0,1399,36,36
rdtsc_ovh,0,0,1400,36,36
rdtsc_ovh,0,0,1401,34,34
rdtsc_ovh,0,0,1402,34,34
rdtsc_ovh,0,0,1403,38,38
rdtsc_ovh,0,0,1404,36,36
rdtsc_ovh,0,0,1405,34,34
rdtsc_ovh,0,0,1406,34,34
rdtsc_ovh,0,0,1407,36,36
rdtsc_ovh,0,0,1408,34,34
rdtsc_ovh,0,0,1409,38,38
rdtsc_ovh,0,0,1410,34,34
rdtsc_ovh,0,0,1411,34,34
rdtsc_ovh,0,0,1412,36,36
rdtsc_ovh,0,0,1413,32,32
rdtsc_ovh,0,0,1414,36,36
rdtsc_ovh,0,0,1415,34,34
rdtsc_ovh,0,0,1416,34,34
rdtsc_ovh,0,0,1417,40,40
rdtsc_ovh,0,0,1418,34,34
rdtsc_ovh,0,0,1419,36,36
rdtsc_ovh,0,0,1420,34,34
rdtsc_ovh,0,0,1421,34,34
rdtsc_ovh,0,0,1422,36,36
rdtsc_ovh,0,0,1423,36,36
rdtsc_ovh,0,0,1424,34,34
rdtsc_ovh,0,0,1425,38,38
rdtsc_ovh,0,0,1426,34,34
rdtsc_ovh,0,0,1427,36,36
rdtsc_ovh,0,0,1428,36,36
rdtsc_ovh,0,0,1429,36,36
rdtsc_ovh,0,0,1430,34,34
rdtsc_ovh,0,0,1431,34,34
rdtsc_ovh,0,0,1432,36,36
rdtsc_ovh,0,0,1433,34,34
rdtsc_ovh,0,0,1434,36,36
rdtsc_ovh,0,0,1435,36,36
rdtsc_ovh,0,0,1436,36,36
rdtsc_ovh,0,0,1437,34,34
rdtsc_ovh,0,0,1438,34,34
rdtsc_ovh,0,0,1439,36,36
rdtsc_ovh,0,0,1440,36,36
rdtsc_ovh,0,0,1441,34,34
rdtsc_ovh,0,0,1442,34,34
rdtsc_ovh,0,0,1443,36,36
rdtsc_ovh,0,0,1444,34,34
rdtsc_ovh,0,0,1445,36,36
rdtsc_ovh,0,0,1446,34,34
rdtsc_ovh,0,0,1447,36,36
rdtsc_ovh,0,0,1448,36,36
rdtsc_ovh,0,0,1449,34,34
rdtsc_ovh,0,0,1450,36,36
rdtsc_ovh,0,0,1451,34,34
rdtsc_ovh,0,0,1452,36,36
rdtsc_ovh,0,0,1453,36,36
rdtsc_ovh,0,0,1454,36,36
rdtsc_ovh,0,0,1455,34,34
rdtsc_ovh,0,0,1456,34,34
rdtsc_ovh,0,0,1457,36,36
rdtsc_ovh,0,0,1458,34,34
rdtsc_ovh,0,0,1459,36,36
rdtsc_ovh,0,0,1460,34,34
rdtsc_ovh,0,0,1461,36,36
rdtsc_ovh,0,0,1462,34,34
rdtsc_ovh,0,0,1463,36,36
rdtsc_ovh,0,0,1464,36,36
rdtsc_ovh,0,0,1465,34,34
rdtsc_ovh,0,0,1466,36,36
rdtsc_ovh,0,0,1467,34,34
rdtsc_ovh,0,0,1468,36,36
rdtsc_ovh,0,0,1469,34,34
rdtsc_ovh,0,0,1470,34,34
rdtsc_ovh,0,0,1471,36,36
rdtsc_ovh,0,0,1472,36,36
rdtsc_ovh,0,0,1473,34,34
rdtsc_ovh,0,0,1474,34,34
rdtsc_ovh,0,0,1475,34,34
rdtsc_ovh,0,0,1476,34,34
rdtsc_ovh,0,0,1477,36,36
rdtsc_ovh,0,0,1478,34,34
rdtsc_ovh,0,0,1479,36,36
rdtsc_ovh,0,0,1480,36,36
rdtsc_ovh,0,0,1481,34,34
rdtsc_ovh,0,0,1482,36,36
rdtsc_ovh,0,0,1483,34,34
rdtsc_ovh,0,0,1484,36,36
rdtsc_ovh,0,0,1485,34,34
rdtsc_ovh,0,0,1486,36,36
rdtsc_ovh,0,0,1487,34,34
rdtsc_ovh,0,0,1488,34,34
rdtsc_ovh,0,0,1489,36,36
rdtsc_ovh,0,0,1490,32,32
rdtsc_ovh,0,0,1491,40,40
rdtsc_ovh,0,0,1492,32,32
rdtsc_ovh,0,0,1493,36,36
rdtsc_ovh,0,0,1494,34,34
rdtsc_ovh,0,0,1495,36,36
rdtsc_ovh,0,0,1496,36,36
rdtsc_ovh,0,0,1497,34,34
rdtsc_ovh,0,0,1498,36,36
rdtsc_ovh,0,0,1499,34,34
rdtsc_ovh,0,0,1500,36,36
rdtsc_ovh,0,0,1501,34,34
rdtsc_ovh,0,0,1502,34,34
rdtsc_ovh,0,0,1503,36,36
rdtsc_ovh,0,0,1504,36,36
rdtsc_ovh,0,0,1505,36,36
rdtsc_ovh,0,0,1506,36,36
rdtsc_ovh,0,0,1507,36,36
rdtsc_ovh,0,0,1508,34,34
rdtsc_ovh,0,0,1509,36,36
rdtsc_ovh,0,0,1510,34,34
rdtsc_ovh,0,0,1511,36,36
rdtsc_ovh,0,0,1512,36,36
rdtsc_ovh,0,0,1513,34,34
rdtsc_ovh,0,0,1514,38,38
rdtsc_ovh,0,0,1515,34,34
rdtsc_ovh,0,0,1516,36,36
rdtsc_ovh,0,0,1517,34,34
rdtsc_ovh,0,0,1518,36,36
rdtsc_ovh,0,0,1519,36,36
rdtsc_ovh,0,0,1520,36,36
rdtsc_ovh,0,0,1521,38,38
rdtsc_ovh,0,0,1522,38,38
rdtsc_ovh,0,0,1523,36,36
rdtsc_ovh,0,0,1524,38,38
rdtsc_ovh,0,0,1525,36,36
rdtsc_ovh,0,0,1526,34,34
rdtsc_ovh,0,0,1527,34,34
rdtsc_ovh,0,0,1528,34,34
rdtsc_ovh,0,0,1529,34,34
rdtsc_ovh,0,0,1530,36,36
rdtsc_ovh,0,0,1531,34,34
rdtsc_ovh,0,0,1532,36,36
rdtsc_ovh,0,0,1533,36,36
rdtsc_ovh,0,0,1534,34,34
rdtsc_ovh,0,0,1535,36,36
rdtsc_ovh,0,0,1536,34,34
rdtsc_ovh,0,0,1537,36,36
rdtsc_ovh,0,0,1538,34,34
rdtsc_ovh,0,0,1539,34,34
rdtsc_ovh,0,0,1540,34,34
rdtsc_ovh,0,0,1541,36,36
rdtsc_ovh,0,0,1542,38,38
rdtsc_ovh,0,0,1543,34,34
rdtsc_ovh,0,0,1544,34,34
rdtsc_ovh,0,0,1545,36,36
rdtsc_ovh,0,0,1546,34,34
rdtsc_ovh,0,0,1547,34,34
rdtsc_ovh,0,0,1548,30,30
rdtsc_ovh,0,0,1549,34,34
rdtsc_ovh,0,0,1550,36,36
rdtsc_ovh,0,0,1551,40,40
rdtsc_ovh,0,0,1552,34,34
rdtsc_ovh,0,0,1553,34,34
rdtsc_ovh,0,0,1554,36,36
rdtsc_ovh,0,0,1555,36,36
rdtsc_ovh,0,0,1556,34,34
rdtsc_ovh,0,0,1557,34,34
rdtsc_ovh,0,0,1558,36,36
rdtsc_ovh,0,0,1559,34,34
rdtsc_ovh,0,0,1560,34,34
rdtsc_ovh,0,0,1561,36,36
rdtsc_ovh,0,0,1562,34,34
rdtsc_ovh,0,0,1563,34,34
rdtsc_ovh,0,0,1564,34,34
rdtsc_ovh,0,0,1565,38,38
rdtsc_ovh,0,0,1566,34,34
rdtsc_ovh,0,0,1567,34,34
rdtsc_ovh,0,0,1568,36,36
rdtsc_ovh,0,0,1569,38,38
rdtsc_ovh,0,0,1570,34,34
rdtsc_ovh,0,0,1571,36,36
rdtsc_ovh,0,0,1572,36,36
rdtsc_ovh,0,0,1573,36,36
rdtsc_ovh,0,0,1574,34,34
rdtsc_ovh,0,0,1575,36,36
rdtsc_ovh,0,0,1576,34,34
rdtsc_ovh,0,0,1577,34,34
rdtsc_ovh,0,0,1578,36,36
rdtsc_ovh,0,0,1579,36,36
rdtsc_ovh,0,0,1580,34,34
rdtsc_ovh,0,0,1581,32,32
rdtsc_ovh,0,0,1582,36,36
rdtsc_ovh,0,0,1583,36,36
rdtsc_ovh,0,0,1584,34,34
rdtsc_ovh,0,0,1585,36,36
rdtsc_ovh,0,0,1586,34,34
rdtsc_ovh,0,0,1587,34,34
rdtsc_ovh,0,0,1588,36,36
rdtsc_ovh,0,0,1589,36,36
rdtsc_ovh,0,0,1590,32,32
rdtsc_ovh,0,0,1591,34,34
rdtsc_ovh,0,0,1592,36,36
rdtsc_ovh,0,0,1593,36,36
rdtsc_ovh,0,0,1594,34,34
rdtsc_ovh,0,0,1595,34,34
rdtsc_ovh,0,0,1596,36,36
rdtsc_ovh,0,0,1597,36,36
rdtsc_ovh,0,0,1598,34,34
rdtsc_ovh,0,0,1599,36,36
rdtsc_ovh,0,0,1600,36,36
rdtsc_ovh,0,0,1601,34,34
rdtsc_ovh,0,0,1602,36,36
rdtsc_ovh,0,0,1603,36,36
rdtsc_ovh,0,0,1604,34,34
rdtsc_ovh,0,0,1605,34,34
rdtsc_ovh,0,0,1606,36,36
rdtsc_ovh,0,0,1607,38,38
rdtsc_ovh,0,0,1608,34,34
rdtsc_ovh,0,0,1609,36,36
rdtsc_ovh,0,0,1610,34,34
rdtsc_ovh,0,0,1611,34,34
rdtsc_ovh,0,0,1612,36,36
rdtsc_ovh,0,0,1613,36,36
rdtsc_ovh,0,0,1614,38,38
rdtsc_ovh,0,0,1615,36,36
rdtsc_ovh,0,0,1616,36,36
rdtsc_ovh,0,0,1617,36,36
rdtsc_ovh,0,0,1618,34,34
rdtsc_ovh,0,0,1619,34,34
rdtsc_ovh,0,0,1620,36,36
rdtsc_ovh,0,0,1621,36,36
rdtsc_ovh,0,0,1622,34,34
rdtsc_ovh,0,0,1623,34,34
rdtsc_ovh,0,0,1624,36,36
rdtsc_ovh,0,0,1625,36,36
rdtsc_ovh,0,0,1626,34,34
rdtsc_ovh,0,0,1627,34,34
rdtsc_ovh,0,0,1628,36,36
rdtsc_ovh,0,0,1629,36,36
rdtsc_ovh,0,0,1630,36,36
rdtsc_ovh,0,0,1631,38,38
rdtsc_ovh,0,0,1632,34,34
rdtsc_ovh,0,0,1633,38,38
rdtsc_ovh,0,0,1634,34,34
rdtsc_ovh,0,0,1635,34,34
rdtsc_ovh,0,0,1636,36,36
rdtsc_ovh,0,0,1637,36,36
rdtsc_ovh,0,0,1638,34,34
rdtsc_ovh,0,0,1639,36,36
rdtsc_ovh,0,0,1640,32,32
rdtsc_ovh,0,0,1641,36,36
rdtsc_ovh,0,0,1642,32,32
rdtsc_ovh,0,0,1643,36,36
rdtsc_ovh,0,0,1644,34,34
rdtsc_ovh,0,0,1645,36,36
rdtsc_ovh,0,0,1646,34,34
rdtsc_ovh,0,0,1647,36,36
rdtsc_ovh,0,0,1648,34,34
rdtsc_ovh,0,0,1649,38,38
rdtsc_ovh,0,0,1650,34,34
rdtsc_ovh,0,0,1651,36,36
rdtsc_ovh,0,0,1652,38,38
rdtsc_ovh,0,0,1653,36,36
rdtsc_ovh,0,0,1654,34,34
rdtsc_ovh,0,0,1655,34,34
rdtsc_ovh,0,0,1656,34,34
rdtsc_ovh,0,0,1657,36,36
rdtsc_ovh,0,0,1658,36,36
rdtsc_ovh,0,0,1659,36,36
rdtsc_ovh,0,0,1660,34,34
rdtsc_ovh,0,0,1661,40,40
rdtsc_ovh,0,0,1662,34,34
rdtsc_ovh,0,0,1663,36,36
rdtsc_ovh,0,0,1664,34,34
rdtsc_ovh,0,0,1665,40,40
rdtsc_ovh,0,0,1666,34,34
rdtsc_ovh,0,0,1667,36,36
rdtsc_ovh,0,0,1668,38,38
rdtsc_ovh,0,0,1669,36,36
rdtsc_ovh,0,0,1670,40,40
rdtsc_ovh,0,0,1671,34,34
rdtsc_ovh,0,0,1672,36,36
rdtsc_ovh,0,0,1673,34,34
rdtsc_ovh,0,0,1674,36,36
rdtsc_ovh,0,0,1675,32,32
rdtsc_ovh,0,0,1676,36,36
rdtsc_ovh,0,0,1677,36,36
rdtsc_ovh,0,0,1678,34,34
rdtsc_ovh,0,0,1679,32,32
rdtsc_ovh,0,0,1680,36,36
rdtsc_ovh,0,0,1681,36,36
rdtsc_ovh,0,0,1682,34,34
rdtsc_ovh,0,0,1683,36,36
rdtsc_ovh,0,0,1684,36,36
rdtsc_ovh,0,0,1685,36,36
rdtsc_ovh,0,0,1686,36,36
rdtsc_ovh,0,0,1687,34,34
rdtsc_ovh,0,0,1688,32,32
rdtsc_ovh,0,0,1689,36,36
rdtsc_ovh,0,0,1690,36,36
rdtsc_ovh,0,0,1691,32,32
rdtsc_ovh,0,0,1692,36,36
rdtsc_ovh,0,0,1693,36,36
rdtsc_ovh,0,0,1694,36,36
rdtsc_ovh,0,0,1695,34,34
rdtsc_ovh,0,0,1696,34,34
rdtsc_ovh,0,0,1697,36,36
rdtsc_ovh,0,0,1698,34,34
rdtsc_ovh,0,0,1699,36,36
rdtsc_ovh,0,0,1700,36,36
rdtsc_ovh,0,0,1701,36,36
rdtsc_ovh,0,0,1702,34,34
rdtsc_ovh,0,0,1703,36,36
rdtsc_ovh,0,0,1704,36,36
rdtsc_ovh,0,0,1705,34,34
rdtsc_ovh,0,0,1706,34,34
rdtsc_ovh,0,0,1707,34,34
rdtsc_ovh,0,0,1708,34,34
rdtsc_ovh,0,0,1709,34,34
rdtsc_ovh,0,0,1710,34,34
rdtsc_ovh,0,0,1711,34,34
rdtsc_ovh,0,0,1712,36,36
rdtsc_ovh,0,0,1713,36,36
rdtsc_ovh,0,0,1714,36,36
rdtsc_ovh,0,0,1715,34,34
rdtsc_ovh,0,0,1716,34,34
rdtsc_ovh,0,0,1717,36,36
rdtsc_ovh,0,0,1718,36,36
rdtsc_ovh,0,0,1719,32,32
rdtsc_ovh,0,0,1720,34,34
rdtsc_ovh,0,0,1721,34,34
rdtsc_ovh,0,0,1722,34,34
rdtsc_ovh,0,0,1723,34,34
rdtsc_ovh,0,0,1724,34,34
rdtsc_ovh,0,0,1725,34,34
rdtsc_ovh,0,0,1726,36,36
rdtsc_ovh,0,0,1727,36,36
rdtsc_ovh,0,0,1728,36,36
rdtsc_ovh,0,0,1729,32,32
rdtsc_ovh,0,0,1730,34,34
rdtsc_ovh,0,0,1731,34,34
rdtsc_ovh,0,0,1732,34,34
rdtsc_ovh,0,0,1733,34,34
rdtsc_ovh,0,0,1734,34,34
rdtsc_ovh,0,0,1735,38,38
rdtsc_ovh,0,0,1736,34,34
rdtsc_ovh,0,0,1737,38,38
rdtsc_ovh,0,0,1738,34,34
rdtsc_ovh,0,0,1739,34,34
rdtsc_ovh,0,0,1740,34,34
rdtsc_ovh,0,0,1741,36,36
rdtsc_ovh,0,0,1742,34,34
rdtsc_ovh,0,0,1743,36,36
rdtsc_ovh,0,0,1744,36,36
rdtsc_ovh,0,0,1745,40,40
rdtsc_ovh,0,0,1746,36,36
rdtsc_ovh,0,0,1747,34,34
rdtsc_ovh,0,0,1748,34,34
rdtsc_ovh,0,0,1749,34,34
rdtsc_ovh,0,0,1750,36,36
rdtsc_ovh,0,0,1751,36,36
rdtsc_ovh,0,0,1752,34,34
rdtsc_ovh,0,0,1753,36,36
rdtsc_ovh,0,0,1754,36,36
rdtsc_ovh,0,0,1755,34,34
rdtsc_ovh,0,0,1756,34,34
rdtsc_ovh,0,0,1757,36,36
rdtsc_ovh,0,0,1758,36,36
rdtsc_ovh,0,0,1759,32,32
rdtsc_ovh,0,0,1760,34,34
rdtsc_ovh,0,0,1761,36,36
rdtsc_ovh,0,0,1762,36,36
rdtsc_ovh,0,0,1763,36,36
rdtsc_ovh,0,0,1764,36,36
rdtsc_ovh,0,0,1765,34,34
rdtsc_ovh,0,0,1766,36,36
rdtsc_ovh,0,0,1767,36,36
rdtsc_ovh,0,0,1768,34,34
rdtsc_ovh,0,0,1769,34,34
rdtsc_ovh,0,0,1770,34,34
rdtsc_ovh,0,0,1771,34,34
rdtsc_ovh,0,0,1772,34,34
rdtsc_ovh,0,0,1773,34,34
rdtsc_ovh,0,0,1774,34,34
rdtsc_ovh,0,0,1775,34,34
rdtsc_ovh,0,0,1776,34,34
rdtsc_ovh,0,0,1777,34,34
rdtsc_ovh,0,0,1778,34,34
rdtsc_ovh,0,0,1779,36,36
rdtsc_ovh,0,0,1780,36,36
rdtsc_ovh,0,0,1781,36,36
rdtsc_ovh,0,0,1782,36,36
rdtsc_ovh,0,0,1783,38,38
rdtsc_ovh,0,0,1784,38,38
rdtsc_ovh,0,0,1785,38,38
rdtsc_ovh,0,0,1786,36,36
rdtsc_ovh,0,0,1787,34,34
rdtsc_ovh,0,0,1788,34,34
rdtsc_ovh,0,0,1789,36,36
rdtsc_ovh,0,0,1790,36,36
rdtsc_ovh,0,0,1791,38,38
rdtsc_ovh,0,0,1792,34,34
rdtsc_ovh,0,0,1793,36,36
rdtsc_ovh,0,0,1794,36,36
rdtsc_ovh,0,0,1795,36,36
rdtsc_ovh,0,0,1796,34,34
rdtsc_ovh,0,0,1797,34,34
rdtsc_ovh,0,0,1798,34,34
rdtsc_ovh,0,0,1799,32,32
rdtsc_ovh,0,0,1800,36,36
rdtsc_ovh,0,0,1801,34,34
rdtsc_ovh,0,0,1802,36,36
rdtsc_ovh,0,0,1803,34,34
rdtsc_ovh,0,0,1804,36,36
rdtsc_ovh,0,0,1805,36,36
rdtsc_ovh,0,0,1806,36,36
rdtsc_ovh,0,0,1807,36,36
rdtsc_ovh,0,0,1808,36,36
rdtsc_ovh,0,0,1809,32,32
rdtsc_ovh,0,0,1810,34,34
rdtsc_ovh,0,0,1811,36,36
rdtsc_ovh,0,0,1812,40,40
rdtsc_ovh,0,0,1813,34,34
rdtsc_ovh,0,0,1814,34,34
rdtsc_ovh,0,0,1815,40,40
rdtsc_ovh,0,0,1816,34,34
rdtsc_ovh,0,0,1817,34,34
rdtsc_ovh,0,0,1818,34,34
rdtsc_ovh,0,0,1819,36,36
rdtsc_ovh,0,0,1820,38,38
rdtsc_ovh,0,0,1821,36,36
rdtsc_ovh,0,0,1822,34,34
rdtsc_ovh,0,0,1823,34,34
rdtsc_ovh,0,0,1824,36,36
rdtsc_ovh,0,0,1825,34,34
rdtsc_ovh,0,0,1826,34,34
rdtsc_ovh,0,0,1827,34,34
rdtsc_ovh,0,0,1828,38,38
rdtsc_ovh,0,0,1829,34,34
rdtsc_ovh,0,0,1830,34,34
rdtsc_ovh,0,0,1831,34,34
rdtsc_ovh,0,0,1832,34,34
rdtsc_ovh,0,0,1833,36,36
rdtsc_ovh,0,0,1834,34,34
rdtsc_ovh,0,0,1835,34,34
rdtsc_ovh,0,0,1836,34,34
rdtsc_ovh,0,0,1837,34,34
rdtsc_ovh,0,0,1838,34,34
rdtsc_ovh,0,0,1839,36,36
rdtsc_ovh,0,0,1840,36,36
rdtsc_ovh,0,0,1841,36,36
rdtsc_ovh,0,0,1842,36,36
rdtsc_ovh,0,0,1843,34,34
rdtsc_ovh,0,0,1844,34,34
rdtsc_ovh,0,0,1845,36,36
rdtsc_ovh,0,0,1846,38,38
rdtsc_ovh,0,0,1847,40,40
rdtsc_ovh,0,0,1848,36,36
rdtsc_ovh,0,0,1849,36,36
rdtsc_ovh,0,0,1850,36,36
rdtsc_ovh,0,0,1851,36,36
rdtsc_ovh,0,0,1852,34,34
rdtsc_ovh,0,0,1853,36,36
rdtsc_ovh,0,0,1854,36,36
rdtsc_ovh,0,0,1855,36,36
rdtsc_ovh,0,0,1856,36,36
rdtsc_ovh,0,0,1857,38,38
rdtsc_ovh,0,0,1858,36,36
rdtsc_ovh,0,0,1859,38,38
rdtsc_ovh,0,0,1860,36,36
rdtsc_ovh,0,0,1861,36,36
rdtsc_ovh,0,0,1862,36,36
rdtsc_ovh,0,0,1863,36,36
rdtsc_ovh,0,0,1864,36,36
rdtsc_ovh,0,0,1865,36,36
rdtsc_ovh,0,0,1866,36,36
rdtsc_ovh,0,0,1867,36,36
rdtsc_ovh,0,0,1868,36,36
rdtsc_ovh,0,0,1869,36,36
rdtsc_ovh,0,0,1870,36,36
rdtsc_ovh,0,0,1871,34,34
rdtsc_ovh,0,0,1872,34,34
rdtsc_ovh,0,0,1873,36,36
rdtsc_ovh,0,0,1874,36,36
rdtsc_ovh,0,0,1875,36,36
rdtsc_ovh,0,0,1876,36,36
rdtsc_ovh,0,0,1877,34,34
rdtsc_ovh,0,0,1878,36,36
rdtsc_ovh,0,0,1879,36,36
rdtsc_ovh,0,0,1880,36,36
rdtsc_ovh,0,0,1881,34,34
rdtsc_ovh,0,0,1882,38,38
rdtsc_ovh,0,0,1883,36,36
rdtsc_ovh,0,0,1884,32,32
rdtsc_ovh,0,0,1885,34,34
rdtsc_ovh,0,0,1886,36,36
rdtsc_ovh,0,0,1887,36,36
rdtsc_ovh,0,0,1888,36,36
rdtsc_ovh,0,0,1889,38,38
rdtsc_ovh,0,0,1890,34,34
rdtsc_ovh,0,0,1891,36,36
rdtsc_ovh,0,0,1892,36,36
rdtsc_ovh,0,0,1893,36,36
rdtsc_ovh,0,0,1894,34,34
rdtsc_ovh,0,0,1895,36,36
rdtsc_ovh,0,0,1896,34,34
rdtsc_ovh,0,0,1897,36,36
rdtsc_ovh,0,0,1898,36,36
rdtsc_ovh,0,0,1899,36,36
rdtsc_ovh,0,0,1900,34,34
rdtsc_ovh,0,0,1901,36,36
rdtsc_ovh,0,0,1902,36,36
rdtsc_ovh,0,0,1903,36,36
rdtsc_ovh,0,0,1904,34,34
rdtsc_ovh,0,0,1905,36,36
rdtsc_ovh,0,0,1906,36,36
rdtsc_ovh,0,0,1907,36,36
rdtsc_ovh,0,0,1908,36,36
rdtsc_ovh,0,0,1909,38,38
rdtsc_ovh,0,0,1910,36,36
rdtsc_ovh,0,0,1911,36,36
rdtsc_ovh,0,0,1912,36,36
rdtsc_ovh,0,0,1913,34,34
rdtsc_ovh,0,0,1914,36,36
rdtsc_ovh,0,0,1915,34,34
rdtsc_ovh,0,0,1916,36,36
rdtsc_ovh,0,0,1917,34,34
rdtsc_ovh,0,0,1918,36,36
rdtsc_ovh,0,0,1919,34,34
rdtsc_ovh,0,0,1920,36,36
rdtsc_ovh,0,0,1921,36,36
rdtsc_ovh,0,0,1922,36,36
rdtsc_ovh,0,0,1923,34,34
rdtsc_ovh,0,0,1924,36,36
rdtsc_ovh,0,0,1925,36,36
rdtsc_ovh,0,0,1926,36,36
rdtsc_ovh,0,0,1927,38,38
rdtsc_ovh,0,0,1928,36,36
rdtsc_ovh,0,0,1929,40,40
rdtsc_ovh,0,0,1930,36,36
rdtsc_ovh,0,0,1931,36,36
rdtsc_ovh,0,0,1932,36,36
rdtsc_ovh,0,0,1933,38,38
rdtsc_ovh,0,0,1934,36,36
rdtsc_ovh,0,0,1935,36,36
rdtsc_ovh,0,0,1936,34,34
rdtsc_ovh,0,0,1937,34,34
rdtsc_ovh,0,0,1938,38,38
rdtsc_ovh,0,0,1939,36,36
rdtsc_ovh,0,0,1940,36,36
rdtsc_ovh,0,0,1941,34,34
rdtsc_ovh,0,0,1942,36,36
rdtsc_ovh,0,0,1943,36,36
rdtsc_ovh,0,0,1944,38,38
rdtsc_ovh,0,0,1945,34,34
rdtsc_ovh,0,0,1946,36,36
rdtsc_ovh,0,0,1947,40,40
rdtsc_ovh,0,0,1948,32,32
rdtsc_ovh,0,0,1949,34,34
rdtsc_ovh,0,0,1950,36,36
rdtsc_ovh,0,0,1951,36,36
rdtsc_ovh,0,0,1952,36,36
rdtsc_ovh,0,0,1953,34,34
rdtsc_ovh,0,0,1954,34,34
rdtsc_ovh,0,0,1955,34,34
rdtsc_ovh,0,0,1956,34,34
rdtsc_ovh,0,0,1957,34,34
rdtsc_ovh,0,0,1958,34,34
rdtsc_ovh,0,0,1959,38,38
rdtsc_ovh,0,0,1960,34,34
rdtsc_ovh,0,0,1961,34,34
rdtsc_ovh,0,0,1962,34,34
rdtsc_ovh,0,0,1963,38,38
rdtsc_ovh,0,0,1964,34,34
rdtsc_ovh,0,0,1965,34,34
rdtsc_ovh,0,0,1966,34,34
rdtsc_ovh,0,0,1967,34,34
rdtsc_ovh,0,0,1968,36,36
rdtsc_ovh,0,0,1969,34,34
rdtsc_ovh,0,0,1970,34,34
rdtsc_ovh,0,0,1971,34,34
rdtsc_ovh,0,0,1972,34,34
rdtsc_ovh,0,0,1973,38,38
rdtsc_ovh,0,0,1974,36,36
rdtsc_ovh,0,0,1975,34,34
rdtsc_ovh,0,0,1976,34,34
rdtsc_ovh,0,0,1977,36,36
rdtsc_ovh,0,0,1978,34,34
rdtsc_ovh,0,0,1979,34,34
rdtsc_ovh,0,0,1980,36,36
rdtsc_ovh,0,0,1981,36,36
rdtsc_ovh,0,0,1982,34,34
rdtsc_ovh,0,0,1983,34,34
rdtsc_ovh,0,0,1984,34,34
rdtsc_ovh,0,0,1985,36,36
rdtsc_ovh,0,0,1986,36,36
rdtsc_ovh,0,0,1987,34,34
rdtsc_ovh,0,0,1988,36,36
rdtsc_ovh,0,0,1989,36,36
rdtsc_ovh,0,0,1990,36,36
rdtsc_ovh,0,0,1991,36,36
rdtsc_ovh,0,0,1992,34,34
rdtsc_ovh,0,0,1993,36,36
rdtsc_ovh,0,0,1994,36,36
rdtsc_ovh,0,0,1995,34,34
rdtsc_ovh,0,0,1996,34,34
rdtsc_ovh,0,0,1997,36,36
rdtsc_ovh,0,0,1998,34,34
rdtsc_ovh,0,0,1999,34,34
rdtsc_ovh,0,0,2000,36,36
protect,4,1,1,2098,2098
protect,4,1,2,2164,2164
protect,4,1,3,2082,2082
protect,4,1,4,2046,2046
protect,4,1,5,2074,2074
protect,4,1,6,2082,2082
protect,4,1,7,2072,2072
protect,4,1,8,2096,2096
protect,4,1,9,2068,2068
protect,4,1,10,2070,2070
protect,4,1,11,2078,2078
protect,4,1,12,2100,2100
protect,4,1,13,2054,2054
protect,4,1,14,2070,2070
protect,4,1,15,2058,2058
protect,4,1,16,2046,2046
protect,4,1,17,2042,2042
protect,4,1,18,2056,2056
protect,4,1,19,2052,2052
protect,4,1,20,2066,2066
protect,4,1,21,2054,2054
protect,4,1,22,2064,2064
protect,4,1,23,2066,2066
protect,4,1,24,2084,2084
protect,4,1,25,2100,2100
protect,4,1,26,2096,2096
protect,4,1,27,2058,2058
protect,4,1,28,2114,2114
protect,4,1,29,2038,2038
protect,4,1,30,2056,2056
protect,4,1,31,2046,2046
protect,4,1,32,2058,2058
protect,4,1,33,2038,2038
protect,4,1,34,2110,2110
protect,4,1,35,2056,2056
protect,4,1,36,2062,2062
protect,4,1,37,2100,2100
protect,4,1,38,2064,2064
protect,4,1,39,2026,2026
protect,4,1,40,2064,2064
protect,4,1,41,2072,2072
protect,4,1,42,2062,2062
protect,4,1,43,2038,2038
protect,4,1,44,2068,2068
protect,4,1,45,2072,2072
protect,4,1,46,2140,2140
protect,4,1,47,2070,2070
protect,4,1,48,2060,2060
protect,4,1,49,2134,2134
protect,4,1,50,2060,2060
protect,4,1,51,2072,2072
protect,4,1,52,2064,2064
protect,4,1,53,2026,2026
protect,4,1,54,2064,2064
protect,4,1,55,2054,2054
protect,4,1,56,2062,2062
protect,4,1,57,2046,2046
protect,4,1,58,2054,2054
protect,4,1,59,2048,2048
protect,4,1,60,2050,2050
protect,4,1,61,2048,2048
protect,4,1,62,2050,2050
protect,4,1,63,2046,2046
protect,4,1,64,2102,2102
protect,4,1,65,2060,2060
protect,4,1,66,2070,2070
protect,4,1,67,2066,2066
protect,4,1,68,2058,2058
protect,4,1,69,2054,2054
protect,4,1,70,2046,2046
protect,4,1,71,2052,2052
protect,4,1,72,2072,2072
protect,4,1,73,2060,2060
protect,4,1,74,2050,2050
protect,4,1,75,2070,2070
protect,4,1,76,2078,2078
protect,4,1,77,2056,2056
protect,4,1,78,2052,2052
protect,4,1,79,2062,2062
protect,4,1,80,2040,2040
protect,4,1,81,2118,2118
protect,4,1,82,2044,2044
protect,4,1,83,2102,2102
protect,4,1,84,2062,2062
protect,4,1,85,2068,2068
protect,4,1,86,2054,2054
protect,4,1,87,2042,2042
protect,4,1,88,2058,2058
protect,4,1,89,2042,2042
protect,4,1,90,2050,2050
protect,4,1,91,2042,2042
protect,4,1,92,2050,2050
protect,4,1,93,2046,2046
protect,4,1,94,2060,2060
protect,4,1,95,2062,2062
protect,4,1,96,2062,2062
protect,4,1,97,2042,2042
protect,4,1,98,2080,2080
protect,4,1,99,2044,2044
protect,4,1,100,2062,2062
protect,4,1,101,2042,2042
protect,4,1,102,2066,2066
protect,4,1,103,2090,2090
protect,4,1,104,2080,2080
protect,4,1,105,2076,2076
protect,4,1,106,2066,2066
protect,4,1,107,2054,2054
protect,4,1,108,2098,2098
protect,4,1,109,2070,2070
protect,4,1,110,2116,2116
protect,4,1,111,2092,2092
protect,4,1,112,2064,2064
protect,4,1,113,2034,2034
protect,4,1,114,2026,2026
protect,4,1,115,2032,2032
protect,4,1,116,2110,2110
protect,4,1,117,2046,2046
protect,4,1,118,2052,2052
protect,4,1,119,2048,2048
protect,4,1,120,2054,2054
protect,4,1,121,2060,2060
protect,4,1,122,2084,2084
protect,4,1,123,2050,2050
protect,4,1,124,2068,2068
protect,4,1,125,2062,2062
protect,4,1,126,2066,2066
protect,4,1,127,2082,2082
protect,4,1,128,2038,2038
protect,4,1,129,2048,2048
protect,4,1,130,2054,2054
protect,4,1,131,2046,2046
protect,4,1,132,2068,2068
protect,4,1,133,2064,2064
protect,4,1,134,2044,2044
protect,4,1,135,2064,2064
protect,4,1,136,2034,2034
protect,4,1,137,2044,2044
protect,4,1,138,2074,2074
protect,4,1,139,2106,2106
protect,4,1,140,2030,2030
protect,4,1,141,2040,2040
protect,4,1,142,2054,2054
protect,4,1,143,2042,2042
protect,4,1,144,2056,2056
protect,4,1,145,2056,2056
protect,4,1,146,2050,2050
protect,4,1,147,2038,2038
protect,4,1,148,2052,2052
protect,4,1,149,2058,2058
protect,4,1,150,2038,2038
protect,4,1,151,2102,2102
protect,4,1,152,2068,2068
protect,4,1,153,2052,2052
protect,4,1,154,2090,2090
protect,4,1,155,2072,2072
protect,4,1,156,2064,2064
protect,4,1,157,2066,2066
protect,4,1,158,2062,2062
protect,4,1,159,2034,2034
protect,4,1,160,2038,2038
protect,4,1,161,2054,2054
protect,4,1,162,2058,2058
protect,4,1,163,2050,2050
protect,4,1,164,2064,2064
protect,4,1,165,2066,2066
protect,4,1,166,2060,2060
protect,4,1,167,2064,2064
protect,4,1,168,2026,2026
protect,4,1,169,2110,2110
protect,4,1,170,2064,2064
protect,4,1,171,2114,2114
protect,4,1,172,2058,2058
protect,4,1,173,2060,2060
protect,4,1,174,2040,2040
protect,4,1,175,2036,2036
protect,4,1,176,2042,2042
protect,4,1,177,2052,2052
protect,4,1,178,2008,2008
protect,4,1,179,2068,2068
protect,4,1,180,2048,2048
protect,4,1,181,2106,2106
protect,4,1,182,2026,2026
protect,4,1,183,2038,2038
protect,4,1,184,2024,2024
protect,4,1,185,2050,2050
protect,4,1,186,2044,2044
protect,4,1,187,2044,2044
protect,4,1,188,2054,2054
protect,4,1,189,2038,2038
protect,4,1,190,2042,2042
protect,4,1,191,2018,2018
protect,4,1,192,2034,2034
protect,4,1,193,2082,2082
protect,4,1,194,2052,2052
protect,4,1,195,2084,2084
protect,4,1,196,2036,2036
protect,4,1,197,2030,2030
protect,4,1,198,2032,2032
protect,4,1,199,2026,2026
protect,4,1,200,2090,2090
protect,4,1,201,2050,2050
protect,4,1,202,2042,2042
protect,4,1,203,2032,2032
protect,4,1,204,2048,2048
protect,4,1,205,2050,2050
protect,4,1,206,2072,2072
protect,4,1,207,2040,2040
protect,4,1,208,2054,2054
protect,4,1,209,2044,2044
protect,4,1,210,2022,2022
protect,4,1,211,2076,2076
protect,4,1,212,2052,2052
protect,4,1,213,2036,2036
protect,4,1,214,2058,2058
protect,4,1,215,2038,2038
protect,4,1,216,2030,2030
protect,4,1,217,2096,2096
protect,4,1,218,2060,2060
protect,4,1,219,2026,2026
protect,4,1,220,2042,2042
protect,4,1,221,2038,2038
protect,4,1,222,2046,2046
protect,4,1,223,2034,2034
protect,4,1,224,2036,2036
protect,4,1,225,2038,2038
protect,4,1,226,2050,2050
protect,4,1,227,2036,2036
protect,4,1,228,2050,2050
protect,4,1,229,2036,2036
protect,4,1,230,2016,2016
protect,4,1,231,2110,2110
protect,4,1,232,2038,2038
protect,4,1,233,2044,2044
protect,4,1,234,2046,2046
protect,4,1,235,2030,2030
protect,4,1,236,2026,2026
protect,4,1,237,2022,2022
protect,4,1,238,2068,2068
protect,4,1,239,2028,2028
protect,4,1,240,2104,2104
protect,4,1,241,2028,2028
protect,4,1,242,2042,2042
protect,4,1,243,2096,2096
protect,4,1,244,2044,2044
protect,4,1,245,2040,2040
protect,4,1,246,2024,2024
protect,4,1,247,2036,2036
protect,4,1,248,2020,2020
protect,4,1,249,2044,2044
protect,4,1,250,2022,2022
protect,4,1,251,2026,2026
protect,4,1,252,2028,2028
protect,4,1,253,2024,2024
protect,4,1,254,2024,2024
protect,4,1,255,2062,2062
protect,4,1,256,2046,2046
protect,4,1,257,2034,2034
protect,4,1,258,2026,2026
protect,4,1,259,2084,2084
protect,4,1,260,2040,2040
protect,4,1,261,2040,2040
protect,4,1,262,2064,2064
protect,4,1,263,2086,2086
protect,4,1,264,2050,2050
protect,4,1,265,2044,2044
protect,4,1,266,2044,2044
protect,4,1,267,2026,2026
protect,4,1,268,2028,2028
protect,4,1,269,2046,2046
protect,4,1,270,2038,2038
protect,4,1,271,2044,2044
protect,4,1,272,2036,2036
protect,4,1,273,2052,2052
protect,4,1,274,2036,2036
protect,4,1,275,2016,2016
protect,4,1,276,2020,2020
protect,4,1,277,2032,2032
protect,4,1,278,2036,2036
protect,4,1,279,2068,2068
protect,4,1,280,2028,2028
protect,4,1,281,2030,2030
protect,4,1,282,2026,2026
protect,4,1,283,2044,2044
protect,4,1,284,2046,2046
protect,4,1,285,2110,2110
protect,4,1,286,2048,2048
protect,4,1,287,2100,2100
protect,4,1,288,2038,2038
protect,4,1,289,2054,2054
protect,4,1,290,2044,2044
protect,4,1,291,2042,2042
protect,4,1,292,2046,2046
protect,4,1,293,2036,2036
protect,4,1,294,2100,2100
protect,4,1,295,2046,2046
protect,4,1,296,2034,2034
protect,4,1,297,2034,2034
protect,4,1,298,2048,2048
protect,4,1,299,2032,2032
protect,4,1,300,2040,2040
protect,4,1,301,2106,2106
protect,4,1,302,2058,2058
protect,4,1,303,2052,2052
protect,4,1,304,2044,2044
protect,4,1,305,2060,2060
protect,4,1,306,2070,2070
protect,4,1,307,2040,2040
protect,4,1,308,2052,2052
protect,4,1,309,2014,2014
protect,4,1,310,2020,2020
protect,4,1,311,2090,2090
protect,4,1,312,2050,2050
protect,4,1,313,2026,2026
protect,4,1,314,2100,2100
protect,4,1,315,2072,2072
protect,4,1,316,2054,2054
protect,4,1,317,2046,2046
protect,4,1,318,2018,2018
protect,4,1,319,2046,2046
protect,4,1,320,2036,2036
protect,4,1,321,2022,2022
protect,4,1,322,2018,2018
protect,4,1,323,2080,2080
protect,4,1,324,2034,2034
protect,4,1,325,2030,2030
protect,4,1,326,2086,2086
protect,4,1,327,2036,2036
protect,4,1,328,2050,2050
protect,4,1,329,2078,2078
protect,4,1,330,2098,2098
protect,4,1,331,2094,2094
protect,4,1,332,2068,2068
protect,4,1,333,2052,2052
protect,4,1,334,2160,2160
protect,4,1,335,2168,2168
protect,4,1,336,2064,2064
protect,4,1,337,2072,2072
protect,4,1,338,2064,2064
protect,4,1,339,2072,2072
protect,4,1,340,2068,2068
protect,4,1,341,2056,2056
protect,4,1,342,2062,2062
protect,4,1,343,2070,2070
protect,4,1,344,2060,2060
protect,4,1,345,2088,2088
protect,4,1,346,2136,2136
protect,4,1,347,2098,2098
protect,4,1,348,2058,2058
protect,4,1,349,2058,2058
protect,4,1,350,2040,2040
protect,4,1,351,2064,2064
protect,4,1,352,2056,2056
protect,4,1,353,2060,2060
protect,4,1,354,2064,2064
protect,4,1,355,2030,2030
protect,4,1,356,2042,2042
protect,4,1,357,2048,2048
protect,4,1,358,2064,2064
protect,4,1,359,2066,2066
protect,4,1,360,2074,2074
protect,4,1,361,2098,2098
protect,4,1,362,2062,2062
protect,4,1,363,2108,2108
protect,4,1,364,2058,2058
protect,4,1,365,2058,2058
protect,4,1,366,2086,2086
protect,4,1,367,2046,2046
protect,4,1,368,2082,2082
protect,4,1,369,2046,2046
protect,4,1,370,2054,2054
protect,4,1,371,2068,2068
protect,4,1,372,2070,2070
protect,4,1,373,2088,2088
protect,4,1,374,2070,2070
protect,4,1,375,2066,2066
protect,4,1,376,2044,2044
protect,4,1,377,2110,2110
protect,4,1,378,2056,2056
protect,4,1,379,2050,2050
protect,4,1,380,2052,2052
protect,4,1,381,2052,2052
protect,4,1,382,2028,2028
protect,4,1,383,2086,2086
protect,4,1,384,2060,2060
protect,4,1,385,2058,2058
protect,4,1,386,2062,2062
protect,4,1,387,2042,2042
protect,4,1,388,2060,2060
protect,4,1,389,2062,2062
protect,4,1,390,2098,2098
protect,4,1,391,2076,2076
protect,4,1,392,2078,2078
protect,4,1,393,2052,2052
protect,4,1,394,2072,2072
protect,4,1,395,2074,2074
protect,4,1,396,2074,2074
protect,4,1,397,2104,2104
protect,4,1,398,2076,2076
protect,4,1,399,2052,2052
protect,4,1,400,2078,2078
protect,4,1,401,2070,2070
protect,4,1,402,2076,2076
protect,4,1,403,2074,2074
protect,4,1,404,2094,2094
protect,4,1,405,2076,2076
protect,4,1,406,2070,2070
protect,4,1,407,2054,2054
protect,4,1,408,2088,2088
protect,4,1,409,2062,2062
protect,4,1,410,2060,2060
protect,4,1,411,2054,2054
protect,4,1,412,2058,2058
protect,4,1,413,2060,2060
protect,4,1,414,2066,2066
protect,4,1,415,2056,2056
protect,4,1,416,2056,2056
protect,4,1,417,2062,2062
protect,4,1,418,2058,2058
protect,4,1,419,2118,2118
protect,4,1,420,2064,2064
protect,4,1,421,2054,2054
protect,4,1,422,2058,2058
protect,4,1,423,2050,2050
protect,4,1,424,2060,2060
protect,4,1,425,2076,2076
protect,4,1,426,2120,2120
protect,4,1,427,2062,2062
protect,4,1,428,2060,2060
protect,4,1,429,2048,2048
protect,4,1,430,2056,2056
protect,4,1,431,2058,2058
protect,4,1,432,2058,2058
protect,4,1,433,2166,2166
protect,4,1,434,2060,2060
protect,4,1,435,2066,2066
protect,4,1,436,2060,2060
protect,4,1,437,2062,2062
protect,4,1,438,2044,2044
protect,4,1,439,2048,2048
protect,4,1,440,2062,2062
protect,4,1,441,2074,2074
protect,4,1,442,2048,2048
protect,4,1,443,2076,2076
protect,4,1,444,2026,2026
protect,4,1,445,2062,2062
protect,4,1,446,2078,2078
protect,4,1,447,2078,2078
protect,4,1,448,2072,2072
protect,4,1,449,2052,2052
protect,4,1,450,2084,2084
protect,4,1,451,2108,2108
protect,4,1,452,2100,2100
protect,4,1,453,2052,2052
protect,4,1,454,2056,2056
protect,4,1,455,2060,2060
protect,4,1,456,2034,2034
protect,4,1,457,2068,2068
protect,4,1,458,2090,2090
protect,4,1,459,2084,2084
protect,4,1,460,2080,2080
protect,4,1,461,2058,2058
protect,4,1,462,2054,2054
protect,4,1,463,2048,2048
protect,4,1,464,2070,2070
protect,4,1,465,2062,2062
protect,4,1,466,2066,2066
protect,4,1,467,2042,2042
protect,4,1,468,2062,2062
protect,4,1,469,2054,2054
protect,4,1,470,2048,2048
protect,4,1,471,2056,2056
protect,4,1,472,2120,2120
protect,4,1,473,2058,2058
protect,4,1,474,2066,2066
protect,4,1,475,2074,2074
protect,4,1,476,2044,2044
protect,4,1,477,2072,2072
protect,4,1,478,2042,2042
protect,4,1,479,2070,2070
protect,4,1,480,2056,2056
protect,4,1,481,2046,2046
protect,4,1,482,2102,2102
protect,4,1,483,2070,2070
protect,4,1,484,2074,2074
protect,4,1,485,2048,2048
protect,4,1,486,2052,2052
protect,4,1,487,2098,2098
protect,4,1,488,2058,2058
protect,4,1,489,2064,2064
protect,4,1,490,2108,2108
protect,4,1,491,2042,2042
protect,4,1,492,2022,2022
protect,4,1,493,2082,2082
protect,4,1,494,2028,2028
protect,4,1,495,2098,2098
protect,4,1,496,2058,2058
protect,4,1,497,2076,2076
protect,4,1,498,2028,2028
protect,4,1,499,2054,2054
protect,4,1,500,2028,2028
protect,4,1,501,2148,2148
protect,4,1,502,2058,2058
protect,4,1,503,2058,2058
protect,4,1,504,2016,2016
protect,4,1,505,2026,2026
protect,4,1,506,2048,2048
protect,4,1,507,2042,2042
protect,4,1,508,2044,2044
protect,4,1,509,2030,2030
protect,4,1,510,2050,2050
protect,4,1,511,2020,2020
protect,4,1,512,2080,2080
protect,4,1,513,2056,2056
protect,4,1,514,2058,2058
protect,4,1,515,2042,2042
protect,4,1,516,2024,2024
protect,4,1,517,2058,2058
protect,4,1,518,2034,2034
protect,4,1,519,2044,2044
protect,4,1,520,2036,2036
protect,4,1,521,2086,2086
protect,4,1,522,2120,2120
protect,4,1,523,2056,2056
protect,4,1,524,2028,2028
protect,4,1,525,2080,2080
protect,4,1,526,2058,2058
protect,4,1,527,2040,2040
protect,4,1,528,2028,2028
protect,4,1,529,2030,2030
protect,4,1,530,2044,2044
protect,4,1,531,2018,2018
protect,4,1,532,2040,2040
protect,4,1,533,2106,2106
protect,4,1,534,2050,2050
protect,4,1,535,2042,2042
protect,4,1,536,2046,2046
protect,4,1,537,2044,2044
protect,4,1,538,2056,2056
protect,4,1,539,2044,2044
protect,4,1,540,2074,2074
protect,4,1,541,2034,2034
protect,4,1,542,2038,2038
protect,4,1,543,2048,2048
protect,4,1,544,2048,2048
protect,4,1,545,2026,2026
protect,4,1,546,2040,2040
protect,4,1,547,2040,2040
protect,4,1,548,2094,2094
protect,4,1,549,2034,2034
protect,4,1,550,2034,2034
protect,4,1,551,2044,2044
protect,4,1,552,2032,2032
protect,4,1,553,2026,2026
protect,4,1,554,2052,2052
protect,4,1,555,2104,2104
protect,4,1,556,2062,2062
protect,4,1,557,2046,2046
protect,4,1,558,2062,2062
protect,4,1,559,2054,2054
protect,4,1,560,2064,2064
protect,4,1,561,2064,2064
protect,4,1,562,2098,2098
protect,4,1,563,2058,2058
protect,4,1,564,2044,2044
protect,4,1,565,2054,2054
protect,4,1,566,2050,2050
protect,4,1,567,2026,2026
protect,4,1,568,2026,2026
protect,4,1,569,2082,2082
protect,4,1,570,2042,2042
protect,4,1,571,2048,2048
protect,4,1,572,2040,2040
protect,4,1,573,2042,2042
protect,4,1,574,2018,2018
protect,4,1,575,2024,2024
protect,4,1,576,2012,2012
protect,4,1,577,2064,2064
protect,4,1,578,2100,2100
protect,4,1,579,2070,2070
protect,4,1,580,2052,2052
protect,4,1,581,2044,2044
protect,4,1,582,2088,2088
protect,4,1,583,2064,2064
protect,4,1,584,2098,2098
protect,4,1,585,2048,2048
protect,4,1,586,2036,2036
protect,4,1,587,2030,2030
protect,4,1,588,2050,2050
protect,4,1,589,2034,2034
protect,4,1,590,2092,2092
protect,4,1,591,2106,2106
protect,4,1,592,2048,2048
protect,4,1,593,2042,2042
protect,4,1,594,2050,2050
protect,4,1,595,2036,2036
protect,4,1,596,2048,2048
protect,4,1,597,2052,2052
protect,4,1,598,2058,2058
protect,4,1,599,2060,2060
protect,4,1,600,2032,2032
protect,4,1,601,2032,2032
protect,4,1,602,2104,2104
protect,4,1,603,2104,2104
protect,4,1,604,2052,2052
protect,4,1,605,2078,2078
protect,4,1,606,2044,2044
protect,4,1,607,2034,2034
protect,4,1,608,2108,2108
protect,4,1,609,2050,2050
protect,4,1,610,2038,2038
protect,4,1,611,2028,2028
protect,4,1,612,2062,2062
protect,4,1,613,2044,2044
protect,4,1,614,2030,2030
protect,4,1,615,2030,2030
protect,4,1,616,2034,2034
protect,4,1,617,2066,2066
protect,4,1,618,2042,2042
protect,4,1,619,2048,2048
protect,4,1,620,2024,2024
protect,4,1,621,2080,2080
protect,4,1,622,2044,2044
protect,4,1,623,2044,2044
protect,4,1,624,2062,2062
protect,4,1,625,2072,2072
protect,4,1,626,2038,2038
protect,4,1,627,2076,2076
protect,4,1,628,2016,2016
protect,4,1,629,2048,2048
protect,4,1,630,2088,2088
protect,4,1,631,2040,2040
protect,4,1,632,2048,2048
protect,4,1,633,2032,2032
protect,4,1,634,2054,2054
protect,4,1,635,2058,2058
protect,4,1,636,2058,2058
protect,4,1,637,2070,2070
protect,4,1,638,2066,2066
protect,4,1,639,2054,2054
protect,4,1,640,2046,2046
protect,4,1,641,2040,2040
protect,4,1,642,2012,2012
protect,4,1,643,2076,2076
protect,4,1,644,2142,2142
protect,4,1,645,2026,2026
protect,4,1,646,2034,2034
protect,4,1,647,2062,2062
protect,4,1,648,2060,2060
protect,4,1,649,2076,2076
protect,4,1,650,2048,2048
protect,4,1,651,2074,2074
protect,4,1,652,2056,2056
protect,4,1,653,2040,2040
protect,4,1,654,2038,2038
protect,4,1,655,2050,2050
protect,4,1,656,2018,2018
protect,4,1,657,2076,2076
protect,4,1,658,2046,2046
protect,4,1,659,2090,2090
protect,4,1,660,2054,2054
protect,4,1,661,2054,2054
protect,4,1,662,2044,2044
protect,4,1,663,2076,2076
protect,4,1,664,2066,2066
protect,4,1,665,2044,2044
protect,4,1,666,2038,2038
protect,4,1,667,2048,2048
protect,4,1,668,2060,2060
protect,4,1,669,2042,2042
protect,4,1,670,2054,2054
protect,4,1,671,2026,2026
protect,4,1,672,2056,2056
protect,4,1,673,2070,2070
protect,4,1,674,2014,2014
protect,4,1,675,2076,2076
protect,4,1,676,2036,2036
protect,4,1,677,2028,2028
protect,4,1,678,2044,2044
protect,4,1,679,2050,2050
protect,4,1,680,2080,2080
protect,4,1,681,2046,2046
protect,4,1,682,2062,2062
protect,4,1,683,2040,2040
protect,4,1,684,2090,2090
protect,4,1,685,2096,2096
protect,4,1,686,2036,2036
protect,4,1,687,2040,2040
protect,4,1,688,2048,2048
protect,4,1,689,2040,2040
protect,4,1,690,2032,2032
protect,4,1,691,2028,2028
protect,4,1,692,2050,2050
protect,4,1,693,2062,2062
protect,4,1,694,2042,2042
protect,4,1,695,2042,2042
protect,4,1,696,2028,2028
protect,4,1,697,2050,2050
protect,4,1,698,2042,2042
protect,4,1,699,2036,2036
protect,4,1,700,2100,2100
protect,4,1,701,2050,2050
protect,4,1,702,2042,2042
protect,4,1,703,2026,2026
protect,4,1,704,2024,2024
protect,4,1,705,2044,2044
protect,4,1,706,2086,2086
protect,4,1,707,2046,2046
protect,4,1,708,2058,2058
protect,4,1,709,2054,2054
protect,4,1,710,2064,2064
protect,4,1,711,2038,2038
protect,4,1,712,2046,2046
protect,4,1,713,2038,2038
protect,4,1,714,2040,2040
protect,4,1,715,2014,2014
protect,4,1,716,2024,2024
protect,4,1,717,2094,2094
protect,4,1,718,2032,2032
protect,4,1,719,2054,2054
protect,4,1,720,2036,2036
protect,4,1,721,2074,2074
protect,4,1,722,2048,2048
protect,4,1,723,2092,2092
protect,4,1,724,2036,2036
protect,4,1,725,2072,2072
protect,4,1,726,2032,2032
protect,4,1,727,2068,2068
protect,4,1,728,2046,2046
protect,4,1,729,2032,2032
protect,4,1,730,2090,2090
protect,4,1,731,2064,2064
protect,4,1,732,2058,2058
protect,4,1,733,2056,2056
protect,4,1,734,2046,2046
protect,4,1,735,2060,2060
protect,4,1,736,2054,2054
protect,4,1,737,2058,2058
protect,4,1,738,2052,2052
protect,4,1,739,2046,2046
protect,4,1,740,2032,2032
protect,4,1,741,2030,2030
protect,4,1,742,2022,2022
protect,4,1,743,2090,2090
protect,4,1,744,2054,2054
protect,4,1,745,2050,2050
protect,4,1,746,2038,2038
protect,4,1,747,2036,2036
protect,4,1,748,2096,2096
protect,4,1,749,2054,2054
protect,4,1,750,2040,2040
protect,4,1,751,2042,2042
protect,4,1,752,2044,2044
protect,4,1,753,2022,2022
protect,4,1,754,2036,2036
protect,4,1,755,2014,2014
protect,4,1,756,2032,2032
protect,4,1,757,2038,2038
protect,4,1,758,2026,2026
protect,4,1,759,2112,2112
protect,4,1,760,2050,2050
protect,4,1,761,2042,2042
protect,4,1,762,2082,2082
protect,4,1,763,2040,2040
protect,4,1,764,2052,2052
protect,4,1,765,2116,2116
protect,4,1,766,2052,2052
protect,4,1,767,2062,2062
protect,4,1,768,2098,2098
protect,4,1,769,2038,2038
protect,4,1,770,2044,2044
protect,4,1,771,2032,2032
protect,4,1,772,2046,2046
protect,4,1,773,2034,2034
protect,4,1,774,2038,2038
protect,4,1,775,2038,2038
protect,4,1,776,2024,2024
protect,4,1,777,2034,2034
protect,4,1,778,2038,2038
protect,4,1,779,2044,2044
protect,4,1,780,2028,2028
protect,4,1,781,2032,2032
protect,4,1,782,2072,2072
protect,4,1,783,2042,2042
protect,4,1,784,2028,2028
protect,4,1,785,2040,2040
protect,4,1,786,2032,2032
protect,4,1,787,2014,2014
protect,4,1,788,2052,2052
protect,4,1,789,2088,2088
protect,4,1,790,2058,2058
protect,4,1,791,2046,2046
protect,4,1,792,2036,2036
protect,4,1,793,2050,2050
protect,4,1,794,2030,2030
protect,4,1,795,2028,2028
protect,4,1,796,2048,2048
protect,4,1,797,2092,2092
protect,4,1,798,2048,2048
protect,4,1,799,2064,2064
protect,4,1,800,2042,2042
protect,4,1,801,2050,2050
protect,4,1,802,2098,2098
protect,4,1,803,2036,2036
protect,4,1,804,2044,2044
protect,4,1,805,2032,2032
protect,4,1,806,2004,2004
protect,4,1,807,2042,2042
protect,4,1,808,2042,2042
protect,4,1,809,2066,2066
protect,4,1,810,2024,2024
protect,4,1,811,2054,2054
protect,4,1,812,2084,2084
protect,4,1,813,2048,2048
protect,4,1,814,2036,2036
protect,4,1,815,2046,2046
protect,4,1,816,2040,2040
protect,4,1,817,2032,2032
protect,4,1,818,2034,2034
protect,4,1,819,2034,2034
protect,4,1,820,2034,2034
protect,4,1,821,2086,2086
protect,4,1,822,2078,2078
protect,4,1,823,2092,2092
protect,4,1,824,2050,2050
protect,4,1,825,2034,2034
protect,4,1,826,2058,2058
protect,4,1,827,2046,2046
protect,4,1,828,2034,2034
protect,4,1,829,2048,2048
protect,4,1,830,2034,2034
protect,4,1,831,2012,2012
protect,4,1,832,2044,2044
protect,4,1,833,2018,2018
protect,4,1,834,2112,2112
protect,4,1,835,2036,2036
protect,4,1,836,2038,2038
protect,4,1,837,2058,2058
protect,4,1,838,2060,2060
protect,4,1,839,2036,2036
protect,4,1,840,2032,2032
protect,4,1,841,2094,2094
protect,4,1,842,2048,2048
protect,4,1,843,2058,2058
protect,4,1,844,2046,2046
protect,4,1,845,2030,2030
protect,4,1,846,2030,2030
protect,4,1,847,2070,2070
protect,4,1,848,2094,2094
protect,4,1,849,2036,2036
protect,4,1,850,2058,2058
protect,4,1,851,2034,2034
protect,4,1,852,2064,2064
protect,4,1,853,2016,2016
protect,4,1,854,2030,2030
protect,4,1,855,2036,2036
protect,4,1,856,2112,2112
protect,4,1,857,2028,2028
protect,4,1,858,2040,2040
protect,4,1,859,2012,2012
protect,4,1,860,2040,2040
protect,4,1,861,2096,2096
protect,4,1,862,2040,2040
protect,4,1,863,2034,2034
protect,4,1,864,2046,2046
protect,4,1,865,2042,2042
protect,4,1,866,2052,2052
protect,4,1,867,2050,2050
protect,4,1,868,2098,2098
protect,4,1,869,2052,2052
protect,4,1,870,2096,2096
protect,4,1,871,2028,2028
protect,4,1,872,2044,2044
protect,4,1,873,2054,2054
protect,4,1,874,2064,2064
protect,4,1,875,2062,2062
protect,4,1,876,2042,2042
protect,4,1,877,2064,2064
protect,4,1,878,2044,2044
protect,4,1,879,2020,2020
protect,4,1,880,2044,2044
protect,4,1,881,2044,2044
protect,4,1,882,2072,2072
protect,4,1,883,2050,2050
protect,4,1,884,2054,2054
protect,4,1,885,2032,2032
protect,4,1,886,2018,2018
protect,4,1,887,2022,2022
protect,4,1,888,2060,2060
protect,4,1,889,2108,2108
protect,4,1,890,2068,2068
protect,4,1,891,2042,2042
protect,4,1,892,2056,2056
protect,4,1,893,2040,2040
protect,4,1,894,2034,2034
protect,4,1,895,2040,2040
protect,4,1,896,2044,2044
protect,4,1,897,2040,2040
protect,4,1,898,2012,2012
protect,4,1,899,2052,2052
protect,4,1,900,2118,2118
protect,4,1,901,2038,2038
protect,4,1,902,2080,2080
protect,4,1,903,2038,2038
protect,4,1,904,2074,2074
protect,4,1,905,2018,2018
protect,4,1,906,2024,2024
protect,4,1,907,2118,2118
protect,4,1,908,2038,2038
protect,4,1,909,2052,2052
protect,4,1,910,2062,2062
protect,4,1,911,2052,2052
protect,4,1,912,2070,2070
protect,4,1,913,2028,2028
protect,4,1,914,2062,2062
protect,4,1,915,2036,2036
protect,4,1,916,2036,2036
protect,4,1,917,2052,2052
protect,4,1,918,2030,2030
protect,4,1,919,2012,2012
protect,4,1,920,2034,2034
protect,4,1,921,2084,2084
protect,4,1,922,2030,2030
protect,4,1,923,2066,2066
protect,4,1,924,2026,2026
protect,4,1,925,2146,2146
protect,4,1,926,2018,2018
protect,4,1,927,2032,2032
protect,4,1,928,2058,2058
protect,4,1,929,2042,2042
protect,4,1,930,2042,2042
protect,4,1,931,2044,2044
protect,4,1,932,2038,2038
protect,4,1,933,2030,2030
protect,4,1,934,2104,2104
protect,4,1,935,2050,2050
protect,4,1,936,2070,2070
protect,4,1,937,2030,2030
protect,4,1,938,2012,2012
protect,4,1,939,2022,2022
protect,4,1,940,2038,2038
protect,4,1,941,2044,2044
protect,4,1,942,2022,2022
protect,4,1,943,2104,2104
protect,4,1,944,2048,2048
protect,4,1,945,2046,2046
protect,4,1,946,2044,2044
protect,4,1,947,2034,2034
protect,4,1,948,2030,2030
protect,4,1,949,2126,2126
protect,4,1,950,2032,2032
protect,4,1,951,2084,2084
protect,4,1,952,2058,2058
protect,4,1,953,2046,2046
protect,4,1,954,2028,2028
protect,4,1,955,2046,2046
protect,4,1,956,2058,2058
protect,4,1,957,2062,2062
protect,4,1,958,2076,2076
protect,4,1,959,2090,2090
protect,4,1,960,2064,2064
protect,4,1,961,2028,2028
protect,4,1,962,2044,2044
protect,4,1,963,2034,2034
protect,4,1,964,2026,2026
protect,4,1,965,2024,2024
protect,4,1,966,2090,2090
protect,4,1,967,2030,2030
protect,4,1,968,2054,2054
protect,4,1,969,2040,2040
protect,4,1,970,2028,2028
protect,4,1,971,2100,2100
protect,4,1,972,2034,2034
protect,4,1,973,2036,2036
protect,4,1,974,2064,2064
protect,4,1,975,2042,2042
protect,4,1,976,2056,2056
protect,4,1,977,2062,2062
protect,4,1,978,2042,2042
protect,4,1,979,2096,2096
protect,4,1,980,2056,2056
protect,4,1,981,2064,2064
protect,4,1,982,2048,2048
protect,4,1,983,2020,2020
protect,4,1,984,2032,2032
protect,4,1,985,2092,2092
protect,4,1,986,2072,2072
protect,4,1,987,2054,2054
protect,4,1,988,2038,2038
protect,4,1,989,2044,2044
protect,4,1,990,2034,2034
protect,4,1,991,2058,2058
protect,4,1,992,2032,2032
protect,4,1,993,2032,2032
protect,4,1,994,2032,2032
protect,4,1,995,2098,2098
protect,4,1,996,2042,2042
protect,4,1,997,2030,2030
protect,4,1,998,2050,2050
protect,4,1,999,2044,2044
protect,4,1,1000,2044,2044
protect,4,1,1001,2038,2038
protect,4,1,1002,2022,2022
protect,4,1,1003,2044,2044
protect,4,1,1004,2016,2016
protect,4,1,1005,2042,2042
protect,4,1,1006,2036,2036
protect,4,1,1007,2054,2054
protect,4,1,1008,2040,2040
protect,4,1,1009,2040,2040
protect,4,1,1010,2100,2100
protect,4,1,1011,2024,2024
protect,4,1,1012,2050,2050
protect,4,1,1013,2032,2032
protect,4,1,1014,2036,2036
protect,4,1,1015,2052,2052
protect,4,1,1016,2040,2040
protect,4,1,1017,2036,2036
protect,4,1,1018,2084,2084
protect,4,1,1019,2048,2048
protect,4,1,1020,2084,2084
protect,4,1,1021,2036,2036
protect,4,1,1022,2022,2022
protect,4,1,1023,2040,2040
protect,4,1,1024,2030,2030
protect,4,1,1025,2022,2022
protect,4,1,1026,2044,2044
protect,4,1,1027,2034,2034
protect,4,1,1028,2062,2062
protect,4,1,1029,2034,2034
protect,4,1,1030,2032,2032
protect,4,1,1031,2042,2042
protect,4,1,1032,2076,2076
protect,4,1,1033,2042,2042
protect,4,1,1034,2076,2076
protect,4,1,1035,2064,2064
protect,4,1,1036,2044,2044
protect,4,1,1037,2058,2058
protect,4,1,1038,2044,2044
protect,4,1,1039,2118,2118
protect,4,1,1040,2054,2054
protect,4,1,1041,2038,2038
protect,4,1,1042,2034,2034
protect,4,1,1043,2036,2036
protect,4,1,1044,2042,2042
protect,4,1,1045,2086,2086
protect,4,1,1046,2016,2016
protect,4,1,1047,2030,2030
protect,4,1,1048,2020,2020
protect,4,1,1049,2028,2028
protect,4,1,1050,2046,2046
protect,4,1,1051,2028,2028
protect,4,1,1052,2090,2090
protect,4,1,1053,2040,2040
protect,4,1,1054,2028,2028
protect,4,1,1055,2062,2062
protect,4,1,1056,2068,2068
protect,4,1,1057,2022,2022
protect,4,1,1058,2036,2036
protect,4,1,1059,2024,2024
protect,4,1,1060,2040,2040
protect,4,1,1061,2070,2070
protect,4,1,1062,2032,2032
protect,4,1,1063,2050,2050
protect,4,1,1064,2062,2062
protect,4,1,1065,2030,2030
protect,4,1,1066,2046,2046
protect,4,1,1067,2070,2070
protect,4,1,1068,2026,2026
protect,4,1,1069,2046,2046
protect,4,1,1070,2068,2068
protect,4,1,1071,2032,2032
protect,4,1,1072,2088,2088
protect,4,1,1073,2082,2082
protect,4,1,1074,2022,2022
protect,4,1,1075,2044,2044
protect,4,1,1076,2022,2022
protect,4,1,1077,2054,2054
protect,4,1,1078,2018,2018
protect,4,1,1079,2044,2044
protect,4,1,1080,2038,2038
protect,4,1,1081,2038,2038
protect,4,1,1082,2016,2016
protect,4,1,1083,2010,2010
protect,4,1,1084,2032,2032
protect,4,1,1085,2032,2032
protect,4,1,1086,2058,2058
protect,4,1,1087,2016,2016
protect,4,1,1088,2048,2048
protect,4,1,1089,2072,2072
protect,4,1,1090,2034,2034
protect,4,1,1091,2102,2102
protect,4,1,1092,2036,2036
protect,4,1,1093,2052,2052
protect,4,1,1094,2056,2056
protect,4,1,1095,2062,2062
protect,4,1,1096,2052,2052
protect,4,1,1097,2026,2026
protect,4,1,1098,2052,2052
protect,4,1,1099,2036,2036
protect,4,1,1100,2042,2042
protect,4,1,1101,2020,2020
protect,4,1,1102,2020,2020
protect,4,1,1103,2056,2056
protect,4,1,1104,2038,2038
protect,4,1,1105,2044,2044
protect,4,1,1106,2098,2098
protect,4,1,1107,2026,2026
protect,4,1,1108,2080,2080
protect,4,1,1109,2090,2090
protect,4,1,1110,2048,2048
protect,4,1,1111,2048,2048
protect,4,1,1112,2044,2044
protect,4,1,1113,2172,2172
protect,4,1,1114,2062,2062
protect,4,1,1115,2068,2068
protect,4,1,1116,2050,2050
protect,4,1,1117,2064,2064
protect,4,1,1118,2062,2062
protect,4,1,1119,2074,2074
protect,4,1,1120,2056,2056
protect,4,1,1121,2114,2114
protect,4,1,1122,2052,2052
protect,4,1,1123,2060,2060
protect,4,1,1124,2060,2060
protect,4,1,1125,8548,8548
protect,4,1,1126,2022,2022
protect,4,1,1127,2076,2076
protect,4,1,1128,2066,2066
protect,4,1,1129,2058,2058
protect,4,1,1130,2048,2048
protect,4,1,1131,2102,2102
protect,4,1,1132,2042,2042
protect,4,1,1133,2120,2120
protect,4,1,1134,2072,2072
protect,4,1,1135,2068,2068
protect,4,1,1136,2074,2074
protect,4,1,1137,2072,2072
protect,4,1,1138,2122,2122
protect,4,1,1139,2058,2058
protect,4,1,1140,2062,2062
protect,4,1,1141,2122,2122
protect,4,1,1142,2060,2060
protect,4,1,1143,2056,2056
protect,4,1,1144,2064,2064
protect,4,1,1145,2052,2052
protect,4,1,1146,2068,2068
protect,4,1,1147,2066,2066
protect,4,1,1148,2044,2044
protect,4,1,1149,2050,2050
protect,4,1,1150,2044,2044
protect,4,1,1151,2076,2076
protect,4,1,1152,2124,2124
protect,4,1,1153,2066,2066
protect,4,1,1154,2066,2066
protect,4,1,1155,2062,2062
protect,4,1,1156,2088,2088
protect,4,1,1157,2138,2138
protect,4,1,1158,2076,2076
protect,4,1,1159,2058,2058
protect,4,1,1160,2070,2070
protect,4,1,1161,19366,19366
protect,4,1,1162,2088,2088
protect,4,1,1163,2046,2046
protect,4,1,1164,2044,2044
protect,4,1,1165,2054,2054
protect,4,1,1166,2048,2048
protect,4,1,1167,2012,2012
protect,4,1,1168,2032,2032
protect,4,1,1169,2076,2076
protect,4,1,1170,2054,2054
protect,4,1,1171,2036,2036
protect,4,1,1172,2042,2042
protect,4,1,1173,2024,2024
protect,4,1,1174,2022,2022
protect,4,1,1175,2020,2020
protect,4,1,1176,2032,2032
protect,4,1,1177,2068,2068
protect,4,1,1178,2050,2050
protect,4,1,1179,2096,2096
protect,4,1,1180,2056,2056
protect,4,1,1181,2026,2026
protect,4,1,1182,2050,2050
protect,4,1,1183,2034,2034
protect,4,1,1184,2054,2054
protect,4,1,1185,2050,2050
protect,4,1,1186,2040,2040
protect,4,1,1187,2046,2046
protect,4,1,1188,2032,2032
protect,4,1,1189,2046,2046
protect,4,1,1190,2034,2034
protect,4,1,1191,2034,2034
protect,4,1,1192,2026,2026
protect,4,1,1193,2104,2104
protect,4,1,1194,2004,2004
protect,4,1,1195,2008,2008
protect,4,1,1196,2026,2026
protect,4,1,1197,2044,2044
protect,4,1,1198,2058,2058
protect,4,1,1199,2096,2096
protect,4,1,1200,2058,2058
protect,4,1,1201,2078,2078
protect,4,1,1202,2038,2038
protect,4,1,1203,2044,2044
protect,4,1,1204,2032,2032
protect,4,1,1205,2020,2020
protect,4,1,1206,2110,2110
protect,4,1,1207,2044,2044
protect,4,1,1208,2060,2060
protect,4,1,1209,2054,2054
protect,4,1,1210,2042,2042
protect,4,1,1211,2046,2046
protect,4,1,1212,2046,2046
protect,4,1,1213,2080,2080
protect,4,1,1214,2044,2044
protect,4,1,1215,2048,2048
protect,4,1,1216,2054,2054
protect,4,1,1217,2040,2040
protect,4,1,1218,2054,2054
protect,4,1,1219,2044,2044
protect,4,1,1220,2022,2022
protect,4,1,1221,2086,2086
protect,4,1,1222,2046,2046
protect,4,1,1223,2050,2050
protect,4,1,1224,2064,2064
protect,4,1,1225,2024,2024
protect,4,1,1226,2092,2092
protect,4,1,1227,2044,2044
protect,4,1,1228,2020,2020
protect,4,1,1229,2064,2064
protect,4,1,1230,2030,2030
protect,4,1,1231,2092,2092
protect,4,1,1232,2060,2060
protect,4,1,1233,2048,2048
protect,4,1,1234,2034,2034
protect,4,1,1235,2056,2056
protect,4,1,1236,2066,2066
protect,4,1,1237,2106,2106
protect,4,1,1238,2108,2108
protect,4,1,1239,2066,2066
protect,4,1,1240,2040,2040
protect,4,1,1241,2044,2044
protect,4,1,1242,2034,2034
protect,4,1,1243,2082,2082
protect,4,1,1244,2042,2042
protect,4,1,1245,2036,2036
protect,4,1,1246,2056,2056
protect,4,1,1247,2030,2030
protect,4,1,1248,2018,2018
protect,4,1,1249,2068,2068
protect,4,1,1250,2010,2010
protect,4,1,1251,2032,2032
protect,4,1,1252,2054,2054
protect,4,1,1253,2114,2114
protect,4,1,1254,2068,2068
protect,4,1,1255,2046,2046
protect,4,1,1256,2068,2068
protect,4,1,1257,2012,2012
protect,4,1,1258,2036,2036
protect,4,1,1259,2036,2036
protect,4,1,1260,2022,2022
protect,4,1,1261,2026,2026
protect,4,1,1262,2054,2054
protect,4,1,1263,2044,2044
protect,4,1,1264,2076,2076
protect,4,1,1265,2050,2050
protect,4,1,1266,2044,2044
protect,4,1,1267,2042,2042
protect,4,1,1268,2016,2016
protect,4,1,1269,2024,2024
protect,4,1,1270,2108,2108
protect,4,1,1271,2036,2036
protect,4,1,1272,2040,2040
protect,4,1,1273,2022,2022
protect,4,1,1274,2106,2106
protect,4,1,1275,2058,2058
protect,4,1,1276,2106,2106
protect,4,1,1277,2046,2046
protect,4,1,1278,2064,2064
protect,4,1,1279,2022,2022
protect,4,1,1280,2054,2054
protect,4,1,1281,2044,2044
protect,4,1,1282,2030,2030
protect,4,1,1283,2030,2030
protect,4,1,1284,2060,2060
protect,4,1,1285,2104,2104
protect,4,1,1286,2072,2072
protect,4,1,1287,2064,2064
protect,4,1,1288,2040,2040
protect,4,1,1289,2048,2048
protect,4,1,1290,2104,2104
protect,4,1,1291,2044,2044
protect,4,1,1292,2034,2034
protect,4,1,1293,2030,2030
protect,4,1,1294,2074,2074
protect,4,1,1295,2040,2040
protect,4,1,1296,2090,2090
protect,4,1,1297,2040,2040
protect,4,1,1298,2044,2044
protect,4,1,1299,2040,2040
protect,4,1,1300,2038,2038
protect,4,1,1301,2082,2082
protect,4,1,1302,2058,2058
protect,4,1,1303,2044,2044
protect,4,1,1304,2054,2054
protect,4,1,1305,2042,2042
protect,4,1,1306,2066,2066
protect,4,1,1307,2048,2048
protect,4,1,1308,2102,2102
protect,4,1,1309,2048,2048
protect,4,1,1310,2044,2044
protect,4,1,1311,2058,2058
protect,4,1,1312,2088,2088
protect,4,1,1313,2036,2036
protect,4,1,1314,2072,2072
protect,4,1,1315,2066,2066
protect,4,1,1316,2076,2076
protect,4,1,1317,2026,2026
protect,4,1,1318,2062,2062
protect,4,1,1319,2028,2028
protect,4,1,1320,2070,2070
protect,4,1,1321,2042,2042
protect,4,1,1322,2058,2058
protect,4,1,1323,2038,2038
protect,4,1,1324,2024,2024
protect,4,1,1325,2044,2044
protect,4,1,1326,2020,2020
protect,4,1,1327,2098,2098
protect,4,1,1328,2052,2052
protect,4,1,1329,2082,2082
protect,4,1,1330,2030,2030
protect,4,1,1331,2050,2050
protect,4,1,1332,2044,2044
protect,4,1,1333,2092,2092
protect,4,1,1334,2038,2038
protect,4,1,1335,2060,2060
protect,4,1,1336,2094,2094
protect,4,1,1337,2046,2046
protect,4,1,1338,2044,2044
protect,4,1,1339,2030,2030
protect,4,1,1340,2084,2084
protect,4,1,1341,2104,2104
protect,4,1,1342,2038,2038
protect,4,1,1343,2048,2048
protect,4,1,1344,2094,2094
protect,4,1,1345,2044,2044
protect,4,1,1346,2050,2050
protect,4,1,1347,2050,2050
protect,4,1,1348,2054,2054
protect,4,1,1349,2040,2040
protect,4,1,1350,2052,2052
protect,4,1,1351,2040,2040
protect,4,1,1352,2080,2080
protect,4,1,1353,2032,2032
protect,4,1,1354,2044,2044
protect,4,1,1355,2032,2032
protect,4,1,1356,2034,2034
protect,4,1,1357,2028,2028
protect,4,1,1358,2046,2046
protect,4,1,1359,2034,2034
protect,4,1,1360,2070,2070
protect,4,1,1361,2056,2056
protect,4,1,1362,2056,2056
protect,4,1,1363,2018,2018
protect,4,1,1364,2100,2100
protect,4,1,1365,2066,2066
protect,4,1,1366,2112,2112
protect,4,1,1367,2140,2140
protect,4,1,1368,2074,2074
protect,4,1,1369,2068,2068
protect,4,1,1370,2058,2058
protect,4,1,1371,2012,2012
protect,4,1,1372,2028,2028
protect,4,1,1373,2026,2026
protect,4,1,1374,2046,2046
protect,4,1,1375,2050,2050
protect,4,1,1376,2048,2048
protect,4,1,1377,2080,2080
protect,4,1,1378,2042,2042
protect,4,1,1379,2030,2030
protect,4,1,1380,2084,2084
protect,4,1,1381,2020,2020
protect,4,1,1382,2058,2058
protect,4,1,1383,2032,2032
protect,4,1,1384,2040,2040
protect,4,1,1385,2090,2090
protect,4,1,1386,2040,2040
protect,4,1,1387,2074,2074
protect,4,1,1388,2046,2046
protect,4,1,1389,2042,2042
protect,4,1,1390,2042,2042
protect,4,1,1391,2028,2028
protect,4,1,1392,2068,2068
protect,4,1,1393,2060,2060
protect,4,1,1394,2074,2074
protect,4,1,1395,2060,2060
protect,4,1,1396,2028,2028
protect,4,1,1397,2040,2040
protect,4,1,1398,2030,2030
protect,4,1,1399,2052,2052
protect,4,1,1400,2082,2082
protect,4,1,1401,2020,2020
protect,4,1,1402,2058,2058
protect,4,1,1403,2054,2054
protect,4,1,1404,2046,2046
protect,4,1,1405,2044,2044
protect,4,1,1406,2052,2052
protect,4,1,1407,2042,2042
protect,4,1,1408,2042,2042
protect,4,1,1409,2026,2026
protect,4,1,1410,2032,2032
protect,4,1,1411,2034,2034
protect,4,1,1412,2106,2106
protect,4,1,1413,2036,2036
protect,4,1,1414,2048,2048
protect,4,1,1415,2038,2038
protect,4,1,1416,2108,2108
protect,4,1,1417,2066,2066
protect,4,1,1418,2030,2030
protect,4,1,1419,2050,2050
protect,4,1,1420,2036,2036
protect,4,1,1421,2040,2040
protect,4,1,1422,2090,2090
protect,4,1,1423,2036,2036
protect,4,1,1424,2032,2032
protect,4,1,1425,2042,2042
protect,4,1,1426,2096,2096
protect,4,1,1427,2026,2026
protect,4,1,1428,2010,2010
protect,4,1,1429,2032,2032
protect,4,1,1430,2088,2088
protect,4,1,1431,2048,2048
protect,4,1,1432,2038,2038
protect,4,1,1433,2042,2042
protect,4,1,1434,2030,2030
protect,4,1,1435,2090,2090
protect,4,1,1436,2032,2032
protect,4,1,1437,2066,2066
protect,4,1,1438,2044,2044
protect,4,1,1439,2054,2054
protect,4,1,1440,2058,2058
protect,4,1,1441,2028,2028
protect,4,1,1442,2050,2050
protect,4,1,1443,2038,2038
protect,4,1,1444,2044,2044
protect,4,1,1445,2044,2044
protect,4,1,1446,2058,2058
protect,4,1,1447,2082,2082
protect,4,1,1448,2062,2062
protect,4,1,1449,2064,2064
protect,4,1,1450,2052,2052
protect,4,1,1451,2038,2038
protect,4,1,1452,2020,2020
protect,4,1,1453,2034,2034
protect,4,1,1454,2034,2034
protect,4,1,1455,2042,2042
protect,4,1,1456,2040,2040
protect,4,1,1457,2038,2038
protect,4,1,1458,2084,2084
protect,4,1,1459,2024,2024
protect,4,1,1460,2046,2046
protect,4,1,1461,2034,2034
protect,4,1,1462,2034,2034
protect,4,1,1463,2056,2056
protect,4,1,1464,2014,2014
protect,4,1,1465,2024,2024
protect,4,1,1466,2024,2024
protect,4,1,1467,2104,2104
protect,4,1,1468,2030,2030
protect,4,1,1469,2058,2058
protect,4,1,1470,2056,2056
protect,4,1,1471,2096,2096
protect,4,1,1472,2092,2092
protect,4,1,1473,2046,2046
protect,4,1,1474,2048,2048
protect,4,1,1475,2046,2046
protect,4,1,1476,2036,2036
protect,4,1,1477,2050,2050
protect,4,1,1478,2024,2024
protect,4,1,1479,2110,2110
protect,4,1,1480,2038,2038
protect,4,1,1481,2032,2032
protect,4,1,1482,2070,2070
protect,4,1,1483,2040,2040
protect,4,1,1484,2024,2024
protect,4,1,1485,2086,2086
protect,4,1,1486,2076,2076
protect,4,1,1487,2032,2032
protect,4,1,1488,2058,2058
protect,4,1,1489,2046,2046
protect,4,1,1490,2064,2064
protect,4,1,1491,2054,2054
protect,4,1,1492,2074,2074
protect,4,1,1493,2056,2056
protect,4,1,1494,2030,2030
protect,4,1,1495,2046,2046
protect,4,1,1496,2100,2100
protect,4,1,1497,2046,2046
protect,4,1,1498,2086,2086
protect,4,1,1499,2056,2056
protect,4,1,1500,2040,2040
protect,4,1,1501,2088,2088
protect,4,1,1502,2062,2062
protect,4,1,1503,2040,2040
protect,4,1,1504,2038,2038
protect,4,1,1505,2026,2026
protect,4,1,1506,2040,2040
protect,4,1,1507,2048,2048
protect,4,1,1508,2034,2034
protect,4,1,1509,2046,2046
protect,4,1,1510,2036,2036
protect,4,1,1511,2022,2022
protect,4,1,1512,2036,2036
protect,4,1,1513,2046,2046
protect,4,1,1514,2090,2090
protect,4,1,1515,2108,2108
protect,4,1,1516,2050,2050
protect,4,1,1517,2026,2026
protect,4,1,1518,2070,2070
protect,4,1,1519,2054,2054
protect,4,1,1520,2032,2032
protect,4,1,1521,2060,2060
protect,4,1,1522,2032,2032
protect,4,1,1523,2022,2022
protect,4,1,1524,2040,2040
protect,4,1,1525,2074,2074
protect,4,1,1526,2078,2078
protect,4,1,1527,2058,2058
protect,4,1,1528,2050,2050
protect,4,1,1529,2062,2062
protect,4,1,1530,2032,2032
protect,4,1,1531,2094,2094
protect,4,1,1532,2056,2056
protect,4,1,1533,2048,2048
protect,4,1,1534,2052,2052
protect,4,1,1535,2050,2050
protect,4,1,1536,2044,2044
protect,4,1,1537,2036,2036
protect,4,1,1538,2054,2054
protect,4,1,1539,2050,2050
protect,4,1,1540,2090,2090
protect,4,1,1541,2048,2048
protect,4,1,1542,2048,2048
protect,4,1,1543,2048,2048
protect,4,1,1544,2050,2050
protect,4,1,1545,2022,2022
protect,4,1,1546,2012,2012
protect,4,1,1547,2046,2046
protect,4,1,1548,2100,2100
protect,4,1,1549,2052,2052
protect,4,1,1550,2044,2044
protect,4,1,1551,2054,2054
protect,4,1,1552,2038,2038
protect,4,1,1553,2048,2048
protect,4,1,1554,2036,2036
protect,4,1,1555,2026,2026
protect,4,1,1556,2058,2058
protect,4,1,1557,2042,2042
protect,4,1,1558,2072,2072
protect,4,1,1559,2040,2040
protect,4,1,1560,2066,2066
protect,4,1,1561,2066,2066
protect,4,1,1562,2062,2062
protect,4,1,1563,2086,2086
protect,4,1,1564,2090,2090
protect,4,1,1565,2046,2046
protect,4,1,1566,2046,2046
protect,4,1,1567,2042,2042
protect,4,1,1568,2102,2102
protect,4,1,1569,2100,2100
protect,4,1,1570,2056,2056
protect,4,1,1571,2116,2116
protect,4,1,1572,2062,2062
protect,4,1,1573,2080,2080
protect,4,1,1574,2052,2052
protect,4,1,1575,2098,2098
protect,4,1,1576,2046,2046
protect,4,1,1577,2032,2032
protect,4,1,1578,2046,2046
protect,4,1,1579,2050,2050
protect,4,1,1580,2066,2066
protect,4,1,1581,2078,2078
protect,4,1,1582,2072,2072
protect,4,1,1583,2046,2046
protect,4,1,1584,2058,2058
protect,4,1,1585,2072,2072
protect,4,1,1586,2064,2064
protect,4,1,1587,2048,2048
protect,4,1,1588,2054,2054
protect,4,1,1589,2092,2092
protect,4,1,1590,2034,2034
protect,4,1,1591,2048,2048
protect,4,1,1592,2058,2058
protect,4,1,1593,2042,2042
protect,4,1,1594,2044,2044
protect,4,1,1595,2044,2044
protect,4,1,1596,2054,2054
protect,4,1,1597,2092,2092
protect,4,1,1598,2070,2070
protect,4,1,1599,2064,2064
protect,4,1,1600,2064,2064
protect,4,1,1601,2066,2066
protect,4,1,1602,2070,2070
protect,4,1,1603,2056,2056
protect,4,1,1604,2058,2058
protect,4,1,1605,2102,2102
protect,4,1,1606,2052,2052
protect,4,1,1607,2048,2048
protect,4,1,1608,2050,2050
protect,4,1,1609,2038,2038
protect,4,1,1610,2060,2060
protect,4,1,1611,2094,2094
protect,4,1,1612,2084,2084
protect,4,1,1613,2066,2066
protect,4,1,1614,2038,2038
protect,4,1,1615,2066,2066
protect,4,1,1616,2074,2074
protect,4,1,1617,2084,2084
protect,4,1,1618,2108,2108
protect,4,1,1619,2058,2058
protect,4,1,1620,2046,2046
protect,4,1,1621,2036,2036
protect,4,1,1622,2046,2046
protect,4,1,1623,2072,2072
protect,4,1,1624,2052,2052
protect,4,1,1625,2052,2052
protect,4,1,1626,2066,2066
protect,4,1,1627,2070,2070
protect,4,1,1628,2066,2066
protect,4,1,1629,2076,2076
protect,4,1,1630,2048,2048
protect,4,1,1631,2068,2068
protect,4,1,1632,2102,2102
protect,4,1,1633,2048,2048
protect,4,1,1634,2046,2046
protect,4,1,1635,2082,2082
protect,4,1,1636,2044,2044
protect,4,1,1637,2068,2068
protect,4,1,1638,2060,2060
protect,4,1,1639,2072,2072
protect,4,1,1640,2050,2050
protect,4,1,1641,2046,2046
protect,4,1,1642,2078,2078
protect,4,1,1643,2124,2124
protect,4,1,1644,2062,2062
protect,4,1,1645,2038,2038
protect,4,1,1646,2048,2048
protect,4,1,1647,2062,2062
protect,4,1,1648,2052,2052
protect,4,1,1649,2070,2070
protect,4,1,1650,2052,2052
protect,4,1,1651,2066,2066
protect,4,1,1652,2054,2054
protect,4,1,1653,2066,2066
protect,4,1,1654,2056,2056
protect,4,1,1655,2094,2094
protect,4,1,1656,2124,2124
protect,4,1,1657,2076,2076
protect,4,1,1658,2132,2132
protect,4,1,1659,2088,2088
protect,4,1,1660,2034,2034
protect,4,1,1661,2058,2058
protect,4,1,1662,2054,2054
protect,4,1,1663,2084,2084
protect,4,1,1664,2036,2036
protect,4,1,1665,2064,2064
protect,4,1,1666,2060,2060
protect,4,1,1667,2052,2052
protect,4,1,1668,2074,2074
protect,4,1,1669,2044,2044
protect,4,1,1670,2050,2050
protect,4,1,1671,2044,2044
protect,4,1,1672,2050,2050
protect,4,1,1673,2054,2054
protect,4,1,1674,2068,2068
protect,4,1,1675,2090,2090
protect,4,1,1676,2064,2064
protect,4,1,1677,2038,2038
protect,4,1,1678,2108,2108
protect,4,1,1679,2070,2070
protect,4,1,1680,2108,2108
protect,4,1,1681,2054,2054
protect,4,1,1682,2050,2050
protect,4,1,1683,2060,2060
protect,4,1,1684,2056,2056
protect,4,1,1685,2066,2066
protect,4,1,1686,2056,2056
protect,4,1,1687,2090,2090
protect,4,1,1688,2072,2072
protect,4,1,1689,2060,2060
protect,4,1,1690,2066,2066
protect,4,1,1691,2062,2062
protect,4,1,1692,2056,2056
protect,4,1,1693,2064,2064
protect,4,1,1694,2098,2098
protect,4,1,1695,2074,2074
protect,4,1,1696,2052,2052
protect,4,1,1697,2062,2062
protect,4,1,1698,2042,2042
protect,4,1,1699,2034,2034
protect,4,1,1700,2048,2048
protect,4,1,1701,2028,2028
protect,4,1,1702,2050,2050
protect,4,1,1703,2036,2036
protect,4,1,1704,2066,2066
protect,4,1,1705,2056,2056
protect,4,1,1706,2060,2060
protect,4,1,1707,2070,2070
protect,4,1,1708,2066,2066
protect,4,1,1709,2094,2094
protect,4,1,1710,2070,2070
protect,4,1,1711,2074,2074
protect,4,1,1712,2094,2094
protect,4,1,1713,2064,2064
protect,4,1,1714,2042,2042
protect,4,1,1715,2050,2050
protect,4,1,1716,2060,2060
protect,4,1,1717,2056,2056
protect,4,1,1718,2058,2058
protect,4,1,1719,2096,2096
protect,4,1,1720,2050,2050
protect,4,1,1721,2030,2030
protect,4,1,1722,2080,2080
protect,4,1,1723,2060,2060
protect,4,1,1724,2070,2070
protect,4,1,1725,2072,2072
protect,4,1,1726,2056,2056
protect,4,1,1727,2096,2096
protect,4,1,1728,2058,2058
protect,4,1,1729,2056,2056
protect,4,1,1730,2062,2062
protect,4,1,1731,2068,2068
protect,4,1,1732,2058,2058
protect,4,1,1733,2102,2102
protect,4,1,1734,2098,2098
protect,4,1,1735,2058,2058
protect,4,1,1736,2108,2108
protect,4,1,1737,2070,2070
protect,4,1,1738,2110,2110
protect,4,1,1739,2058,2058
protect,4,1,1740,2074,2074
protect,4,1,1741,2050,2050
protect,4,1,1742,2054,2054
protect,4,1,1743,2088,2088
protect,4,1,1744,2074,2074
protect,4,1,1745,2066,2066
protect,4,1,1746,2060,2060
protect,4,1,1747,2064,2064
protect,4,1,1748,2056,2056
protect,4,1,1749,2068,2068
protect,4,1,1750,2100,2100
protect,4,1,1751,2048,2048
protect,4,1,1752,2080,2080
protect,4,1,1753,2066,2066
protect,4,1,1754,2062,2062
protect,4,1,1755,2068,2068
protect,4,1,1756,2046,2046
protect,4,1,1757,2098,2098
protect,4,1,1758,2044,2044
protect,4,1,1759,2072,2072
protect,4,1,1760,2074,2074
protect,4,1,1761,2074,2074
protect,4,1,1762,2048,2048
protect,4,1,1763,2068,2068
protect,4,1,1764,2042,2042
protect,4,1,1765,2064,2064
protect,4,1,1766,2068,2068
protect,4,1,1767,2076,2076
protect,4,1,1768,2042,2042
protect,4,1,1769,2066,2066
protect,4,1,1770,2066,2066
protect,4,1,1771,2074,2074
protect,4,1,1772,2116,2116
protect,4,1,1773,2078,2078
protect,4,1,1774,2038,2038
protect,4,1,1775,2062,2062
protect,4,1,1776,2060,2060
protect,4,1,1777,2050,2050
protect,4,1,1778,2072,2072
protect,4,1,1779,2058,2058
protect,4,1,1780,2064,2064
protect,4,1,1781,2052,2052
protect,4,1,1782,2060,2060
protect,4,1,1783,2062,2062
protect,4,1,1784,2096,2096
protect,4,1,1785,2080,2080
protect,4,1,1786,2072,2072
protect,4,1,1787,2082,2082
protect,4,1,1788,2078,2078
protect,4,1,1789,2054,2054
protect,4,1,1790,2118,2118
protect,4,1,1791,2110,2110
protect,4,1,1792,2040,2040
protect,4,1,1793,2058,2058
protect,4,1,1794,2060,2060
protect,4,1,1795,2068,2068
protect,4,1,1796,2042,2042
protect,4,1,1797,2084,2084
protect,4,1,1798,2046,2046
protect,4,1,1799,2062,2062
protect,4,1,1800,2072,2072
protect,4,1,1801,2068,2068
protect,4,1,1802,2054,2054
protect,4,1,1803,2070,2070
protect,4,1,1804,2034,2034
protect,4,1,1805,2044,2044
protect,4,1,1806,2094,2094
protect,4,1,1807,2056,2056
protect,4,1,1808,2090,2090
protect,4,1,1809,2068,2068
protect,4,1,1810,2066,2066
protect,4,1,1811,2062,2062
protect,4,1,1812,2054,2054
protect,4,1,1813,2048,2048
protect,4,1,1814,2080,2080
protect,4,1,1815,2078,2078
protect,4,1,1816,2116,2116
protect,4,1,1817,2058,2058
protect,4,1,1818,2072,2072
protect,4,1,1819,2114,2114
protect,4,1,1820,2046,2046
protect,4,1,1821,2040,2040
protect,4,1,1822,2054,2054
protect,4,1,1823,2056,2056
protect,4,1,1824,2058,2058
protect,4,1,1825,2060,2060
protect,4,1,1826,2040,2040
protect,4,1,1827,2062,2062
protect,4,1,1828,2054,2054
protect,4,1,1829,2038,2038
protect,4,1,1830,2100,2100
protect,4,1,1831,2048,2048
protect,4,1,1832,2082,2082
protect,4,1,1833,2068,2068
protect,4,1,1834,2052,2052
protect,4,1,1835,2060,2060
protect,4,1,1836,2038,2038
protect,4,1,1837,2060,2060
protect,4,1,1838,2032,2032
protect,4,1,1839,2066,2066
protect,4,1,1840,2060,2060
protect,4,1,1841,2042,2042
protect,4,1,1842,2040,2040
protect,4,1,1843,2070,2070
protect,4,1,1844,2078,2078
protect,4,1,1845,2076,2076
protect,4,1,1846,2110,2110
protect,4,1,1847,2102,2102
protect,4,1,1848,2048,2048
protect,4,1,1849,2060,2060
protect,4,1,1850,2076,2076
protect,4,1,1851,2062,2062
protect,4,1,1852,2076,2076
protect,4,1,1853,2036,2036
protect,4,1,1854,2106,2106
protect,4,1,1855,2076,2076
protect,4,1,1856,2044,2044
protect,4,1,1857,2086,2086
protect,4,1,1858,2062,2062
protect,4,1,1859,2058,2058
protect,4,1,1860,2040,2040
protect,4,1,1861,2042,2042
protect,4,1,1862,2088,2088
protect,4,1,1863,2118,2118
protect,4,1,1864,2100,2100
protect,4,1,1865,2060,2060
protect,4,1,1866,2042,2042
protect,4,1,1867,2056,2056
protect,4,1,1868,2036,2036
protect,4,1,1869,2108,2108
protect,4,1,1870,2068,2068
protect,4,1,1871,2108,2108
protect,4,1,1872,2040,2040
protect,4,1,1873,2090,2090
protect,4,1,1874,2036,2036
protect,4,1,1875,2136,2136
protect,4,1,1876,2042,2042
protect,4,1,1877,2078,2078
protect,4,1,1878,2088,2088
protect,4,1,1879,2068,2068
protect,4,1,1880,2056,2056
protect,4,1,1881,2060,2060
protect,4,1,1882,2072,2072
protect,4,1,1883,2070,2070
protect,4,1,1884,2068,2068
protect,4,1,1885,2064,2064
protect,4,1,1886,2072,2072
protect,4,1,1887,2064,2064
protect,4,1,1888,2100,2100
protect,4,1,1889,2078,2078
protect,4,1,1890,2084,2084
protect,4,1,1891,2072,2072
protect,4,1,1892,2148,2148
protect,4,1,1893,2070,2070
protect,4,1,1894,2084,2084
protect,4,1,1895,2046,2046
protect,4,1,1896,2098,2098
protect,4,1,1897,2044,2044
protect,4,1,1898,2042,2042
protect,4,1,1899,2064,2064
protect,4,1,1900,2118,2118
protect,4,1,1901,2082,2082
protect,4,1,1902,2082,2082
protect,4,1,1903,2098,2098
protect,4,1,1904,2090,2090
protect,4,1,1905,2060,2060
protect,4,1,1906,2074,2074
protect,4,1,1907,2060,2060
protect,4,1,1908,2078,2078
protect,4,1,1909,2062,2062
protect,4,1,1910,2074,2074
protect,4,1,1911,2046,2046
protect,4,1,1912,2046,2046
protect,4,1,1913,2072,2072
protect,4,1,1914,2068,2068
protect,4,1,1915,2064,2064
protect,4,1,1916,2060,2060
protect,4,1,1917,2058,2058
protect,4,1,1918,2066,2066
protect,4,1,1919,2074,2074
protect,4,1,1920,2104,2104
protect,4,1,1921,2068,2068
protect,4,1,1922,2112,2112
protect,4,1,1923,2036,2036
protect,4,1,1924,2054,2054
protect,4,1,1925,2116,2116
protect,4,1,1926,2082,2082
protect,4,1,1927,2080,2080
protect,4,1,1928,2050,2050
protect,4,1,1929,2054,2054
protect,4,1,1930,2066,2066
protect,4,1,1931,2086,2086
protect,4,1,1932,2050,2050
protect,4,1,1933,2048,2048
protect,4,1,1934,2048,2048
protect,4,1,1935,2052,2052
protect,4,1,1936,2070,2070
protect,4,1,1937,2048,2048
protect,4,1,1938,2050,2050
protect,4,1,1939,2068,2068
protect,4,1,1940,2074,2074
protect,4,1,1941,2150,2150
protect,4,1,1942,2046,2046
protect,4,1,1943,2060,2060
protect,4,1,1944,2062,2062
protect,4,1,1945,2082,2082
protect,4,1,1946,2052,2052
protect,4,1,1947,2064,2064
protect,4,1,1948,2052,2052
protect,4,1,1949,2118,2118
protect,4,1,1950,2092,2092
protect,4,1,1951,2060,2060
protect,4,1,1952,2094,2094
protect,4,1,1953,2074,2074
protect,4,1,1954,2068,2068
protect,4,1,1955,2052,2052
protect,4,1,1956,2064,2064
protect,4,1,1957,2044,2044
protect,4,1,1958,2066,2066
protect,4,1,1959,2146,2146
protect,4,1,1960,2054,2054
protect,4,1,1961,2058,2058
protect,4,1,1962,2054,2054
protect,4,1,1963,2066,2066
protect,4,1,1964,2058,2058
protect,4,1,1965,8310,8310
protect,4,1,1966,2066,2066
protect,4,1,1967,2094,2094
protect,4,1,1968,2058,2058
protect,4,1,1969,2038,2038
protect,4,1,1970,2056,2056
protect,4,1,1971,2064,2064
protect,4,1,1972,2060,2060
protect,4,1,1973,2062,2062
protect,4,1,1974,2066,2066
protect,4,1,1975,2050,2050
protect,4,1,1976,2084,2084
protect,4,1,1977,2064,2064
protect,4,1,1978,2034,2034
protect,4,1,1979,2070,2070
protect,4,1,1980,2066,2066
protect,4,1,1981,2092,2092
protect,4,1,1982,2054,2054
protect,4,1,1983,2058,2058
protect,4,1,1984,2058,2058
protect,4,1,1985,2052,2052
protect,4,1,1986,2038,2038
protect,4,1,1987,2070,2070
protect,4,1,1988,2056,2056
protect,4,1,1989,2060,2060
protect,4,1,1990,2078,2078
protect,4,1,1991,2054,2054
protect,4,1,1992,2048,2048
protect,4,1,1993,2070,2070
protect,4,1,1994,2052,2052
protect,4,1,1995,2078,2078
protect,4,1,1996,2048,2048
protect,4,1,1997,2110,2110
protect,4,1,1998,2050,2050
protect,4,1,1999,2064,2064
protect,4,1,2000,2056,2056
verify,4,1,1,2096,2096
verify,4,1,2,2066,2066
verify,4,1,3,2078,2078
verify,4,1,4,2146,2146
verify,4,1,5,2086,2086
verify,4,1,6,2084,2084
verify,4,1,7,2056,2056
verify,4,1,8,2082,2082
verify,4,1,9,2058,2058
verify,4,1,10,2072,2072
verify,4,1,11,2146,2146
verify,4,1,12,2086,2086
verify,4,1,13,2080,2080
verify,4,1,14,2070,2070
verify,4,1,15,2090,2090
verify,4,1,16,2064,2064
verify,4,1,17,2066,2066
verify,4,1,18,2126,2126
verify,4,1,19,2082,2082
verify,4,1,20,2044,2044
verify,4,1,21,2070,2070
verify,4,1,22,2064,2064
verify,4,1,23,2092,2092
verify,4,1,24,2084,2084
verify,4,1,25,2086,2086
verify,4,1,26,2112,2112
verify,4,1,27,2076,2076
verify,4,1,28,2134,2134
verify,4,1,29,2062,2062
verify,4,1,30,2068,2068
verify,4,1,31,2100,2100
verify,4,1,32,2082,2082
verify,4,1,33,2068,2068
verify,4,1,34,2076,2076
verify,4,1,35,2076,2076
verify,4,1,36,2070,2070
verify,4,1,37,2060,2060
verify,4,1,38,2126,2126
verify,4,1,39,2086,2086
verify,4,1,40,2100,2100
verify,4,1,41,2064,2064
verify,4,1,42,2046,2046
verify,4,1,43,2076,2076
verify,4,1,44,2072,2072
verify,4,1,45,2076,2076
verify,4,1,46,2178,2178
verify,4,1,47,2082,2082
verify,4,1,48,2102,2102
verify,4,1,49,2084,2084
verify,4,1,50,2048,2048
verify,4,1,51,2058,2058
verify,4,1,52,2098,2098
verify,4,1,53,2066,2066
verify,4,1,54,2072,2072
verify,4,1,55,2064,2064
verify,4,1,56,2098,2098
verify,4,1,57,2084,2084
verify,4,1,58,2066,2066
verify,4,1,59,2070,2070
verify,4,1,60,2068,2068
verify,4,1,61,2144,2144
verify,4,1,62,2080,2080
verify,4,1,63,2110,2110
verify,4,1,64,2064,2064
verify,4,1,65,2074,2074
verify,4,1,66,2076,2076
verify,4,1,67,2120,2120
verify,4,1,68,2088,2088
verify,4,1,69,2060,2060
verify,4,1,70,2052,2052
verify,4,1,71,2070,2070
verify,4,1,72,2152,2152
verify,4,1,73,2056,2056
verify,4,1,74,2094,2094
verify,4,1,75,2066,2066
verify,4,1,76,2140,2140
verify,4,1,77,2094,2094
verify,4,1,78,2062,2062
verify,4,1,79,2090,2090
verify,4,1,80,2048,2048
verify,4,1,81,2092,2092
verify,4,1,82,2074,2074
verify,4,1,83,2078,2078
verify,4,1,84,2060,2060
verify,4,1,85,2066,2066
verify,4,1,86,2070,2070
verify,4,1,87,2090,2090
verify,4,1,88,2166,2166
verify,4,1,89,2064,2064
verify,4,1,90,2116,2116
verify,4,1,91,2056,2056
verify,4,1,92,2092,2092
verify,4,1,93,2050,2050
verify,4,1,94,2080,2080
verify,4,1,95,2070,2070
verify,4,1,96,2060,2060
verify,4,1,97,2082,2082
verify,4,1,98,2072,2072
verify,4,1,99,2062,2062
verify,4,1,100,2068,2068
verify,4,1,101,2058,2058
verify,4,1,102,2054,2054
verify,4,1,103,2056,2056
verify,4,1,104,2080,2080
verify,4,1,105,2064,2064
verify,4,1,106,2132,2132
verify,4,1,107,2064,2064
verify,4,1,108,2076,2076
verify,4,1,109,2066,2066
verify,4,1,110,2078,2078
verify,4,1,111,2086,2086
verify,4,1,112,2084,2084
verify,4,1,113,2078,2078
verify,4,1,114,2054,2054
verify,4,1,115,2074,2074
verify,4,1,116,2062,2062
verify,4,1,117,2068,2068
verify,4,1,118,2056,2056
verify,4,1,119,2122,2122
verify,4,1,120,2064,2064
verify,4,1,121,2082,2082
verify,4,1,122,2078,2078
verify,4,1,123,2060,2060
verify,4,1,124,2062,2062
verify,4,1,125,2082,2082
verify,4,1,126,2082,2082
verify,4,1,127,2086,2086
verify,4,1,128,2088,2088
verify,4,1,129,2078,2078
verify,4,1,130,2084,2084
verify,4,1,131,2084,2084
verify,4,1,132,2066,2066
verify,4,1,133,2090,2090
verify,4,1,134,2090,2090
verify,4,1,135,2110,2110
verify,4,1,136,2070,2070
verify,4,1,137,2086,2086
verify,4,1,138,2080,2080
verify,4,1,139,2090,2090
verify,4,1,140,2078,2078
verify,4,1,141,2070,2070
verify,4,1,142,2078,2078
verify,4,1,143,2130,2130
verify,4,1,144,2070,2070
verify,4,1,145,2076,2076
verify,4,1,146,2070,2070
verify,4,1,147,2072,2072
verify,4,1,148,2074,2074
verify,4,1,149,2048,2048
verify,4,1,150,2056,2056
verify,4,1,151,2048,2048
verify,4,1,152,2066,2066
verify,4,1,153,2082,2082
verify,4,1,154,2068,2068
verify,4,1,155,2040,2040
verify,4,1,156,2060,2060
verify,4,1,157,2060,2060
verify,4,1,158,2084,2084
verify,4,1,159,2118,2118
verify,4,1,160,2068,2068
verify,4,1,161,2066,2066
verify,4,1,162,2108,2108
verify,4,1,163,2066,2066
verify,4,1,164,2078,2078
verify,4,1,165,2082,2082
verify,4,1,166,2074,2074
verify,4,1,167,2068,2068
verify,4,1,168,2090,2090
verify,4,1,169,2070,2070
verify,4,1,170,2074,2074
verify,4,1,171,2086,2086
verify,4,1,172,2058,2058
verify,4,1,173,2062,2062
verify,4,1,174,2102,2102
verify,4,1,175,2110,2110
verify,4,1,176,2078,2078
verify,4,1,177,2122,2122
verify,4,1,178,2130,2130
verify,4,1,179,2072,2072
verify,4,1,180,2082,2082
verify,4,1,181,2066,2066
verify,4,1,182,2062,2062
verify,4,1,183,2086,2086
verify,4,1,184,2064,2064
verify,4,1,185,2048,2048
verify,4,1,186,2072,2072
verify,4,1,187,2048,2048
verify,4,1,188,2082,2082
verify,4,1,189,2078,2078
verify,4,1,190,2084,2084
verify,4,1,191,2064,2064
verify,4,1,192,2066,2066
verify,4,1,193,2126,2126
verify,4,1,194,2108,2108
verify,4,1,195,2086,2086
verify,4,1,196,2088,2088
verify,4,1,197,2146,2146
verify,4,1,198,2118,2118
verify,4,1,199,2088,2088
verify,4,1,200,2056,2056
verify,4,1,201,2072,2072
verify,4,1,202,2066,2066
verify,4,1,203,2070,2070
verify,4,1,204,2064,2064
verify,4,1,205,2056,2056
verify,4,1,206,2098,2098
verify,4,1,207,2054,2054
verify,4,1,208,2088,2088
verify,4,1,209,2060,2060
verify,4,1,210,2088,2088
verify,4,1,211,2074,2074
verify,4,1,212,2104,2104
verify,4,1,213,2078,2078
verify,4,1,214,2090,2090
verify,4,1,215,2064,2064
verify,4,1,216,2062,2062
verify,4,1,217,2118,2118
verify,4,1,218,2110,2110
verify,4,1,219,2064,2064
verify,4,1,220,2088,2088
verify,4,1,221,2116,2116
verify,4,1,222,2082,2082
verify,4,1,223,2058,2058
verify,4,1,224,2076,2076
verify,4,1,225,2074,2074
verify,4,1,226,2068,2068
verify,4,1,227,2084,2084
verify,4,1,228,2060,2060
verify,4,1,229,2052,2052
verify,4,1,230,2096,2096
verify,4,1,231,2074,2074
verify,4,1,232,2060,2060
verify,4,1,233,2118,2118
verify,4,1,234,2068,2068
verify,4,1,235,2076,2076
verify,4,1,236,2092,2092
verify,4,1,237,2072,2072
verify,4,1,238,2110,2110
verify,4,1,239,2082,2082
verify,4,1,240,2082,2082
verify,4,1,241,2128,2128
verify,4,1,242,2120,2120
verify,4,1,243,2084,2084
verify,4,1,244,2120,2120
verify,4,1,245,2062,2062
verify,4,1,246,2038,2038
verify,4,1,247,2086,2086
verify,4,1,248,2056,2056
verify,4,1,249,2072,2072
verify,4,1,250,2104,2104
verify,4,1,251,2068,2068
verify,4,1,252,2060,2060
verify,4,1,253,2054,2054
verify,4,1,254,2084,2084
verify,4,1,255,2062,2062
verify,4,1,256,2064,2064
verify,4,1,257,2052,2052
verify,4,1,258,2054,2054
verify,4,1,259,2058,2058
verify,4,1,260,2062,2062
verify,4,1,261,2070,2070
verify,4,1,262,2086,2086
verify,4,1,263,2048,2048
verify,4,1,264,2082,2082
verify,4,1,265,2058,2058
verify,4,1,266,2114,2114
verify,4,1,267,2154,2154
verify,4,1,268,2074,2074
verify,4,1,269,2082,2082
verify,4,1,270,2056,2056
verify,4,1,271,2084,2084
verify,4,1,272,2136,2136
verify,4,1,273,2074,2074
verify,4,1,274,2076,2076
verify,4,1,275,2086,2086
verify,4,1,276,2212,2212
verify,4,1,277,2080,2080
verify,4,1,278,2114,2114
verify,4,1,279,2036,2036
verify,4,1,280,2092,2092
verify,4,1,281,2050,2050
verify,4,1,282,2036,2036
verify,4,1,283,2058,2058
verify,4,1,284,2036,2036
verify,4,1,285,2076,2076
verify,4,1,286,2048,2048
verify,4,1,287,2036,2036
verify,4,1,288,2038,2038
verify,4,1,289,2048,2048
verify,4,1,290,2110,2110
verify,4,1,291,2054,2054
verify,4,1,292,2048,2048
verify,4,1,293,2036,2036
verify,4,1,294,2074,2074
verify,4,1,295,2084,2084
verify,4,1,296,2066,2066
verify,4,1,297,2058,2058
verify,4,1,298,2068,2068
verify,4,1,299,2054,2054
verify,4,1,300,2110,2110
verify,4,1,301,2130,2130
verify,4,1,302,2044,2044
verify,4,1,303,2050,2050
verify,4,1,304,2058,2058
verify,4,1,305,2036,2036
verify,4,1,306,2058,2058
verify,4,1,307,2058,2058
verify,4,1,308,2038,2038
verify,4,1,309,2086,2086
verify,4,1,310,2056,2056
verify,4,1,311,2048,2048
verify,4,1,312,2104,2104
verify,4,1,313,2126,2126
verify,4,1,314,2046,2046
verify,4,1,315,2048,2048
verify,4,1,316,2054,2054
verify,4,1,317,2072,2072
verify,4,1,318,2090,2090
verify,4,1,319,2052,2052
verify,4,1,320,2052,2052
verify,4,1,321,2042,2042
verify,4,1,322,2054,2054
verify,4,1,323,2110,2110
verify,4,1,324,2040,2040
verify,4,1,325,2040,2040
verify,4,1,326,2142,2142
verify,4,1,327,2058,2058
verify,4,1,328,2058,2058
verify,4,1,329,2072,2072
verify,4,1,330,2088,2088
verify,4,1,331,2040,2040
verify,4,1,332,2070,2070
verify,4,1,333,2050,2050
verify,4,1,334,2114,2114
verify,4,1,335,2046,2046
verify,4,1,336,2052,2052
verify,4,1,337,2050,2050
verify,4,1,338,2044,2044
verify,4,1,339,2054,2054
verify,4,1,340,2044,2044
verify,4,1,341,2098,2098
verify,4,1,342,2056,2056
verify,4,1,343,2044,2044
verify,4,1,344,2070,2070
verify,4,1,345,2110,2110
verify,4,1,346,2066,2066
verify,4,1,347,2078,2078
verify,4,1,348,2048,2048
verify,4,1,349,2070,2070
verify,4,1,350,2056,2056
verify,4,1,351,2092,2092
verify,4,1,352,2114,2114
verify,4,1,353,2054,2054
verify,4,1,354,2060,2060
verify,4,1,355,2054,2054
verify,4,1,356,2080,2080
verify,4,1,357,2076,2076
verify,4,1,358,2070,2070
verify,4,1,359,2040,2040
verify,4,1,360,2116,2116
verify,4,1,361,2060,2060
verify,4,1,362,2058,2058
verify,4,1,363,2064,2064
verify,4,1,364,2054,2054
verify,4,1,365,2082,2082
verify,4,1,366,2068,2068
verify,4,1,367,2060,2060
verify,4,1,368,2082,2082
verify,4,1,369,2100,2100
verify,4,1,370,2082,2082
verify,4,1,371,2074,2074
verify,4,1,372,2084,2084
verify,4,1,373,2070,2070
verify,4,1,374,2078,2078
verify,4,1,375,2062,2062
verify,4,1,376,2056,2056
verify,4,1,377,2048,2048
verify,4,1,378,2076,2076
verify,4,1,379,2080,2080
verify,4,1,380,2064,2064
verify,4,1,381,2050,2050
verify,4,1,382,2118,2118
verify,4,1,383,2058,2058
verify,4,1,384,2082,2082
verify,4,1,385,2050,2050
verify,4,1,386,2078,2078
verify,4,1,387,2076,2076
verify,4,1,388,2054,2054
verify,4,1,389,2058,2058
verify,4,1,390,2076,2076
verify,4,1,391,2066,2066
verify,4,1,392,2072,2072
verify,4,1,393,2046,2046
verify,4,1,394,2068,2068
verify,4,1,395,2120,2120
verify,4,1,396,2066,2066
verify,4,1,397,2088,2088
verify,4,1,398,2130,2130
verify,4,1,399,2068,2068
verify,4,1,400,2074,2074
verify,4,1,401,2068,2068
verify,4,1,402,2082,2082
verify,4,1,403,2084,2084
verify,4,1,404,2136,2136
verify,4,1,405,2078,2078
verify,4,1,406,2060,2060
verify,4,1,407,2084,2084
verify,4,1,408,2058,2058
verify,4,1,409,2060,2060
verify,4,1,410,2058,2058
verify,4,1,411,2060,2060
verify,4,1,412,2070,2070
verify,4,1,413,2086,2086
verify,4,1,414,2114,2114
verify,4,1,415,2048,2048
verify,4,1,416,2072,2072
verify,4,1,417,2084,2084
verify,4,1,418,2058,2058
verify,4,1,419,2070,2070
verify,4,1,420,2064,2064
verify,4,1,421,2064,2064
verify,4,1,422,2092,2092
verify,4,1,423,2060,2060
verify,4,1,424,2080,2080
verify,4,1,425,2078,2078
verify,4,1,426,2054,2054
verify,4,1,427,2062,2062
verify,4,1,428,2120,2120
verify,4,1,429,2054,2054
verify,4,1,430,2090,2090
verify,4,1,431,2088,2088
verify,4,1,432,2122,2122
verify,4,1,433,2066,2066
verify,4,1,434,2130,2130
verify,4,1,435,2090,2090
verify,4,1,436,2076,2076
verify,4,1,437,2070,2070
verify,4,1,438,2086,2086
verify,4,1,439,2076,2076
verify,4,1,440,2072,2072
verify,4,1,441,2066,2066
verify,4,1,442,2076,2076
verify,4,1,443,2118,2118
verify,4,1,444,2080,2080
verify,4,1,445,2104,2104
verify,4,1,446,2058,2058
verify,4,1,447,2060,2060
verify,4,1,448,2146,2146
verify,4,1,449,2062,2062
verify,4,1,450,2076,2076
verify,4,1,451,2080,2080
verify,4,1,452,2054,2054
verify,4,1,453,2076,2076
verify,4,1,454,2050,2050
verify,4,1,455,2134,2134
verify,4,1,456,2076,2076
verify,4,1,457,2098,2098
verify,4,1,458,2064,2064
verify,4,1,459,2082,2082
verify,4,1,460,2060,2060
verify,4,1,461,2130,2130
verify,4,1,462,2078,2078
verify,4,1,463,2082,2082
verify,4,1,464,2094,2094
verify,4,1,465,2146,2146
verify,4,1,466,2080,2080
verify,4,1,467,2056,2056
verify,4,1,468,2116,2116
verify,4,1,469,2072,2072
verify,4,1,470,2058,2058
verify,4,1,471,2076,2076
verify,4,1,472,2080,2080
verify,4,1,473,2138,2138
verify,4,1,474,2108,2108
verify,4,1,475,2076,2076
verify,4,1,476,2084,2084
verify,4,1,477,2080,2080
verify,4,1,478,2078,2078
verify,4,1,479,2128,2128
verify,4,1,480,2088,2088
verify,4,1,481,2074,2074
verify,4,1,482,2096,2096
verify,4,1,483,2074,2074
verify,4,1,484,2082,2082
verify,4,1,485,2072,2072
verify,4,1,486,2076,2076
verify,4,1,487,2064,2064
verify,4,1,488,2086,2086
verify,4,1,489,2064,2064
verify,4,1,490,2064,2064
verify,4,1,491,2072,2072
verify,4,1,492,2038,2038
verify,4,1,493,2058,2058
verify,4,1,494,2054,2054
verify,4,1,495,2048,2048
verify,4,1,496,2096,2096
verify,4,1,497,2064,2064
verify,4,1,498,2052,2052
verify,4,1,499,2084,2084
verify,4,1,500,2062,2062
verify,4,1,501,2052,2052
verify,4,1,502,2074,2074
verify,4,1,503,2070,2070
verify,4,1,504,2060,2060
verify,4,1,505,2074,2074
verify,4,1,506,2066,2066
verify,4,1,507,2108,2108
verify,4,1,508,2072,2072
verify,4,1,509,2082,2082
verify,4,1,510,2076,2076
verify,4,1,511,2064,2064
verify,4,1,512,2066,2066
verify,4,1,513,2064,2064
verify,4,1,514,2092,2092
verify,4,1,515,2080,2080
verify,4,1,516,2056,2056
verify,4,1,517,2066,2066
verify,4,1,518,2070,2070
verify,4,1,519,2066,2066
verify,4,1,520,2104,2104
verify,4,1,521,2136,2136
verify,4,1,522,2044,2044
verify,4,1,523,2116,2116
verify,4,1,524,2058,2058
verify,4,1,525,2046,2046
verify,4,1,526,2064,2064
verify,4,1,527,2066,2066
verify,4,1,528,2064,2064
verify,4,1,529,2086,2086
verify,4,1,530,2068,2068
verify,4,1,531,2046,2046
verify,4,1,532,2114,2114
verify,4,1,533,2048,2048
verify,4,1,534,2064,2064
verify,4,1,535,2058,2058
verify,4,1,536,2048,2048
verify,4,1,537,2108,2108
verify,4,1,538,2060,2060
verify,4,1,539,2068,2068
verify,4,1,540,2058,2058
verify,4,1,541,2056,2056
verify,4,1,542,2046,2046
verify,4,1,543,2038,2038
verify,4,1,544,2094,2094
verify,4,1,545,2064,2064
verify,4,1,546,2044,2044
verify,4,1,547,2102,2102
verify,4,1,548,2062,2062
verify,4,1,549,2060,2060
verify,4,1,550,2052,2052
verify,4,1,551,2114,2114
verify,4,1,552,2040,2040
verify,4,1,553,2062,2062
verify,4,1,554,2136,2136
verify,4,1,555,2062,2062
verify,4,1,556,2052,2052
verify,4,1,557,2050,2050
verify,4,1,558,2068,2068
verify,4,1,559,2058,2058
verify,4,1,560,2042,2042
verify,4,1,561,2048,2048
verify,4,1,562,2062,2062
verify,4,1,563,2060,2060
verify,4,1,564,2050,2050
verify,4,1,565,2076,2076
verify,4,1,566,2110,2110
verify,4,1,567,2058,2058
verify,4,1,568,2030,2030
verify,4,1,569,2048,2048
verify,4,1,570,2040,2040
verify,4,1,571,2098,2098
verify,4,1,572,2076,2076
verify,4,1,573,2062,2062
verify,4,1,574,2066,2066
verify,4,1,575,2046,2046
verify,4,1,576,2044,2044
verify,4,1,577,2058,2058
verify,4,1,578,2064,2064
verify,4,1,579,2046,2046
verify,4,1,580,2044,2044
verify,4,1,581,2112,2112
verify,4,1,582,2054,2054
verify,4,1,583,2056,2056
verify,4,1,584,2054,2054
verify,4,1,585,2034,2034
verify,4,1,586,2054,2054
verify,4,1,587,2058,2058
verify,4,1,588,2068,2068
verify,4,1,589,2060,2060
verify,4,1,590,2096,2096
verify,4,1,591,2044,2044
verify,4,1,592,2070,2070
verify,4,1,593,2058,2058
verify,4,1,594,2040,2040
verify,4,1,595,2044,2044
verify,4,1,596,2014,2014
verify,4,1,597,2054,2054
verify,4,1,598,2096,2096
verify,4,1,599,2042,2042
verify,4,1,600,2046,2046
verify,4,1,601,2046,2046
verify,4,1,602,2052,2052
verify,4,1,603,2102,2102
verify,4,1,604,2036,2036
verify,4,1,605,2054,2054
verify,4,1,606,2040,2040
verify,4,1,607,2148,2148
verify,4,1,608,2042,2042
verify,4,1,609,2064,2064
verify,4,1,610,2080,2080
verify,4,1,611,2064,2064
verify,4,1,612,2044,2044
verify,4,1,613,2054,2054
verify,4,1,614,2074,2074
verify,4,1,615,2064,2064
verify,4,1,616,2070,2070
verify,4,1,617,2060,2060
verify,4,1,618,2112,2112
verify,4,1,619,2040,2040
verify,4,1,620,2050,2050
verify,4,1,621,2046,2046
verify,4,1,622,2018,2018
verify,4,1,623,2046,2046
verify,4,1,624,2048,2048
verify,4,1,625,2054,2054
verify,4,1,626,2036,2036
verify,4,1,627,2054,2054
verify,4,1,628,2064,2064
verify,4,1,629,2042,2042
verify,4,1,630,2040,2040
verify,4,1,631,2036,2036
verify,4,1,632,2060,2060
verify,4,1,633,2048,2048
verify,4,1,634,2054,2054
verify,4,1,635,2082,2082
verify,4,1,636,2048,2048
verify,4,1,637,2054,2054
verify,4,1,638,2130,2130
verify,4,1,639,2056,2056
verify,4,1,640,2056,2056
verify,4,1,641,2050,2050
verify,4,1,642,2066,2066
verify,4,1,643,2032,2032
verify,4,1,644,2094,2094
verify,4,1,645,2058,2058
verify,4,1,646,2074,2074
verify,4,1,647,2048,2048
verify,4,1,648,2096,2096
verify,4,1,649,2042,2042
verify,4,1,650,2048,2048
verify,4,1,651,2050,2050
verify,4,1,652,2040,2040
verify,4,1,653,2042,2042
verify,4,1,654,2062,2062
verify,4,1,655,2028,2028
verify,4,1,656,2034,2034
verify,4,1,657,2048,2048
verify,4,1,658,2056,2056
verify,4,1,659,2048,2048
verify,4,1,660,2050,2050
verify,4,1,661,2026,2026
verify,4,1,662,2056,2056
verify,4,1,663,2104,2104
verify,4,1,664,2044,2044
verify,4,1,665,2090,2090
verify,4,1,666,2062,2062
verify,4,1,667,2078,2078
verify,4,1,668,2068,2068
verify,4,1,669,2054,2054
verify,4,1,670,2046,2046
verify,4,1,671,2036,2036
verify,4,1,672,2052,2052
verify,4,1,673,2052,2052
verify,4,1,674,2052,2052
verify,4,1,675,2054,2054
verify,4,1,676,2044,2044
verify,4,1,677,2122,2122
verify,4,1,678,2036,2036
verify,4,1,679,2060,2060
verify,4,1,680,2046,2046
verify,4,1,681,2044,2044
verify,4,1,682,2052,2052
verify,4,1,683,2082,2082
verify,4,1,684,2114,2114
verify,4,1,685,2074,2074
verify,4,1,686,2084,2084
verify,4,1,687,2114,2114
verify,4,1,688,2062,2062
verify,4,1,689,2056,2056
verify,4,1,690,2136,2136
verify,4,1,691,2068,2068
verify,4,1,692,2062,2062
verify,4,1,693,2132,2132
verify,4,1,694,2044,2044
verify,4,1,695,2062,2062
verify,4,1,696,2068,2068
verify,4,1,697,2072,2072
verify,4,1,698,2066,2066
verify,4,1,699,2056,2056
verify,4,1,700,2060,2060
verify,4,1,701,2068,2068
verify,4,1,702,2046,2046
verify,4,1,703,2036,2036
verify,4,1,704,2064,2064
verify,4,1,705,2058,2058
verify,4,1,706,2056,2056
verify,4,1,707,2064,2064
verify,4,1,708,2070,2070
verify,4,1,709,2108,2108
verify,4,1,710,2068,2068
verify,4,1,711,2066,2066
verify,4,1,712,2170,2170
verify,4,1,713,2066,2066
verify,4,1,714,2066,2066
verify,4,1,715,2056,2056
verify,4,1,716,2084,2084
verify,4,1,717,2078,2078
verify,4,1,718,2064,2064
verify,4,1,719,2072,2072
verify,4,1,720,2076,2076
verify,4,1,721,2060,2060
verify,4,1,722,2076,2076
verify,4,1,723,2060,2060
verify,4,1,724,2080,2080
verify,4,1,725,2076,2076
verify,4,1,726,2072,2072
verify,4,1,727,2046,2046
verify,4,1,728,2102,2102
verify,4,1,729,2066,2066
verify,4,1,730,2070,2070
verify,4,1,731,2114,2114
verify,4,1,732,2068,2068
verify,4,1,733,2064,2064
verify,4,1,734,2094,2094
verify,4,1,735,2064,2064
verify,4,1,736,2070,2070
verify,4,1,737,2054,2054
verify,4,1,738,2074,2074
verify,4,1,739,2064,2064
verify,4,1,740,2068,2068
verify,4,1,741,2048,2048
verify,4,1,742,2066,2066
verify,4,1,743,2106,2106
verify,4,1,744,2078,2078
verify,4,1,745,2080,2080
verify,4,1,746,2074,2074
verify,4,1,747,2062,2062
verify,4,1,748,2076,2076
verify,4,1,749,2078,2078
verify,4,1,750,2072,2072
verify,4,1,751,2052,2052
verify,4,1,752,2080,2080
verify,4,1,753,2068,2068
verify,4,1,754,2070,2070
verify,4,1,755,2040,2040
verify,4,1,756,2078,2078
verify,4,1,757,2060,2060
verify,4,1,758,2054,2054
verify,4,1,759,2044,2044
verify,4,1,760,2060,2060
verify,4,1,761,2062,2062
verify,4,1,762,2116,2116
verify,4,1,763,2060,2060
verify,4,1,764,2066,2066
verify,4,1,765,2064,2064
verify,4,1,766,2064,2064
verify,4,1,767,2078,2078
verify,4,1,768,2074,2074
verify,4,1,769,2060,2060
verify,4,1,770,2084,2084
verify,4,1,771,2074,2074
verify,4,1,772,2082,2082
verify,4,1,773,2076,2076
verify,4,1,774,2086,2086
verify,4,1,775,2086,2086
verify,4,1,776,2074,2074
verify,4,1,777,2078,2078
verify,4,1,778,2108,2108
verify,4,1,779,2090,2090
verify,4,1,780,2074,2074
verify,4,1,781,2076,2076
verify,4,1,782,2066,2066
verify,4,1,783,2058,2058
verify,4,1,784,2134,2134
verify,4,1,785,2088,2088
verify,4,1,786,2096,2096
verify,4,1,787,2090,2090
verify,4,1,788,2072,2072
verify,4,1,789,2022,2022
verify,4,1,790,2066,2066
verify,4,1,791,2066,2066
verify,4,1,792,2106,2106
verify,4,1,793,2080,2080
verify,4,1,794,2074,2074
verify,4,1,795,2072,2072
verify,4,1,796,2068,2068
verify,4,1,797,2060,2060
verify,4,1,798,2042,2042
verify,4,1,799,2150,2150
verify,4,1,800,2074,2074
verify,4,1,801,2030,2030
verify,4,1,802,2066,2066
verify,4,1,803,2032,2032
verify,4,1,804,2032,2032
verify,4,1,805,2042,2042
verify,4,1,806,2044,2044
verify,4,1,807,2040,2040
verify,4,1,808,2034,2034
verify,4,1,809,2076,2076
verify,4,1,810,2054,2054
verify,4,1,811,2052,2052
verify,4,1,812,2054,2054
verify,4,1,813,2056,2056
verify,4,1,814,2102,2102
verify,4,1,815,2076,2076
verify,4,1,816,2034,2034
verify,4,1,817,2058,2058
verify,4,1,818,2040,2040
verify,4,1,819,2072,2072
verify,4,1,820,2090,2090
verify,4,1,821,2032,2032
verify,4,1,822,2052,2052
verify,4,1,823,2060,2060
verify,4,1,824,2100,2100
verify,4,1,825,2062,2062
verify,4,1,826,2074,2074
verify,4,1,827,2036,2036
verify,4,1,828,2060,2060
verify,4,1,829,2112,2112
verify,4,1,830,2054,2054
verify,4,1,831,2046,2046
verify,4,1,832,2060,2060
verify,4,1,833,2050,2050
verify,4,1,834,2058,2058
verify,4,1,835,2042,2042
verify,4,1,836,2080,2080
verify,4,1,837,2040,2040
verify,4,1,838,2046,2046
verify,4,1,839,2032,2032
verify,4,1,840,2074,2074
verify,4,1,841,2072,2072
verify,4,1,842,2104,2104
verify,4,1,843,2060,2060
verify,4,1,844,2056,2056
verify,4,1,845,2074,2074
verify,4,1,846,2050,2050
verify,4,1,847,2074,2074
verify,4,1,848,2118,2118
verify,4,1,849,2070,2070
verify,4,1,850,2072,2072
verify,4,1,851,2082,2082
verify,4,1,852,2116,2116
verify,4,1,853,2086,2086
verify,4,1,854,2062,2062
verify,4,1,855,2086,2086
verify,4,1,856,2112,2112
verify,4,1,857,2040,2040
verify,4,1,858,2084,2084
verify,4,1,859,2162,2162
verify,4,1,860,2086,2086
verify,4,1,861,2080,2080
verify,4,1,862,2070,2070
verify,4,1,863,2072,2072
verify,4,1,864,2040,2040
verify,4,1,865,2082,2082
verify,4,1,866,2060,2060
verify,4,1,867,2076,2076
verify,4,1,868,2062,2062
verify,4,1,869,2086,2086
verify,4,1,870,2064,2064
verify,4,1,871,2078,2078
verify,4,1,872,2082,2082
verify,4,1,873,2052,2052
verify,4,1,874,2084,2084
verify,4,1,875,2094,2094
verify,4,1,876,2066,2066
verify,4,1,877,2086,2086
verify,4,1,878,2074,2074
verify,4,1,879,2056,2056
verify,4,1,880,2052,2052
verify,4,1,881,2064,2064
verify,4,1,882,2078,2078
verify,4,1,883,2084,2084
verify,4,1,884,2068,2068
verify,4,1,885,2072,2072
verify,4,1,886,2066,2066
verify,4,1,887,2066,2066
verify,4,1,888,2098,2098
verify,4,1,889,2080,2080
verify,4,1,890,2070,2070
verify,4,1,891,2076,2076
verify,4,1,892,2060,2060
verify,4,1,893,2048,2048
verify,4,1,894,2080,2080
verify,4,1,895,2068,2068
verify,4,1,896,2080,2080
verify,4,1,897,2092,2092
verify,4,1,898,2082,2082
verify,4,1,899,2052,2052
verify,4,1,900,2088,2088
verify,4,1,901,2108,2108
verify,4,1,902,2064,2064
verify,4,1,903,2058,2058
verify,4,1,904,2088,2088
verify,4,1,905,2092,2092
verify,4,1,906,2062,2062
verify,4,1,907,2076,2076
verify,4,1,908,2084,2084
verify,4,1,909,2042,2042
verify,4,1,910,2062,2062
verify,4,1,911,2054,2054
verify,4,1,912,2058,2058
verify,4,1,913,2102,2102
verify,4,1,914,2084,2084
verify,4,1,915,2052,2052
verify,4,1,916,2060,2060
verify,4,1,917,2088,2088
verify,4,1,918,2070,2070
verify,4,1,919,2080,2080
verify,4,1,920,2066,2066
verify,4,1,921,2052,2052
verify,4,1,922,2084,2084
verify,4,1,923,2144,2144
verify,4,1,924,2094,2094
verify,4,1,925,2060,2060
verify,4,1,926,2072,2072
verify,4,1,927,2082,2082
verify,4,1,928,2076,2076
verify,4,1,929,2066,2066
verify,4,1,930,2094,2094
verify,4,1,931,2084,2084
verify,4,1,932,2082,2082
verify,4,1,933,2062,2062
verify,4,1,934,2066,2066
verify,4,1,935,2092,2092
verify,4,1,936,2120,2120
verify,4,1,937,2076,2076
verify,4,1,938,2082,2082
verify,4,1,939,2122,2122
verify,4,1,940,2070,2070
verify,4,1,941,2096,2096
verify,4,1,942,2074,2074
verify,4,1,943,2142,2142
verify,4,1,944,2060,2060
verify,4,1,945,2068,2068
verify,4,1,946,2098,2098
verify,4,1,947,2078,2078
verify,4,1,948,2044,2044
verify,4,1,949,2082,2082
verify,4,1,950,2120,2120
verify,4,1,951,2072,2072
verify,4,1,952,2064,2064
verify,4,1,953,2050,2050
verify,4,1,954,2050,2050
verify,4,1,955,2062,2062
verify,4,1,956,2094,2094
verify,4,1,957,2074,2074
verify,4,1,958,2134,2134
verify,4,1,959,2066,2066
verify,4,1,960,2062,2062
verify,4,1,961,2076,2076
verify,4,1,962,2062,2062
verify,4,1,963,2042,2042
verify,4,1,964,2066,2066
verify,4,1,965,2078,2078
verify,4,1,966,2058,2058
verify,4,1,967,2080,2080
verify,4,1,968,2086,2086
verify,4,1,969,2054,2054
verify,4,1,970,2086,2086
verify,4,1,971,2058,2058
verify,4,1,972,2084,2084
verify,4,1,973,2074,2074
verify,4,1,974,2070,2070
verify,4,1,975,2130,2130
verify,4,1,976,2062,2062
verify,4,1,977,2092,2092
verify,4,1,978,2074,2074
verify,4,1,979,2066,2066
verify,4,1,980,2076,2076
verify,4,1,981,2072,2072
verify,4,1,982,2090,2090
verify,4,1,983,2088,2088
verify,4,1,984,2100,2100
verify,4,1,985,2098,2098
verify,4,1,986,2084,2084
verify,4,1,987,2064,2064
verify,4,1,988,2082,2082
verify,4,1,989,2054,2054
verify,4,1,990,2054,2054
verify,4,1,991,2100,2100
verify,4,1,992,2120,2120
verify,4,1,993,2070,2070
verify,4,1,994,2072,2072
verify,4,1,995,2130,2130
verify,4,1,996,2082,2082
verify,4,1,997,2052,2052
verify,4,1,998,2080,2080
verify,4,1,999,2056,2056
verify,4,1,1000,2084,2084
verify,4,1,1001,2102,2102
verify,4,1,1002,2088,2088
verify,4,1,1003,2092,2092
verify,4,1,1004,2116,2116
verify,4,1,1005,2100,2100
verify,4,1,1006,2104,2104
verify,4,1,1007,2070,2070
verify,4,1,1008,2074,2074
verify,4,1,1009,2074,2074
verify,4,1,1010,2060,2060
verify,4,1,1011,2104,2104
verify,4,1,1012,2126,2126
verify,4,1,1013,2064,2064
verify,4,1,1014,2062,2062
verify,4,1,1015,2074,2074
verify,4,1,1016,2056,2056
verify,4,1,1017,2042,2042
verify,4,1,1018,2072,2072
verify,4,1,1019,2058,2058
verify,4,1,1020,2106,2106
verify,4,1,1021,2058,2058
verify,4,1,1022,2088,2088
verify,4,1,1023,2094,2094
verify,4,1,1024,2080,2080
verify,4,1,1025,2090,2090
verify,4,1,1026,2072,2072
verify,4,1,1027,2084,2084
verify,4,1,1028,2074,2074
verify,4,1,1029,2062,2062
verify,4,1,1030,2054,2054
verify,4,1,1031,2080,2080
verify,4,1,1032,2068,2068
verify,4,1,1033,2118,2118
verify,4,1,1034,2088,2088
verify,4,1,1035,2058,2058
verify,4,1,1036,2070,2070
verify,4,1,1037,2086,2086
verify,4,1,1038,2110,2110
verify,4,1,1039,2070,2070
verify,4,1,1040,2068,2068
verify,4,1,1041,2166,2166
verify,4,1,1042,2078,2078
verify,4,1,1043,2072,2072
verify,4,1,1044,2074,2074
verify,4,1,1045,2060,2060
verify,4,1,1046,2062,2062
verify,4,1,1047,2082,2082
verify,4,1,1048,2110,2110
verify,4,1,1049,2052,2052
verify,4,1,1050,2048,2048
verify,4,1,1051,2084,2084
verify,4,1,1052,2086,2086
verify,4,1,1053,2070,2070
verify,4,1,1054,2042,2042
verify,4,1,1055,2070,2070
verify,4,1,1056,2080,2080
verify,4,1,1057,2066,2066
verify,4,1,1058,2076,2076
verify,4,1,1059,2078,2078
verify,4,1,1060,2074,2074
verify,4,1,1061,2080,2080
verify,4,1,1062,2138,2138
verify,4,1,1063,2086,2086
verify,4,1,1064,2060,2060
verify,4,1,1065,2064,2064
verify,4,1,1066,2062,2062
verify,4,1,1067,2132,2132
verify,4,1,1068,2072,2072
verify,4,1,1069,2078,2078
verify,4,1,1070,2068,2068
verify,4,1,1071,2054,2054
verify,4,1,1072,2116,2116
verify,4,1,1073,2074,2074
verify,4,1,1074,2048,2048
verify,4,1,1075,2046,2046
verify,4,1,1076,2072,2072
verify,4,1,1077,2078,2078
verify,4,1,1078,2074,2074
verify,4,1,1079,2094,2094
verify,4,1,1080,2052,2052
verify,4,1,1081,2080,2080
verify,4,1,1082,2116,2116
verify,4,1,1083,2066,2066
verify,4,1,1084,2142,2142
verify,4,1,1085,2076,2076
verify,4,1,1086,2090,2090
verify,4,1,1087,2082,2082
verify,4,1,1088,2076,2076
verify,4,1,1089,2074,2074
verify,4,1,1090,2058,2058
verify,4,1,1091,2088,2088
verify,4,1,1092,2080,2080
verify,4,1,1093,2060,2060
verify,4,1,1094,2124,2124
verify,4,1,1095,2062,2062
verify,4,1,1096,2072,2072
verify,4,1,1097,2084,2084
verify,4,1,1098,2054,2054
verify,4,1,1099,2062,2062
verify,4,1,1100,2072,2072
verify,4,1,1101,2074,2074
verify,4,1,1102,2080,2080
verify,4,1,1103,2038,2038
verify,4,1,1104,2092,2092
verify,4,1,1105,2088,2088
verify,4,1,1106,2086,2086
verify,4,1,1107,2068,2068
verify,4,1,1108,2082,2082
verify,4,1,1109,2084,2084
verify,4,1,1110,2118,2118
verify,4,1,1111,2080,2080
verify,4,1,1112,2070,2070
verify,4,1,1113,2090,2090
verify,4,1,1114,2048,2048
verify,4,1,1115,2068,2068
verify,4,1,1116,2084,2084
verify,4,1,1117,2088,2088
verify,4,1,1118,2068,2068
verify,4,1,1119,2050,2050
verify,4,1,1120,2060,2060
verify,4,1,1121,2120,2120
verify,4,1,1122,2120,2120
verify,4,1,1123,2070,2070
verify,4,1,1124,2068,2068
verify,4,1,1125,2074,2074
verify,4,1,1126,2120,2120
verify,4,1,1127,2064,2064
verify,4,1,1128,2036,2036
verify,4,1,1129,2062,2062
verify,4,1,1130,2116,2116
verify,4,1,1131,2070,2070
verify,4,1,1132,2096,2096
verify,4,1,1133,2052,2052
verify,4,1,1134,2082,2082
verify,4,1,1135,2072,2072
verify,4,1,1136,2076,2076
verify,4,1,1137,2058,2058
verify,4,1,1138,2070,2070
verify,4,1,1139,2086,2086
verify,4,1,1140,2078,2078
verify,4,1,1141,2062,2062
verify,4,1,1142,2134,2134
verify,4,1,1143,2064,2064
verify,4,1,1144,2076,2076
verify,4,1,1145,2108,2108
verify,4,1,1146,2056,2056
verify,4,1,1147,2074,2074
verify,4,1,1148,2136,2136
verify,4,1,1149,2078,2078
verify,4,1,1150,2082,2082
verify,4,1,1151,2120,2120
verify,4,1,1152,2054,2054
verify,4,1,1153,2084,2084
verify,4,1,1154,2106,2106
verify,4,1,1155,2074,2074
verify,4,1,1156,2060,2060
verify,4,1,1157,2098,2098
verify,4,1,1158,2078,2078
verify,4,1,1159,2072,2072
verify,4,1,1160,2076,2076
verify,4,1,1161,2054,2054
verify,4,1,1162,2072,2072
verify,4,1,1163,2088,2088
verify,4,1,1164,2074,2074
verify,4,1,1165,2060,2060
verify,4,1,1166,2066,2066
verify,4,1,1167,2110,2110
verify,4,1,1168,2058,2058
verify,4,1,1169,2072,2072
verify,4,1,1170,2064,2064
verify,4,1,1171,2080,2080
verify,4,1,1172,2088,2088
verify,4,1,1173,2056,2056
verify,4,1,1174,2054,2054
verify,4,1,1175,2114,2114
verify,4,1,1176,2086,2086
verify,4,1,1177,2072,2072
verify,4,1,1178,2082,2082
verify,4,1,1179,2100,2100
verify,4,1,1180,2088,2088
verify,4,1,1181,2090,2090
verify,4,1,1182,2080,2080
verify,4,1,1183,2100,2100
verify,4,1,1184,2116,2116
verify,4,1,1185,2108,2108
verify,4,1,1186,2072,2072
verify,4,1,1187,2078,2078
verify,4,1,1188,2076,2076
verify,4,1,1189,2098,2098
verify,4,1,1190,2086,2086
verify,4,1,1191,2076,2076
verify,4,1,1192,2110,2110
verify,4,1,1193,2080,2080
verify,4,1,1194,2108,2108
verify,4,1,1195,2094,2094
verify,4,1,1196,2094,2094
verify,4,1,1197,2082,2082
verify,4,1,1198,2098,2098
verify,4,1,1199,2100,2100
verify,4,1,1200,2134,2134
verify,4,1,1201,2098,2098
verify,4,1,1202,2082,2082
verify,4,1,1203,2102,2102
verify,4,1,1204,2080,2080
verify,4,1,1205,2098,2098
verify,4,1,1206,2092,2092
verify,4,1,1207,2080,2080
verify,4,1,1208,2086,2086
verify,4,1,1209,2082,2082
verify,4,1,1210,2072,2072
verify,4,1,1211,2122,2122
verify,4,1,1212,2092,2092
verify,4,1,1213,2094,2094
verify,4,1,1214,2088,2088
verify,4,1,1215,2116,2116
verify,4,1,1216,2092,2092
verify,4,1,1217,2066,2066
verify,4,1,1218,2084,2084
verify,4,1,1219,2080,2080
verify,4,1,1220,2076,2076
verify,4,1,1221,2102,2102
verify,4,1,1222,2092,2092
verify,4,1,1223,2080,2080
verify,4,1,1224,2082,2082
verify,4,1,1225,2088,2088
verify,4,1,1226,2076,2076
verify,4,1,1227,2150,2150
verify,4,1,1228,2094,2094
verify,4,1,1229,2076,2076
verify,4,1,1230,2086,2086
verify,4,1,1231,2098,2098
verify,4,1,1232,2066,2066
verify,4,1,1233,2090,2090
verify,4,1,1234,2088,2088
verify,4,1,1235,2070,2070
verify,4,1,1236,2140,2140
verify,4,1,1237,2134,2134
verify,4,1,1238,2082,2082
verify,4,1,1239,2096,2096
verify,4,1,1240,2084,2084
verify,4,1,1241,2054,2054
verify,4,1,1242,2084,2084
verify,4,1,1243,2084,2084
verify,4,1,1244,2104,2104
verify,4,1,1245,2112,2112
verify,4,1,1246,2092,2092
verify,4,1,1247,2112,2112
verify,4,1,1248,2084,2084
verify,4,1,1249,2102,2102
verify,4,1,1250,2082,2082
verify,4,1,1251,2136,2136
verify,4,1,1252,2068,2068
verify,4,1,1253,2088,2088
verify,4,1,1254,2096,2096
verify,4,1,1255,2092,2092
verify,4,1,1256,2068,2068
verify,4,1,1257,2064,2064
verify,4,1,1258,2080,2080
verify,4,1,1259,2084,2084
verify,4,1,1260,2092,2092
verify,4,1,1261,2078,2078
verify,4,1,1262,2100,2100
verify,4,1,1263,2090,2090
verify,4,1,1264,2090,2090
verify,4,1,1265,2072,2072
verify,4,1,1266,2114,2114
verify,4,1,1267,2082,2082
verify,4,1,1268,2118,2118
verify,4,1,1269,2096,2096
verify,4,1,1270,2082,2082
verify,4,1,1271,2090,2090
verify,4,1,1272,2082,2082
verify,4,1,1273,2076,2076
verify,4,1,1274,2078,2078
verify,4,1,1275,2084,2084
verify,4,1,1276,2090,2090
verify,4,1,1277,2102,2102
verify,4,1,1278,2096,2096
verify,4,1,1279,2098,2098
verify,4,1,1280,2102,2102
verify,4,1,1281,2112,2112
verify,4,1,1282,2092,2092
verify,4,1,1283,2110,2110
verify,4,1,1284,2136,2136
verify,4,1,1285,2086,2086
verify,4,1,1286,2118,2118
verify,4,1,1287,2076,2076
verify,4,1,1288,2070,2070
verify,4,1,1289,2068,2068
verify,4,1,1290,2094,2094
verify,4,1,1291,8576,8576
verify,4,1,1292,2062,2062
verify,4,1,1293,2096,2096
verify,4,1,1294,2070,2070
verify,4,1,1295,2068,2068
verify,4,1,1296,2036,2036
verify,4,1,1297,2058,2058
verify,4,1,1298,2170,2170
verify,4,1,1299,2076,2076
verify,4,1,1300,2082,2082
verify,4,1,1301,2072,2072
verify,4,1,1302,2068,2068
verify,4,1,1303,2060,2060
verify,4,1,1304,2124,2124
verify,4,1,1305,2046,2046
verify,4,1,1306,2048,2048
verify,4,1,1307,2046,2046
verify,4,1,1308,2056,2056
verify,4,1,1309,2096,2096
verify,4,1,1310,2084,2084
verify,4,1,1311,2054,2054
verify,4,1,1312,2068,2068
verify,4,1,1313,2054,2054
verify,4,1,1314,2060,2060
verify,4,1,1315,2054,2054
verify,4,1,1316,2088,2088
verify,4,1,1317,2062,2062
verify,4,1,1318,2034,2034
verify,4,1,1319,2070,2070
verify,4,1,1320,2060,2060
verify,4,1,1321,2050,2050
verify,4,1,1322,2054,2054
verify,4,1,1323,2064,2064
verify,4,1,1324,2052,2052
verify,4,1,1325,2056,2056
verify,4,1,1326,2096,2096
verify,4,1,1327,2060,2060
verify,4,1,1328,2042,2042
verify,4,1,1329,2064,2064
verify,4,1,1330,2126,2126
verify,4,1,1331,2052,2052
verify,4,1,1332,2052,2052
verify,4,1,1333,2070,2070
verify,4,1,1334,2138,2138
verify,4,1,1335,2054,2054
verify,4,1,1336,2074,2074
verify,4,1,1337,2052,2052
verify,4,1,1338,2032,2032
verify,4,1,1339,2052,2052
verify,4,1,1340,2080,2080
verify,4,1,1341,2060,2060
verify,4,1,1342,2092,2092
verify,4,1,1343,2056,2056
verify,4,1,1344,2032,2032
verify,4,1,1345,2062,2062
verify,4,1,1346,2058,2058
verify,4,1,1347,2044,2044
verify,4,1,1348,2116,2116
verify,4,1,1349,2060,2060
verify,4,1,1350,2052,2052
verify,4,1,1351,2042,2042
verify,4,1,1352,2054,2054
verify,4,1,1353,2040,2040
verify,4,1,1354,2050,2050
verify,4,1,1355,2114,2114
verify,4,1,1356,2046,2046
verify,4,1,1357,2072,2072
verify,4,1,1358,2040,2040
verify,4,1,1359,2078,2078
verify,4,1,1360,2052,2052
verify,4,1,1361,2040,2040
verify,4,1,1362,2054,2054
verify,4,1,1363,2054,2054
verify,4,1,1364,2052,2052
verify,4,1,1365,2066,2066
verify,4,1,1366,2078,2078
verify,4,1,1367,2060,2060
verify,4,1,1368,2128,2128
verify,4,1,1369,2060,2060
verify,4,1,1370,2052,2052
verify,4,1,1371,2056,2056
verify,4,1,1372,2050,2050
verify,4,1,1373,2034,2034
verify,4,1,1374,2122,2122
verify,4,1,1375,2034,2034
verify,4,1,1376,2062,2062
verify,4,1,1377,2064,2064
verify,4,1,1378,2042,2042
verify,4,1,1379,2068,2068
verify,4,1,1380,2050,2050
verify,4,1,1381,2052,2052
verify,4,1,1382,2042,2042
verify,4,1,1383,2050,2050
verify,4,1,1384,2054,2054
verify,4,1,1385,2052,2052
verify,4,1,1386,2060,2060
verify,4,1,1387,2046,2046
verify,4,1,1388,2054,2054
verify,4,1,1389,2082,2082
verify,4,1,1390,2108,2108
verify,4,1,1391,2060,2060
verify,4,1,1392,2034,2034
verify,4,1,1393,2046,2046
verify,4,1,1394,2038,2038
verify,4,1,1395,2102,2102
verify,4,1,1396,2052,2052
verify,4,1,1397,2064,2064
verify,4,1,1398,2050,2050
verify,4,1,1399,2062,2062
verify,4,1,1400,2098,2098
verify,4,1,1401,2102,2102
verify,4,1,1402,2064,2064
verify,4,1,1403,2058,2058
verify,4,1,1404,2066,2066
verify,4,1,1405,2046,2046
verify,4,1,1406,2056,2056
verify,4,1,1407,2048,2048
verify,4,1,1408,2088,2088
verify,4,1,1409,2072,2072
verify,4,1,1410,2056,2056
verify,4,1,1411,2104,2104
verify,4,1,1412,2062,2062
verify,4,1,1413,2040,2040
verify,4,1,1414,2088,2088
verify,4,1,1415,2060,2060
verify,4,1,1416,2064,2064
verify,4,1,1417,2062,2062
verify,4,1,1418,2044,2044
verify,4,1,1419,2054,2054
verify,4,1,1420,2054,2054
verify,4,1,1421,2056,2056
verify,4,1,1422,2068,2068
verify,4,1,1423,2114,2114
verify,4,1,1424,2050,2050
verify,4,1,1425,2056,2056
verify,4,1,1426,2066,2066
verify,4,1,1427,2048,2048
verify,4,1,1428,2040,2040
verify,4,1,1429,2116,2116
verify,4,1,1430,2056,2056
verify,4,1,1431,2068,2068
verify,4,1,1432,2052,2052
verify,4,1,1433,2064,2064
verify,4,1,1434,2098,2098
verify,4,1,1435,2062,2062
verify,4,1,1436,2032,2032
verify,4,1,1437,2050,2050
verify,4,1,1438,2060,2060
verify,4,1,1439,2052,2052
verify,4,1,1440,2060,2060
verify,4,1,1441,2020,2020
verify,4,1,1442,2048,2048
verify,4,1,1443,2060,2060
verify,4,1,1444,2048,2048
verify,4,1,1445,2058,2058
verify,4,1,1446,2046,2046
verify,4,1,1447,2056,2056
verify,4,1,1448,2092,2092
verify,4,1,1449,2064,2064
verify,4,1,1450,2044,2044
verify,4,1,1451,2060,2060
verify,4,1,1452,2062,2062
verify,4,1,1453,2060,2060
verify,4,1,1454,2072,2072
verify,4,1,1455,2098,2098
verify,4,1,1456,2066,2066
verify,4,1,1457,2058,2058
verify,4,1,1458,2044,2044
verify,4,1,1459,2064,2064
verify,4,1,1460,2056,2056
verify,4,1,1461,2066,2066
verify,4,1,1462,2074,2074
verify,4,1,1463,2060,2060
verify,4,1,1464,2124,2124
verify,4,1,1465,2054,2054
verify,4,1,1466,2046,2046
verify,4,1,1467,2050,2050
verify,4,1,1468,2042,2042
verify,4,1,1469,2054,2054
verify,4,1,1470,2054,2054
verify,4,1,1471,2048,2048
verify,4,1,1472,2030,2030
verify,4,1,1473,2054,2054
verify,4,1,1474,2070,2070
verify,4,1,1475,2098,2098
verify,4,1,1476,2058,2058
verify,4,1,1477,2046,2046
verify,4,1,1478,2090,2090
verify,4,1,1479,2068,2068
verify,4,1,1480,2040,2040
verify,4,1,1481,2092,2092
verify,4,1,1482,2050,2050
verify,4,1,1483,2058,2058
verify,4,1,1484,2080,2080
verify,4,1,1485,2052,2052
verify,4,1,1486,2078,2078
verify,4,1,1487,2068,2068
verify,4,1,1488,2072,2072
verify,4,1,1489,2058,2058
verify,4,1,1490,2140,2140
verify,4,1,1491,2064,2064
verify,4,1,1492,2066,2066
verify,4,1,1493,2080,2080
verify,4,1,1494,2120,2120
verify,4,1,1495,2074,2074
verify,4,1,1496,2074,2074
verify,4,1,1497,2076,2076
verify,4,1,1498,2078,2078
verify,4,1,1499,2056,2056
verify,4,1,1500,2080,2080
verify,4,1,1501,2076,2076
verify,4,1,1502,2124,2124
verify,4,1,1503,2050,2050
verify,4,1,1504,2114,2114
verify,4,1,1505,2084,2084
verify,4,1,1506,2054,2054
verify,4,1,1507,2114,2114
verify,4,1,1508,2068,2068
verify,4,1,1509,2084,2084
verify,4,1,1510,2082,2082
verify,4,1,1511,2066,2066
verify,4,1,1512,2068,2068
verify,4,1,1513,2062,2062
verify,4,1,1514,2100,2100
verify,4,1,1515,2076,2076
verify,4,1,1516,2076,2076
verify,4,1,1517,2040,2040
verify,4,1,1518,2058,2058
verify,4,1,1519,2086,2086
verify,4,1,1520,2072,2072
verify,4,1,1521,2034,2034
verify,4,1,1522,2084,2084
verify,4,1,1523,2130,2130
verify,4,1,1524,2088,2088
verify,4,1,1525,2076,2076
verify,4,1,1526,2062,2062
verify,4,1,1527,2086,2086
verify,4,1,1528,2068,2068
verify,4,1,1529,2066,2066
verify,4,1,1530,2084,2084
verify,4,1,1531,2080,2080
verify,4,1,1532,2082,2082
verify,4,1,1533,2072,2072
verify,4,1,1534,2090,2090
verify,4,1,1535,2152,2152
verify,4,1,1536,2114,2114
verify,4,1,1537,2094,2094
verify,4,1,1538,2056,2056
verify,4,1,1539,2076,2076
verify,4,1,1540,2056,2056
verify,4,1,1541,2072,2072
verify,4,1,1542,2058,2058
verify,4,1,1543,2152,2152
verify,4,1,1544,2064,2064
verify,4,1,1545,2050,2050
verify,4,1,1546,2050,2050
verify,4,1,1547,2072,2072
verify,4,1,1548,2130,2130
verify,4,1,1549,2064,2064
verify,4,1,1550,2052,2052
verify,4,1,1551,2064,2064
verify,4,1,1552,2076,2076
verify,4,1,1553,2094,2094
verify,4,1,1554,2070,2070
verify,4,1,1555,2082,2082
verify,4,1,1556,2078,2078
verify,4,1,1557,2056,2056
verify,4,1,1558,2068,2068
verify,4,1,1559,2074,2074
verify,4,1,1560,2086,2086
verify,4,1,1561,2048,2048
verify,4,1,1562,2062,2062
verify,4,1,1563,2068,2068
verify,4,1,1564,2124,2124
verify,4,1,1565,2066,2066
verify,4,1,1566,2078,2078
verify,4,1,1567,2110,2110
verify,4,1,1568,2086,2086
verify,4,1,1569,2070,2070
verify,4,1,1570,2100,2100
verify,4,1,1571,2088,2088
verify,4,1,1572,2092,2092
verify,4,1,1573,2060,2060
verify,4,1,1574,2084,2084
verify,4,1,1575,2054,2054
verify,4,1,1576,2068,2068
verify,4,1,1577,2086,2086
verify,4,1,1578,2074,2074
verify,4,1,1579,2056,2056
verify,4,1,1580,2058,2058
verify,4,1,1581,2082,2082
verify,4,1,1582,2104,2104
verify,4,1,1583,2076,2076
verify,4,1,1584,2072,2072
verify,4,1,1585,2104,2104
verify,4,1,1586,2094,2094
verify,4,1,1587,2092,2092
verify,4,1,1588,2116,2116
verify,4,1,1589,2092,2092
verify,4,1,1590,2094,2094
verify,4,1,1591,2144,2144
verify,4,1,1592,2080,2080
verify,4,1,1593,2072,2072
verify,4,1,1594,2062,2062
verify,4,1,1595,2078,2078
verify,4,1,1596,2078,2078
verify,4,1,1597,2122,2122
verify,4,1,1598,2064,2064
verify,4,1,1599,2060,2060
verify,4,1,1600,2056,2056
verify,4,1,1601,2128,2128
verify,4,1,1602,2046,2046
verify,4,1,1603,2062,2062
verify,4,1,1604,2090,2090
verify,4,1,1605,2082,2082
verify,4,1,1606,2088,2088
verify,4,1,1607,2074,2074
verify,4,1,1608,2062,2062
verify,4,1,1609,2076,2076
verify,4,1,1610,2052,2052
verify,4,1,1611,2064,2064
verify,4,1,1612,2072,2072
verify,4,1,1613,2080,2080
verify,4,1,1614,2082,2082
verify,4,1,1615,2090,2090
verify,4,1,1616,2082,2082
verify,4,1,1617,2112,2112
verify,4,1,1618,2050,2050
verify,4,1,1619,2058,2058
verify,4,1,1620,2084,2084
verify,4,1,1621,2046,2046
verify,4,1,1622,2150,2150
verify,4,1,1623,2072,2072
verify,4,1,1624,2076,2076
verify,4,1,1625,2052,2052
verify,4,1,1626,2072,2072
verify,4,1,1627,2086,2086
verify,4,1,1628,2070,2070
verify,4,1,1629,2048,2048
verify,4,1,1630,2074,2074
verify,4,1,1631,2058,2058
verify,4,1,1632,2122,2122
verify,4,1,1633,2082,2082
verify,4,1,1634,2072,2072
verify,4,1,1635,2078,2078
verify,4,1,1636,2088,2088
verify,4,1,1637,2062,2062
verify,4,1,1638,2068,2068
verify,4,1,1639,2136,2136
verify,4,1,1640,2096,2096
verify,4,1,1641,2118,2118
verify,4,1,1642,2066,2066
verify,4,1,1643,2048,2048
verify,4,1,1644,2080,2080
verify,4,1,1645,2040,2040
verify,4,1,1646,2090,2090
verify,4,1,1647,2086,2086
verify,4,1,1648,2066,2066
verify,4,1,1649,2040,2040
verify,4,1,1650,2116,2116
verify,4,1,1651,2044,2044
verify,4,1,1652,2050,2050
verify,4,1,1653,2078,2078
verify,4,1,1654,2088,2088
verify,4,1,1655,2084,2084
verify,4,1,1656,2038,2038
verify,4,1,1657,2100,2100
verify,4,1,1658,2044,2044
verify,4,1,1659,2092,2092
verify,4,1,1660,2018,2018
verify,4,1,1661,2062,2062
verify,4,1,1662,2064,2064
verify,4,1,1663,2046,2046
verify,4,1,1664,2064,2064
verify,4,1,1665,2042,2042
verify,4,1,1666,2040,2040
verify,4,1,1667,2058,2058
verify,4,1,1668,2044,2044
verify,4,1,1669,2074,2074
verify,4,1,1670,2102,2102
verify,4,1,1671,2078,2078
verify,4,1,1672,2060,2060
verify,4,1,1673,2066,2066
verify,4,1,1674,2070,2070
verify,4,1,1675,2028,2028
verify,4,1,1676,2042,2042
verify,4,1,1677,2044,2044
verify,4,1,1678,2082,2082
verify,4,1,1679,2038,2038
verify,4,1,1680,2042,2042
verify,4,1,1681,2050,2050
verify,4,1,1682,2046,2046
verify,4,1,1683,2054,2054
verify,4,1,1684,2112,2112
verify,4,1,1685,2056,2056
verify,4,1,1686,2054,2054
verify,4,1,1687,2054,2054
verify,4,1,1688,2054,2054
verify,4,1,1689,2082,2082
verify,4,1,1690,2038,2038
verify,4,1,1691,2098,2098
verify,4,1,1692,2036,2036
verify,4,1,1693,2130,2130
verify,4,1,1694,2042,2042
verify,4,1,1695,2100,2100
verify,4,1,1696,2062,2062
verify,4,1,1697,2062,2062
verify,4,1,1698,2044,2044
verify,4,1,1699,2084,2084
verify,4,1,1700,2068,2068
verify,4,1,1701,2064,2064
verify,4,1,1702,2046,2046
verify,4,1,1703,2040,2040
verify,4,1,1704,2054,2054
verify,4,1,1705,2138,2138
verify,4,1,1706,2046,2046
verify,4,1,1707,2050,2050
verify,4,1,1708,2054,2054
verify,4,1,1709,2052,2052
verify,4,1,1710,2088,2088
verify,4,1,1711,2078,2078
verify,4,1,1712,2054,2054
verify,4,1,1713,2040,2040
verify,4,1,1714,2100,2100
verify,4,1,1715,2048,2048
verify,4,1,1716,2054,2054
verify,4,1,1717,2052,2052
verify,4,1,1718,2068,2068
verify,4,1,1719,2052,2052
verify,4,1,1720,2038,2038
verify,4,1,1721,2040,2040
verify,4,1,1722,2036,2036
verify,4,1,1723,2048,2048
verify,4,1,1724,2064,2064
verify,4,1,1725,2032,2032
verify,4,1,1726,2044,2044
verify,4,1,1727,2090,2090
verify,4,1,1728,2054,2054
verify,4,1,1729,2076,2076
verify,4,1,1730,2066,2066
verify,4,1,1731,2048,2048
verify,4,1,1732,2086,2086
verify,4,1,1733,2086,2086
verify,4,1,1734,2034,2034
verify,4,1,1735,2064,2064
verify,4,1,1736,2118,2118
verify,4,1,1737,2042,2042
verify,4,1,1738,2064,2064
verify,4,1,1739,2038,2038
verify,4,1,1740,2054,2054
verify,4,1,1741,2034,2034
verify,4,1,1742,2048,2048
verify,4,1,1743,2054,2054
verify,4,1,1744,2038,2038
verify,4,1,1745,2036,2036
verify,4,1,1746,2056,2056
verify,4,1,1747,2058,2058
verify,4,1,1748,2044,2044
verify,4,1,1749,2044,2044
verify,4,1,1750,2104,2104
verify,4,1,1751,2066,2066
verify,4,1,1752,2044,2044
verify,4,1,1753,2096,2096
verify,4,1,1754,2078,2078
verify,4,1,1755,2052,2052
verify,4,1,1756,2040,2040
verify,4,1,1757,2068,2068
verify,4,1,1758,2056,2056
verify,4,1,1759,2036,2036
verify,4,1,1760,2050,2050
verify,4,1,1761,2050,2050
verify,4,1,1762,2036,2036
verify,4,1,1763,2050,2050
verify,4,1,1764,2040,2040
verify,4,1,1765,2052,2052
verify,4,1,1766,2044,2044
verify,4,1,1767,2100,2100
verify,4,1,1768,2050,2050
verify,4,1,1769,2040,2040
verify,4,1,1770,2100,2100
verify,4,1,1771,2034,2034
verify,4,1,1772,2064,2064
verify,4,1,1773,2054,2054
verify,4,1,1774,2032,2032
verify,4,1,1775,2108,2108
verify,4,1,1776,2066,2066
verify,4,1,1777,2054,2054
verify,4,1,1778,2074,2074
verify,4,1,1779,2064,2064
verify,4,1,1780,2054,2054
verify,4,1,1781,2130,2130
verify,4,1,1782,2080,2080
verify,4,1,1783,2102,2102
verify,4,1,1784,2030,2030
verify,4,1,1785,2062,2062
verify,4,1,1786,2064,2064
verify,4,1,1787,2050,2050
verify,4,1,1788,2060,2060
verify,4,1,1789,2014,2014
verify,4,1,1790,2034,2034
verify,4,1,1791,2052,2052
verify,4,1,1792,2036,2036
verify,4,1,1793,2110,2110
verify,4,1,1794,2056,2056
verify,4,1,1795,2062,2062
verify,4,1,1796,2104,2104
verify,4,1,1797,2064,2064
verify,4,1,1798,2076,2076
verify,4,1,1799,2086,2086
verify,4,1,1800,2106,2106
verify,4,1,1801,2034,2034
verify,4,1,1802,2070,2070
verify,4,1,1803,2156,2156
verify,4,1,1804,2076,2076
verify,4,1,1805,2086,2086
verify,4,1,1806,2102,2102
verify,4,1,1807,2068,2068
verify,4,1,1808,2076,2076
verify,4,1,1809,2064,2064
verify,4,1,1810,2068,2068
verify,4,1,1811,2046,2046
verify,4,1,1812,2068,2068
verify,4,1,1813,2078,2078
verify,4,1,1814,2068,2068
verify,4,1,1815,2130,2130
verify,4,1,1816,2048,2048
verify,4,1,1817,2054,2054
verify,4,1,1818,2042,2042
verify,4,1,1819,2086,2086
verify,4,1,1820,2112,2112
verify,4,1,1821,2050,2050
verify,4,1,1822,2068,2068
verify,4,1,1823,2118,2118
verify,4,1,1824,2088,2088
verify,4,1,1825,2078,2078
verify,4,1,1826,2086,2086
verify,4,1,1827,2066,2066
verify,4,1,1828,2074,2074
verify,4,1,1829,2078,2078
verify,4,1,1830,2082,2082
verify,4,1,1831,2068,2068
verify,4,1,1832,2064,2064
verify,4,1,1833,2138,2138
verify,4,1,1834,2072,2072
verify,4,1,1835,2078,2078
verify,4,1,1836,2098,2098
verify,4,1,1837,2138,2138
verify,4,1,1838,2084,2084
verify,4,1,1839,2064,2064
verify,4,1,1840,2062,2062
verify,4,1,1841,2072,2072
verify,4,1,1842,2084,2084
verify,4,1,1843,2088,2088
verify,4,1,1844,2054,2054
verify,4,1,1845,2054,2054
verify,4,1,1846,2086,2086
verify,4,1,1847,2060,2060
verify,4,1,1848,2062,2062
verify,4,1,1849,2074,2074
verify,4,1,1850,2126,2126
verify,4,1,1851,2074,2074
verify,4,1,1852,2124,2124
verify,4,1,1853,2150,2150
verify,4,1,1854,2076,2076
verify,4,1,1855,2078,2078
verify,4,1,1856,2092,2092
verify,4,1,1857,2090,2090
verify,4,1,1858,2066,2066
verify,4,1,1859,2078,2078
verify,4,1,1860,2066,2066
verify,4,1,1861,2060,2060
verify,4,1,1862,2092,2092
verify,4,1,1863,2076,2076
verify,4,1,1864,2058,2058
verify,4,1,1865,2068,2068
verify,4,1,1866,2070,2070
verify,4,1,1867,2054,2054
verify,4,1,1868,2132,2132
verify,4,1,1869,2068,2068
verify,4,1,1870,2056,2056
verify,4,1,1871,2076,2076
verify,4,1,1872,2080,2080
verify,4,1,1873,2078,2078
verify,4,1,1874,2076,2076
verify,4,1,1875,2062,2062
verify,4,1,1876,2138,2138
verify,4,1,1877,2088,2088
verify,4,1,1878,2054,2054
verify,4,1,1879,2066,2066
verify,4,1,1880,2104,2104
verify,4,1,1881,2072,2072
verify,4,1,1882,2074,2074
verify,4,1,1883,2072,2072
verify,4,1,1884,2146,2146
verify,4,1,1885,2074,2074
verify,4,1,1886,2110,2110
verify,4,1,1887,2080,2080
verify,4,1,1888,2066,2066
verify,4,1,1889,2068,2068
verify,4,1,1890,2072,2072
verify,4,1,1891,2060,2060
verify,4,1,1892,2138,2138
verify,4,1,1893,2064,2064
verify,4,1,1894,2074,2074
verify,4,1,1895,2080,2080
verify,4,1,1896,2066,2066
verify,4,1,1897,2062,2062
verify,4,1,1898,2056,2056
verify,4,1,1899,2060,2060
verify,4,1,1900,2144,2144
verify,4,1,1901,2086,2086
verify,4,1,1902,2052,2052
verify,4,1,1903,2064,2064
verify,4,1,1904,2080,2080
verify,4,1,1905,2098,2098
verify,4,1,1906,2130,2130
verify,4,1,1907,2074,2074
verify,4,1,1908,2098,2098
verify,4,1,1909,2112,2112
verify,4,1,1910,2126,2126
verify,4,1,1911,2068,2068
verify,4,1,1912,2080,2080
verify,4,1,1913,2072,2072
verify,4,1,1914,2074,2074
verify,4,1,1915,2090,2090
verify,4,1,1916,2076,2076
verify,4,1,1917,2060,2060
verify,4,1,1918,2044,2044
verify,4,1,1919,2074,2074
verify,4,1,1920,2076,2076
verify,4,1,1921,2060,2060
verify,4,1,1922,2066,2066
verify,4,1,1923,2054,2054
verify,4,1,1924,2092,2092
verify,4,1,1925,2080,2080
verify,4,1,1926,2068,2068
verify,4,1,1927,2040,2040
verify,4,1,1928,2060,2060
verify,4,1,1929,2068,2068
verify,4,1,1930,2128,2128
verify,4,1,1931,2074,2074
verify,4,1,1932,2094,2094
verify,4,1,1933,2106,2106
verify,4,1,1934,2090,2090
verify,4,1,1935,2094,2094
verify,4,1,1936,2058,2058
verify,4,1,1937,2070,2070
verify,4,1,1938,2076,2076
verify,4,1,1939,2064,2064
verify,4,1,1940,2142,2142
verify,4,1,1941,2068,2068
verify,4,1,1942,2080,2080
verify,4,1,1943,2098,2098
verify,4,1,1944,2126,2126
verify,4,1,1945,2062,2062
verify,4,1,1946,2054,2054
verify,4,1,1947,2054,2054
verify,4,1,1948,2076,2076
verify,4,1,1949,2060,2060
verify,4,1,1950,2054,2054
verify,4,1,1951,2084,2084
verify,4,1,1952,2084,2084
verify,4,1,1953,2086,2086
verify,4,1,1954,2092,2092
verify,4,1,1955,2062,2062
verify,4,1,1956,2058,2058
verify,4,1,1957,2086,2086
verify,4,1,1958,2062,2062
verify,4,1,1959,2058,2058
verify,4,1,1960,2058,2058
verify,4,1,1961,2120,2120
verify,4,1,1962,2046,2046
verify,4,1,1963,2064,2064
verify,4,1,1964,2062,2062
verify,4,1,1965,2102,2102
verify,4,1,1966,2068,2068
verify,4,1,1967,2056,2056
verify,4,1,1968,2048,2048
verify,4,1,1969,2024,2024
verify,4,1,1970,2102,2102
verify,4,1,1971,2062,2062
verify,4,1,1972,2074,2074
verify,4,1,1973,2044,2044
verify,4,1,1974,2082,2082
verify,4,1,1975,2058,2058
verify,4,1,1976,2062,2062
verify,4,1,1977,2104,2104
verify,4,1,1978,2052,2052
verify,4,1,1979,2072,2072
verify,4,1,1980,2050,2050
verify,4,1,1981,2068,2068
verify,4,1,1982,2044,2044
verify,4,1,1983,2046,2046
verify,4,1,1984,2068,2068
verify,4,1,1985,2052,2052
verify,4,1,1986,2052,2052
verify,4,1,1987,2046,2046
verify,4,1,1988,2040,2040
verify,4,1,1989,2040,2040
verify,4,1,1990,2046,2046
verify,4,1,1991,2040,2040
verify,4,1,1992,2052,2052
verify,4,1,1993,2050,2050
verify,4,1,1994,2078,2078
verify,4,1,1995,2030,2030
verify,4,1,1996,2038,2038
verify,4,1,1997,2046,2046
verify,4,1,1998,2114,2114
verify,4,1,1999,2058,2058
verify,4,1,2000,2052,2052
protect,8,1,1,2060,2060
protect,8,1,2,2032,2032
protect,8,1,3,2080,2080
protect,8,1,4,2058,2058
protect,8,1,5,2050,2050
protect,8,1,6,2136,2136
protect,8,1,7,2062,2062
protect,8,1,8,2076,2076
protect,8,1,9,2030,2030
protect,8,1,10,2042,2042
protect,8,1,11,2032,2032
protect,8,1,12,2062,2062
protect,8,1,13,2120,2120
protect,8,1,14,2068,2068
protect,8,1,15,2048,2048
protect,8,1,16,2090,2090
protect,8,1,17,2048,2048
protect,8,1,18,2050,2050
protect,8,1,19,2042,2042
protect,8,1,20,2060,2060
protect,8,1,21,2038,2038
protect,8,1,22,2060,2060
protect,8,1,23,2032,2032
protect,8,1,24,2062,2062
protect,8,1,25,2054,2054
protect,8,1,26,2104,2104
protect,8,1,27,2036,2036
protect,8,1,28,2058,2058
protect,8,1,29,2032,2032
protect,8,1,30,2060,2060
protect,8,1,31,2050,2050
protect,8,1,32,2052,2052
protect,8,1,33,2042,2042
protect,8,1,34,2052,2052
protect,8,1,35,2034,2034
protect,8,1,36,2050,2050
protect,8,1,37,2034,2034
protect,8,1,38,2036,2036
protect,8,1,39,2056,2056
protect,8,1,40,2054,2054
protect,8,1,41,2028,2028
protect,8,1,42,2054,2054
protect,8,1,43,2008,2008
protect,8,1,44,2078,2078
protect,8,1,45,2050,2050
protect,8,1,46,2052,2052
protect,8,1,47,2026,2026
protect,8,1,48,2054,2054
protect,8,1,49,2042,2042
protect,8,1,50,2048,2048
protect,8,1,51,2046,2046
protect,8,1,52,2038,2038
protect,8,1,53,2056,2056
protect,8,1,54,2030,2030
protect,8,1,55,2042,2042
protect,8,1,56,2026,2026
protect,8,1,57,2036,2036
protect,8,1,58,2052,2052
protect,8,1,59,2036,2036
protect,8,1,60,2034,2034
protect,8,1,61,2038,2038
protect,8,1,62,2058,2058
protect,8,1,63,2074,2074
protect,8,1,64,2046,2046
protect,8,1,65,2042,2042
protect,8,1,66,2022,2022
protect,8,1,67,2030,2030
protect,8,1,68,2104,2104
protect,8,1,69,2048,2048
protect,8,1,70,2014,2014
protect,8,1,71,2056,2056
protect,8,1,72,2044,2044
protect,8,1,73,2026,2026
protect,8,1,74,2094,2094
protect,8,1,75,2070,2070
protect,8,1,76,2060,2060
protect,8,1,77,2038,2038
protect,8,1,78,2048,2048
protect,8,1,79,2050,2050
protect,8,1,80,2058,2058
protect,8,1,81,2040,2040
protect,8,1,82,2108,2108
protect,8,1,83,2036,2036
protect,8,1,84,2046,2046
protect,8,1,85,2058,2058
protect,8,1,86,2038,2038
protect,8,1,87,2046,2046
protect,8,1,88,2048,2048
protect,8,1,89,2018,2018
protect,8,1,90,2086,2086
protect,8,1,91,2076,2076
protect,8,1,92,2158,2158
protect,8,1,93,2028,2028
protect,8,1,94,2034,2034
protect,8,1,95,2078,2078
protect,8,1,96,2066,2066
protect,8,1,97,2070,2070
protect,8,1,98,2066,2066
protect,8,1,99,2044,2044
protect,8,1,100,2042,2042
protect,8,1,101,2022,2022
protect,8,1,102,2038,2038
protect,8,1,103,2036,2036
protect,8,1,104,2028,2028
protect,8,1,105,2042,2042
protect,8,1,106,2050,2050
protect,8,1,107,2060,2060
protect,8,1,108,2028,2028
protect,8,1,109,2036,2036
protect,8,1,110,2040,2040
protect,8,1,111,2034,2034
protect,8,1,112,2036,2036
protect,8,1,113,2044,2044
protect,8,1,114,2136,2136
protect,8,1,115,2036,2036
protect,8,1,116,2050,2050
protect,8,1,117,2044,2044
protect,8,1,118,2078,2078
protect,8,1,119,2032,2032
protect,8,1,120,2036,2036
protect,8,1,121,2026,2026
protect,8,1,122,2056,2056
protect,8,1,123,2036,2036
protect,8,1,124,2038,2038
protect,8,1,125,2100,2100
protect,8,1,126,2006,2006
protect,8,1,127,2102,2102
protect,8,1,128,2054,2054
protect,8,1,129,2024,2024
protect,8,1,130,2018,2018
protect,8,1,131,2028,2028
protect,8,1,132,2016,2016
protect,8,1,133,2014,2014
protect,8,1,134,2094,2094
protect,8,1,135,2048,2048
protect,8,1,136,2042,2042
protect,8,1,137,2104,2104
protect,8,1,138,2038,2038
protect,8,1,139,2080,2080
protect,8,1,140,2032,2032
protect,8,1,141,2032,2032
protect,8,1,142,2020,2020
protect,8,1,143,2008,2008
protect,8,1,144,2070,2070
protect,8,1,145,2028,2028
protect,8,1,146,2034,2034
protect,8,1,147,2020,2020
protect,8,1,148,2036,2036
protect,8,1,149,2042,2042
protect,8,1,150,2076,2076
protect,8,1,151,2052,2052
protect,8,1,152,2048,2048
protect,8,1,153,2056,2056
protect,8,1,154,2034,2034
protect,8,1,155,2024,2024
protect,8,1,156,2042,2042
protect,8,1,157,2038,2038
protect,8,1,158,2014,2014
protect,8,1,159,2020,2020
protect,8,1,160,2016,2016
protect,8,1,161,2026,2026
protect,8,1,162,2072,2072
protect,8,1,163,2040,2040
protect,8,1,164,2012,2012
protect,8,1,165,2070,2070
protect,8,1,166,2040,2040
protect,8,1,167,2024,2024
protect,8,1,168,2018,2018
protect,8,1,169,2026,2026
protect,8,1,170,2030,2030
protect,8,1,171,2072,2072
protect,8,1,172,2054,2054
protect,8,1,173,2036,2036
protect,8,1,174,2062,2062
protect,8,1,175,2012,2012
protect,8,1,176,2054,2054
protect,8,1,177,2018,2018
protect,8,1,178,2086,2086
protect,8,1,179,2038,2038
protect,8,1,180,2034,2034
protect,8,1,181,2018,2018
protect,8,1,182,2032,2032
protect,8,1,183,2028,2028
protect,8,1,184,2084,2084
protect,8,1,185,2030,2030
protect,8,1,186,2028,2028
protect,8,1,187,2030,2030
protect,8,1,188,2024,2024
protect,8,1,189,2030,2030
protect,8,1,190,2046,2046
protect,8,1,191,2028,2028
protect,8,1,192,2012,2012
protect,8,1,193,2018,2018
protect,8,1,194,2002,2002
protect,8,1,195,2076,2076
protect,8,1,196,2036,2036
protect,8,1,197,2026,2026
protect,8,1,198,2042,2042
protect,8,1,199,2072,2072
protect,8,1,200,2040,2040
protect,8,1,201,2030,2030
protect,8,1,202,2022,2022
protect,8,1,203,2002,2002
protect,8,1,204,2058,2058
protect,8,1,205,2098,2098
protect,8,1,206,2052,2052
protect,8,1,207,2062,2062
protect,8,1,208,2078,2078
protect,8,1,209,2050,2050
protect,8,1,210,2064,2064
protect,8,1,211,2030,2030
protect,8,1,212,2044,2044
protect,8,1,213,2058,2058
protect,8,1,214,2032,2032
protect,8,1,215,2054,2054
protect,8,1,216,2028,2028
protect,8,1,217,2040,2040
protect,8,1,218,2098,2098
protect,8,1,219,2048,2048
protect,8,1,220,2016,2016
protect,8,1,221,2028,2028
protect,8,1,222,2006,2006
protect,8,1,223,2028,2028
protect,8,1,224,2014,2014
protect,8,1,225,2032,2032
protect,8,1,226,2034,2034
protect,8,1,227,2048,2048
protect,8,1,228,2058,2058
protect,8,1,229,2066,2066
protect,8,1,230,2014,2014
protect,8,1,231,2078,2078
protect,8,1,232,2042,2042
protect,8,1,233,2046,2046
protect,8,1,234,2088,2088
protect,8,1,235,2034,2034
protect,8,1,236,2030,2030
protect,8,1,237,2026,2026
protect,8,1,238,2028,2028
protect,8,1,239,2052,2052
protect,8,1,240,2070,2070
protect,8,1,241,2044,2044
protect,8,1,242,2084,2084
protect,8,1,243,2062,2062
protect,8,1,244,2042,2042
protect,8,1,245,2008,2008
protect,8,1,246,2022,2022
protect,8,1,247,2036,2036
protect,8,1,248,2010,2010
protect,8,1,249,2020,2020
protect,8,1,250,2026,2026
protect,8,1,251,2030,2030
protect,8,1,252,2030,2030
protect,8,1,253,2070,2070
protect,8,1,254,2036,2036
protect,8,1,255,2016,2016
protect,8,1,256,2032,2032
protect,8,1,257,2044,2044
protect,8,1,258,2086,2086
protect,8,1,259,2022,2022
protect,8,1,260,2078,2078
protect,8,1,261,2048,2048
protect,8,1,262,2028,2028
protect,8,1,263,2050,2050
protect,8,1,264,2066,2066
protect,8,1,265,2046,2046
protect,8,1,266,2014,2014
protect,8,1,267,2034,2034
protect,8,1,268,2022,2022
protect,8,1,269,2022,2022
protect,8,1,270,2022,2022
protect,8,1,271,2036,2036
protect,8,1,272,2062,2062
protect,8,1,273,2054,2054
protect,8,1,274,2086,2086
protect,8,1,275,2032,2032
protect,8,1,276,2056,2056
protect,8,1,277,2018,2018
protect,8,1,278,2028,2028
protect,8,1,279,2084,2084
protect,8,1,280,2036,2036
protect,8,1,281,2076,2076
protect,8,1,282,2054,2054
protect,8,1,283,2064,2064
protect,8,1,284,2030,2030
protect,8,1,285,2056,2056
protect,8,1,286,2046,2046
protect,8,1,287,2026,2026
protect,8,1,288,2040,2040
protect,8,1,289,2052,2052
protect,8,1,290,2054,2054
protect,8,1,291,2040,2040
protect,8,1,292,2038,2038
protect,8,1,293,2038,2038
protect,8,1,294,2026,2026
protect,8,1,295,2044,2044
protect,8,1,296,2040,2040
protect,8,1,297,2042,2042
protect,8,1,298,2066,2066
protect,8,1,299,2088,2088
protect,8,1,300,2018,2018
protect,8,1,301,2042,2042
protect,8,1,302,2036,2036
protect,8,1,303,2022,2022
protect,8,1,304,2030,2030
protect,8,1,305,2024,2024
protect,8,1,306,2044,2044
protect,8,1,307,2030,2030
protect,8,1,308,2038,2038
protect,8,1,309,2026,2026
protect,8,1,310,2092,2092
protect,8,1,311,2050,2050
protect,8,1,312,2024,2024
protect,8,1,313,2042,2042
protect,8,1,314,2030,2030
protect,8,1,315,2040,2040
protect,8,1,316,2040,2040
protect,8,1,317,2052,2052
protect,8,1,318,2048,2048
protect,8,1,319,2032,2032
protect,8,1,320,2034,2034
protect,8,1,321,2032,2032
protect,8,1,322,2050,2050
protect,8,1,323,2038,2038
protect,8,1,324,2040,2040
protect,8,1,325,2028,2028
protect,8,1,326,2046,2046
protect,8,1,327,2090,2090
protect,8,1,328,2040,2040
protect,8,1,329,2032,2032
protect,8,1,330,2032,2032
protect,8,1,331,2052,2052
protect,8,1,332,2032,2032
protect,8,1,333,2044,2044
protect,8,1,334,2034,2034
protect,8,1,335,2036,2036
protect,8,1,336,2040,2040
protect,8,1,337,2050,2050
protect,8,1,338,2042,2042
protect,8,1,339,2056,2056
protect,8,1,340,2046,2046
protect,8,1,341,2038,2038
protect,8,1,342,2026,2026
protect,8,1,343,2052,2052
protect,8,1,344,2092,2092
protect,8,1,345,2038,2038
protect,8,1,346,2028,2028
protect,8,1,347,2062,2062
protect,8,1,348,2096,2096
protect,8,1,349,2026,2026
protect,8,1,350,2044,2044
protect,8,1,351,2038,2038
protect,8,1,352,2020,2020
protect,8,1,353,2044,2044
protect,8,1,354,2094,2094
protect,8,1,355,2052,2052
protect,8,1,356,2046,2046
protect,8,1,357,2050,2050
protect,8,1,358,2050,2050
protect,8,1,359,2052,2052
protect,8,1,360,2040,2040
protect,8,1,361,2034,2034
protect,8,1,362,2046,2046
protect,8,1,363,2076,2076
protect,8,1,364,2066,2066
protect,8,1,365,2060,2060
protect,8,1,366,2028,2028
protect,8,1,367,2040,2040
protect,8,1,368,2044,2044
protect,8,1,369,2088,2088
protect,8,1,370,2072,2072
protect,8,1,371,2048,2048
protect,8,1,372,2064,2064
protect,8,1,373,2048,2048
protect,8,1,374,2040,2040
protect,8,1,375,2050,2050
protect,8,1,376,2032,2032
protect,8,1,377,2044,2044
protect,8,1,378,2058,2058
protect,8,1,379,2032,2032
protect,8,1,380,2030,2030
protect,8,1,381,2052,2052
protect,8,1,382,2056,2056
protect,8,1,383,2088,2088
protect,8,1,384,2086,2086
protect,8,1,385,2036,2036
protect,8,1,386,2042,2042
protect,8,1,387,2036,2036
protect,8,1,388,2040,2040
protect,8,1,389,2088,2088
protect,8,1,390,2050,2050
protect,8,1,391,2042,2042
protect,8,1,392,2052,2052
protect,8,1,393,2050,2050
protect,8,1,394,2040,2040
protect,8,1,395,2070,2070
protect,8,1,396,2042,2042
protect,8,1,397,2040,2040
protect,8,1,398,2040,2040
protect,8,1,399,2042,2042
protect,8,1,400,2052,2052
protect,8,1,401,2104,2104
protect,8,1,402,2100,2100
protect,8,1,403,2078,2078
protect,8,1,404,2048,2048
protect,8,1,405,2044,2044
protect,8,1,406,2048,2048
protect,8,1,407,2042,2042
protect,8,1,408,2044,2044
protect,8,1,409,2020,2020
protect,8,1,410,2024,2024
protect,8,1,411,2040,2040
protect,8,1,412,2094,2094
protect,8,1,413,2104,2104
protect,8,1,414,2064,2064
protect,8,1,415,2044,2044
protect,8,1,416,2040,2040
protect,8,1,417,2036,2036
protect,8,1,418,2028,2028
protect,8,1,419,2038,2038
protect,8,1,420,2032,2032
protect,8,1,421,2024,2024
protect,8,1,422,2042,2042
protect,8,1,423,2104,2104
protect,8,1,424,2094,2094
protect,8,1,425,2064,2064
protect,8,1,426,2040,2040
protect,8,1,427,2048,2048
protect,8,1,428,2058,2058
protect,8,1,429,2028,2028
protect,8,1,430,2032,2032
protect,8,1,431,2028,2028
protect,8,1,432,2058,2058
protect,8,1,433,2056,2056
protect,8,1,434,2020,2020
protect,8,1,435,2050,2050
protect,8,1,436,2038,2038
protect,8,1,437,2052,2052
protect,8,1,438,2034,2034
protect,8,1,439,2042,2042
protect,8,1,440,2058,2058
protect,8,1,441,2062,2062
protect,8,1,442,2046,2046
protect,8,1,443,2052,2052
protect,8,1,444,2050,2050
protect,8,1,445,2018,2018
protect,8,1,446,2034,2034
protect,8,1,447,2036,2036
protect,8,1,448,2038,2038
protect,8,1,449,2058,2058
protect,8,1,450,2046,2046
protect,8,1,451,2076,2076
protect,8,1,452,2030,2030
protect,8,1,453,2068,2068
protect,8,1,454,2054,2054
protect,8,1,455,2024,2024
protect,8,1,456,2072,2072
protect,8,1,457,2054,2054
protect,8,1,458,2028,2028
protect,8,1,459,2038,2038
protect,8,1,460,2062,2062
protect,8,1,461,2030,2030
protect,8,1,462,2056,2056
protect,8,1,463,2032,2032
protect,8,1,464,2042,2042
protect,8,1,465,2032,2032
protect,8,1,466,2034,2034
protect,8,1,467,2094,2094
protect,8,1,468,2042,2042
protect,8,1,469,2026,2026
protect,8,1,470,2048,2048
protect,8,1,471,2044,2044
protect,8,1,472,2074,2074
protect,8,1,473,2054,2054
protect,8,1,474,2050,2050
protect,8,1,475,2066,2066
protect,8,1,476,2056,2056
protect,8,1,477,2040,2040
protect,8,1,478,2046,2046
protect,8,1,479,2102,2102
protect,8,1,480,2040,2040
protect,8,1,481,2038,2038
protect,8,1,482,2042,2042
protect,8,1,483,2034,2034
protect,8,1,484,2050,2050
protect,8,1,485,2038,2038
protect,8,1,486,2038,2038
protect,8,1,487,2040,2040
protect,8,1,488,2046,2046
protect,8,1,489,2020,2020
protect,8,1,490,2022,2022
protect,8,1,491,2072,2072
protect,8,1,492,2038,2038
protect,8,1,493,2030,2030
protect,8,1,494,2072,2072
protect,8,1,495,2058,2058
protect,8,1,496,2022,2022
protect,8,1,497,2072,2072
protect,8,1,498,2044,2044
protect,8,1,499,2024,2024
protect,8,1,500,2044,2044
protect,8,1,501,2034,2034
protect,8,1,502,2060,2060
protect,8,1,503,2042,2042
protect,8,1,504,2040,2040
protect,8,1,505,2028,2028
protect,8,1,506,2030,2030
protect,8,1,507,2054,2054
protect,8,1,508,2054,2054
protect,8,1,509,2038,2038
protect,8,1,510,2066,2066
protect,8,1,511,2106,2106
protect,8,1,512,2032,2032
protect,8,1,513,2034,2034
protect,8,1,514,2036,2036
protect,8,1,515,2040,2040
protect,8,1,516,2028,2028
protect,8,1,517,2038,2038
protect,8,1,518,2042,2042
protect,8,1,519,2048,2048
protect,8,1,520,2056,2056
protect,8,1,521,2048,2048
protect,8,1,522,2040,2040
protect,8,1,523,2048,2048
protect,8,1,524,2042,2042
protect,8,1,525,2034,2034
protect,8,1,526,2044,2044
protect,8,1,527,2072,2072
protect,8,1,528,2082,2082
protect,8,1,529,2034,2034
protect,8,1,530,2040,2040
protect,8,1,531,2068,2068
protect,8,1,532,2030,2030
protect,8,1,533,2036,2036
protect,8,1,534,2042,2042
protect,8,1,535,2050,2050
protect,8,1,536,2044,2044
protect,8,1,537,2028,2028
protect,8,1,538,2022,2022
protect,8,1,539,2042,2042
protect,8,1,540,2046,2046
protect,8,1,541,2048,2048
protect,8,1,542,2040,2040
protect,8,1,543,2056,2056
protect,8,1,544,2040,2040
protect,8,1,545,2076,2076
protect,8,1,546,2160,2160
protect,8,1,547,2056,2056
protect,8,1,548,2028,2028
protect,8,1,549,2052,2052
protect,8,1,550,2060,2060
protect,8,1,551,2028,2028
protect,8,1,552,2036,2036
protect,8,1,553,2032,2032
protect,8,1,554,2080,2080
protect,8,1,555,2026,2026
protect,8,1,556,2080,2080
protect,8,1,557,2058,2058
protect,8,1,558,2008,2008
protect,8,1,559,2072,2072
protect,8,1,560,2038,2038
protect,8,1,561,2030,2030
protect,8,1,562,2048,2048
protect,8,1,563,2052,2052
protect,8,1,564,2082,2082
protect,8,1,565,2056,2056
protect,8,1,566,2064,2064
protect,8,1,567,2022,2022
protect,8,1,568,2082,2082
protect,8,1,569,2050,2050
protect,8,1,570,2044,2044
protect,8,1,571,2034,2034
protect,8,1,572,2038,2038
protect,8,1,573,2020,2020
protect,8,1,574,2034,2034
protect,8,1,575,2026,2026
protect,8,1,576,2032,2032
protect,8,1,577,2048,2048
protect,8,1,578,2038,2038
protect,8,1,579,2036,2036
protect,8,1,580,2048,2048
protect,8,1,581,2046,2046
protect,8,1,582,2038,2038
protect,8,1,583,2052,2052
protect,8,1,584,2036,2036
protect,8,1,585,2104,2104
protect,8,1,586,2042,2042
protect,8,1,587,2090,2090
protect,8,1,588,2062,2062
protect,8,1,589,2052,2052
protect,8,1,590,2052,2052
protect,8,1,591,2092,2092
protect,8,1,592,2000,2000
protect,8,1,593,2010,2010
protect,8,1,594,2086,2086
protect,8,1,595,2048,2048
protect,8,1,596,2038,2038
protect,8,1,597,2058,2058
protect,8,1,598,2026,2026
protect,8,1,599,2020,2020
protect,8,1,600,2082,2082
protect,8,1,601,2086,2086
protect,8,1,602,2044,2044
protect,8,1,603,2042,2042
protect,8,1,604,2062,2062
protect,8,1,605,2088,2088
protect,8,1,606,2058,2058
protect,8,1,607,2040,2040
protect,8,1,608,2078,2078
protect,8,1,609,2046,2046
protect,8,1,610,2050,2050
protect,8,1,611,2058,2058
protect,8,1,612,2060,2060
protect,8,1,613,2060,2060
protect,8,1,614,2068,2068
protect,8,1,615,2048,2048
protect,8,1,616,2058,2058
protect,8,1,617,2044,2044
protect,8,1,618,2062,2062
protect,8,1,619,2118,2118
protect,8,1,620,2046,2046
protect,8,1,621,2050,2050
protect,8,1,622,2052,2052
protect,8,1,623,2052,2052
protect,8,1,624,2034,2034
protect,8,1,625,2060,2060
protect,8,1,626,2066,2066
protect,8,1,627,2054,2054
protect,8,1,628,2056,2056
protect,8,1,629,2048,2048
protect,8,1,630,2056,2056
protect,8,1,631,2052,2052
protect,8,1,632,2072,2072
protect,8,1,633,2074,2074
protect,8,1,634,2098,2098
protect,8,1,635,2096,2096
protect,8,1,636,2044,2044
protect,8,1,637,2126,2126
protect,8,1,638,2128,2128
protect,8,1,639,2076,2076
protect,8,1,640,2050,2050
protect,8,1,641,2062,2062
protect,8,1,642,2068,2068
protect,8,1,643,2072,2072
protect,8,1,644,2074,2074
protect,8,1,645,2062,2062
protect,8,1,646,2056,2056
protect,8,1,647,2040,2040
protect,8,1,648,2040,2040
protect,8,1,649,2038,2038
protect,8,1,650,2044,2044
protect,8,1,651,2052,2052
protect,8,1,652,2070,2070
protect,8,1,653,2070,2070
protect,8,1,654,2092,2092
protect,8,1,655,2056,2056
protect,8,1,656,2058,2058
protect,8,1,657,2062,2062
protect,8,1,658,2066,2066
protect,8,1,659,2058,2058
protect,8,1,660,2050,2050
protect,8,1,661,2074,2074
protect,8,1,662,2046,2046
protect,8,1,663,2060,2060
protect,8,1,664,2056,2056
protect,8,1,665,2076,2076
protect,8,1,666,2062,2062
protect,8,1,667,2060,2060
protect,8,1,668,2050,2050
protect,8,1,669,2064,2064
protect,8,1,670,2116,2116
protect,8,1,671,2054,2054
protect,8,1,672,2048,2048
protect,8,1,673,2044,2044
protect,8,1,674,2036,2036
protect,8,1,675,2044,2044
protect,8,1,676,2048,2048
protect,8,1,677,2062,2062
protect,8,1,678,2048,2048
protect,8,1,679,2066,2066
protect,8,1,680,2046,2046
protect,8,1,681,8228,8228
protect,8,1,682,2052,2052
protect,8,1,683,2098,2098
protect,8,1,684,2028,2028
protect,8,1,685,2040,2040
protect,8,1,686,2052,2052
protect,8,1,687,2058,2058
protect,8,1,688,2052,2052
protect,8,1,689,2028,2028
protect,8,1,690,2050,2050
protect,8,1,691,2044,2044
protect,8,1,692,2048,2048
protect,8,1,693,2066,2066
protect,8,1,694,2164,2164
protect,8,1,695,2074,2074
protect,8,1,696,2054,2054
protect,8,1,697,2040,2040
protect,8,1,698,2034,2034
protect,8,1,699,2090,2090
protect,8,1,700,2042,2042
protect,8,1,701,2054,2054
protect,8,1,702,2036,2036
protect,8,1,703,2014,2014
protect,8,1,704,2036,2036
protect,8,1,705,2050,2050
protect,8,1,706,2028,2028
protect,8,1,707,2052,2052
protect,8,1,708,2096,2096
protect,8,1,709,2070,2070
protect,8,1,710,2062,2062
protect,8,1,711,2074,2074
protect,8,1,712,2048,2048
protect,8,1,713,2050,2050
protect,8,1,714,2062,2062
protect,8,1,715,2042,2042
protect,8,1,716,2062,2062
protect,8,1,717,2036,2036
protect,8,1,718,2030,2030
protect,8,1,719,2052,2052
protect,8,1,720,2034,2034
protect,8,1,721,2040,2040
protect,8,1,722,2080,2080
protect,8,1,723,2050,2050
protect,8,1,724,2062,2062
protect,8,1,725,2054,2054
protect,8,1,726,2044,2044
protect,8,1,727,2038,2038
protect,8,1,728,2066,2066
protect,8,1,729,2030,2030
protect,8,1,730,2036,2036
protect,8,1,731,2052,2052
protect,8,1,732,2056,2056
protect,8,1,733,2034,2034
protect,8,1,734,2054,2054
protect,8,1,735,2052,2052
protect,8,1,736,2098,2098
protect,8,1,737,2066,2066
protect,8,1,738,2122,2122
protect,8,1,739,2062,2062
protect,8,1,740,2060,2060
protect,8,1,741,2074,2074
protect,8,1,742,2050,2050
protect,8,1,743,2058,2058
protect,8,1,744,2048,2048
protect,8,1,745,2062,2062
protect,8,1,746,2032,2032
protect,8,1,747,2050,2050
protect,8,1,748,2058,2058
protect,8,1,749,2028,2028
protect,8,1,750,2024,2024
protect,8,1,751,2006,2006
protect,8,1,752,2088,2088
protect,8,1,753,2028,2028
protect,8,1,754,2018,2018
protect,8,1,755,2034,2034
protect,8,1,756,2044,2044
protect,8,1,757,2050,2050
protect,8,1,758,2074,2074
protect,8,1,759,2010,2010
protect,8,1,760,2022,2022
protect,8,1,761,2030,2030
protect,8,1,762,2018,2018
protect,8,1,763,2084,2084
protect,8,1,764,2012,2012
protect,8,1,765,2026,2026
protect,8,1,766,2088,2088
protect,8,1,767,2048,2048
protect,8,1,768,2030,2030
protect,8,1,769,2044,2044
protect,8,1,770,2038,2038
protect,8,1,771,1994,1994
protect,8,1,772,2054,2054
protect,8,1,773,2032,2032
protect,8,1,774,2034,2034
protect,8,1,775,2060,2060
protect,8,1,776,2030,2030
protect,8,1,777,2048,2048
protect,8,1,778,2032,2032
protect,8,1,779,2024,2024
protect,8,1,780,2006,2006
protect,8,1,781,2000,2000
protect,8,1,782,1990,1990
protect,8,1,783,2012,2012
protect,8,1,784,2038,2038
protect,8,1,785,2014,2014
protect,8,1,786,2036,2036
protect,8,1,787,1986,1986
protect,8,1,788,2000,2000
protect,8,1,789,2024,2024
protect,8,1,790,2038,2038
protect,8,1,791,2038,2038
protect,8,1,792,2070,2070
protect,8,1,793,2018,2018
protect,8,1,794,2034,2034
protect,8,1,795,2036,2036
protect,8,1,796,2042,2042
protect,8,1,797,2046,2046
protect,8,1,798,2032,2032
protect,8,1,799,2076,2076
protect,8,1,800,2026,2026
protect,8,1,801,2046,2046
protect,8,1,802,2050,2050
protect,8,1,803,2022,2022
protect,8,1,804,1998,1998
protect,8,1,805,2074,2074
protect,8,1,806,2048,2048
protect,8,1,807,2016,2016
protect,8,1,808,2020,2020
protect,8,1,809,2008,2008
protect,8,1,810,2014,2014
protect,8,1,811,2014,2014
protect,8,1,812,2094,2094
protect,8,1,813,2008,2008
protect,8,1,814,2014,2014
protect,8,1,815,2014,2014
protect,8,1,816,2042,2042
protect,8,1,817,2116,2116
protect,8,1,818,2028,2028
protect,8,1,819,2032,2032
protect,8,1,820,2022,2022
protect,8,1,821,2038,2038
protect,8,1,822,2024,2024
protect,8,1,823,2028,2028
protect,8,1,824,2090,2090
protect,8,1,825,2056,2056
protect,8,1,826,2030,2030
protect,8,1,827,2024,2024
protect,8,1,828,2022,2022
protect,8,1,829,2068,2068
protect,8,1,830,2048,2048
protect,8,1,831,2044,2044
protect,8,1,832,2026,2026
protect,8,1,833,2026,2026
protect,8,1,834,2060,2060
protect,8,1,835,2074,2074
protect,8,1,836,2018,2018
protect,8,1,837,2012,2012
protect,8,1,838,1996,1996
protect,8,1,839,2028,2028
protect,8,1,840,2010,2010
protect,8,1,841,2022,2022
protect,8,1,842,2006,2006
protect,8,1,843,2016,2016
protect,8,1,844,2020,2020
protect,8,1,845,2028,2028
protect,8,1,846,2026,2026
protect,8,1,847,2020,2020
protect,8,1,848,2040,2040
protect,8,1,849,2028,2028
protect,8,1,850,2014,2014
protect,8,1,851,2090,2090
protect,8,1,852,2074,2074
protect,8,1,853,2044,2044
protect,8,1,854,2034,2034
protect,8,1,855,2036,2036
protect,8,1,856,2006,2006
protect,8,1,857,2034,2034
protect,8,1,858,2032,2032
protect,8,1,859,2046,2046
protect,8,1,860,2020,2020
protect,8,1,861,2012,2012
protect,8,1,862,2030,2030
protect,8,1,863,2036,2036
protect,8,1,864,2064,2064
protect,8,1,865,2044,2044
protect,8,1,866,2020,2020
protect,8,1,867,2028,2028
protect,8,1,868,2006,2006
protect,8,1,869,2018,2018
protect,8,1,870,2016,2016
protect,8,1,871,2064,2064
protect,8,1,872,2052,2052
protect,8,1,873,2030,2030
protect,8,1,874,2032,2032
protect,8,1,875,2076,2076
protect,8,1,876,2038,2038
protect,8,1,877,2036,2036
protect,8,1,878,2022,2022
protect,8,1,879,2056,2056
protect,8,1,880,2040,2040
protect,8,1,881,2050,2050
protect,8,1,882,2026,2026
protect,8,1,883,2020,2020
protect,8,1,884,2022,2022
protect,8,1,885,2020,2020
protect,8,1,886,2022,2022
protect,8,1,887,2048,2048
protect,8,1,888,2030,2030
protect,8,1,889,2056,2056
protect,8,1,890,2036,2036
protect,8,1,891,2048,2048
protect,8,1,892,2024,2024
protect,8,1,893,2018,2018
protect,8,1,894,2014,2014
protect,8,1,895,2076,2076
protect,8,1,896,2042,2042
protect,8,1,897,2020,2020
protect,8,1,898,2002,2002
protect,8,1,899,2010,2010
protect,8,1,900,2060,2060
protect,8,1,901,2052,2052
protect,8,1,902,2022,2022
protect,8,1,903,2036,2036
protect,8,1,904,2094,2094
protect,8,1,905,2028,2028
protect,8,1,906,2062,2062
protect,8,1,907,2024,2024
protect,8,1,908,2030,2030
protect,8,1,909,2034,2034
protect,8,1,910,2078,2078
protect,8,1,911,2018,2018
protect,8,1,912,2020,2020
protect,8,1,913,2014,2014
protect,8,1,914,2032,2032
protect,8,1,915,2014,2014
protect,8,1,916,2026,2026
protect,8,1,917,2036,2036
protect,8,1,918,2022,2022
protect,8,1,919,2096,2096
protect,8,1,920,2050,2050
protect,8,1,921,2072,2072
protect,8,1,922,2028,2028
protect,8,1,923,2028,2028
protect,8,1,924,2036,2036
protect,8,1,925,2020,2020
protect,8,1,926,2026,2026
protect,8,1,927,2036,2036
protect,8,1,928,2040,2040
protect,8,1,929,2036,2036
protect,8,1,930,2034,2034
protect,8,1,931,2072,2072
protect,8,1,932,2042,2042
protect,8,1,933,2040,2040
protect,8,1,934,2016,2016
protect,8,1,935,2016,2016
protect,8,1,936,2016,2016
protect,8,1,937,2076,2076
protect,8,1,938,2046,2046
protect,8,1,939,2008,2008
protect,8,1,940,2042,2042
protect,8,1,941,2032,2032
protect,8,1,942,2014,2014
protect,8,1,943,2022,2022
protect,8,1,944,2014,2014
protect,8,1,945,2048,2048
protect,8,1,946,2022,2022
protect,8,1,947,2032,2032
protect,8,1,948,2006,2006
protect,8,1,949,2028,2028
protect,8,1,950,2032,2032
protect,8,1,951,2022,2022
protect,8,1,952,2044,2044
protect,8,1,953,2034,2034
protect,8,1,954,2072,2072
protect,8,1,955,2098,2098
protect,8,1,956,2036,2036
protect,8,1,957,2044,2044
protect,8,1,958,2010,2010
protect,8,1,959,2034,2034
protect,8,1,960,2040,2040
protect,8,1,961,2110,2110
protect,8,1,962,2050,2050
protect,8,1,963,2020,2020
protect,8,1,964,2062,2062
protect,8,1,965,2026,2026
protect,8,1,966,2044,2044
protect,8,1,967,2024,2024
protect,8,1,968,2078,2078
protect,8,1,969,2032,2032
protect,8,1,970,2028,2028
protect,8,1,971,2030,2030
protect,8,1,972,2018,2018
protect,8,1,973,2026,2026
protect,8,1,974,2022,2022
protect,8,1,975,2016,2016
protect,8,1,976,2040,2040
protect,8,1,977,2036,2036
protect,8,1,978,2036,2036
protect,8,1,979,2004,2004
protect,8,1,980,2038,2038
protect,8,1,981,2088,2088
protect,8,1,982,2018,2018
protect,8,1,983,2048,2048
protect,8,1,984,2024,2024
protect,8,1,985,2028,2028
protect,8,1,986,2006,2006
protect,8,1,987,2020,2020
protect,8,1,988,2056,2056
protect,8,1,989,2040,2040
protect,8,1,990,2094,2094
protect,8,1,991,2024,2024
protect,8,1,992,2040,2040
protect,8,1,993,2032,2032
protect,8,1,994,2020,2020
protect,8,1,995,2038,2038
protect,8,1,996,2014,2014
protect,8,1,997,2080,2080
protect,8,1,998,2026,2026
protect,8,1,999,2054,2054
protect,8,1,1000,2008,2008
protect,8,1,1001,2024,2024
protect,8,1,1002,1992,1992
protect,8,1,1003,2026,2026
protect,8,1,1004,2074,2074
protect,8,1,1005,2004,2004
protect,8,1,1006,2038,2038
protect,8,1,1007,2042,2042
protect,8,1,1008,2044,2044
protect,8,1,1009,2006,2006
protect,8,1,1010,2100,2100
protect,8,1,1011,2022,2022
protect,8,1,1012,2020,2020
protect,8,1,1013,2018,2018
protect,8,1,1014,2034,2034
protect,8,1,1015,2024,2024
protect,8,1,1016,2100,2100
protect,8,1,1017,2016,2016
protect,8,1,1018,2032,2032
protect,8,1,1019,2006,2006
protect,8,1,1020,2040,2040
protect,8,1,1021,2006,2006
protect,8,1,1022,2030,2030
protect,8,1,1023,2066,2066
protect,8,1,1024,2034,2034
protect,8,1,1025,2012,2012
protect,8,1,1026,2022,2022
protect,8,1,1027,2012,2012
protect,8,1,1028,2088,2088
protect,8,1,1029,2014,2014
protect,8,1,1030,2022,2022
protect,8,1,1031,2024,2024
protect,8,1,1032,2068,2068
protect,8,1,1033,2022,2022
protect,8,1,1034,2042,2042
protect,8,1,1035,2014,2014
protect,8,1,1036,2036,2036
protect,8,1,1037,2052,2052
protect,8,1,1038,2084,2084
protect,8,1,1039,2008,2008
protect,8,1,1040,2030,2030
protect,8,1,1041,2046,2046
protect,8,1,1042,2074,2074
protect,8,1,1043,2030,2030
protect,8,1,1044,2046,2046
protect,8,1,1045,2018,2018
protect,8,1,1046,2094,2094
protect,8,1,1047,2016,2016
protect,8,1,1048,2028,2028
protect,8,1,1049,2018,2018
protect,8,1,1050,2026,2026
protect,8,1,1051,2024,2024
protect,8,1,1052,1992,1992
protect,8,1,1053,1990,1990
protect,8,1,1054,2066,2066
protect,8,1,1055,2032,2032
protect,8,1,1056,2014,2014
protect,8,1,1057,2020,2020
protect,8,1,1058,2012,2012
protect,8,1,1059,2062,2062
protect,8,1,1060,2044,2044
protect,8,1,1061,2072,2072
protect,8,1,1062,2054,2054
protect,8,1,1063,2024,2024
protect,8,1,1064,2012,2012
protect,8,1,1065,2068,2068
protect,8,1,1066,2020,2020
protect,8,1,1067,2016,2016
protect,8,1,1068,2028,2028
protect,8,1,1069,2044,2044
protect,8,1,1070,2080,2080
protect,8,1,1071,2050,2050
protect,8,1,1072,2034,2034
protect,8,1,1073,2038,2038
protect,8,1,1074,2008,2008
protect,8,1,1075,2004,2004
protect,8,1,1076,2020,2020
protect,8,1,1077,2026,2026
protect,8,1,1078,2022,2022
protect,8,1,1079,2132,2132
protect,8,1,1080,2016,2016
protect,8,1,1081,2024,2024
protect,8,1,1082,2068,2068
protect,8,1,1083,2054,2054
protect,8,1,1084,2014,2014
protect,8,1,1085,2016,2016
protect,8,1,1086,2022,2022
protect,8,1,1087,2030,2030
protect,8,1,1088,2070,2070
protect,8,1,1089,2046,2046
protect,8,1,1090,2064,2064
protect,8,1,1091,2094,2094
protect,8,1,1092,2058,2058
protect,8,1,1093,2032,2032
protect,8,1,1094,2034,2034
protect,8,1,1095,2034,2034
protect,8,1,1096,2026,2026
protect,8,1,1097,2012,2012
protect,8,1,1098,2052,2052
protect,8,1,1099,2042,2042
protect,8,1,1100,2066,2066
protect,8,1,1101,2022,2022
protect,8,1,1102,2024,2024
protect,8,1,1103,2026,2026
protect,8,1,1104,2014,2014
protect,8,1,1105,2018,2018
protect,8,1,1106,2022,2022
protect,8,1,1107,2034,2034
protect,8,1,1108,2086,2086
protect,8,1,1109,2028,2028
protect,8,1,1110,2026,2026
protect,8,1,1111,2032,2032
protect,8,1,1112,2016,2016
protect,8,1,1113,2064,2064
protect,8,1,1114,2010,2010
protect,8,1,1115,2026,2026
protect,8,1,1116,2090,2090
protect,8,1,1117,2028,2028
protect,8,1,1118,2028,2028
protect,8,1,1119,2084,2084
protect,8,1,1120,2056,2056
protect,8,1,1121,2048,2048
protect,8,1,1122,2026,2026
protect,8,1,1123,2000,2000
protect,8,1,1124,2018,2018
protect,8,1,1125,2020,2020
protect,8,1,1126,2080,2080
protect,8,1,1127,2024,2024
protect,8,1,1128,2030,2030
protect,8,1,1129,2040,2040
protect,8,1,1130,2088,2088
protect,8,1,1131,1994,1994
protect,8,1,1132,2016,2016
protect,8,1,1133,1996,1996
protect,8,1,1134,2082,2082
protect,8,1,1135,2022,2022
protect,8,1,1136,2028,2028
protect,8,1,1137,2038,2038
protect,8,1,1138,2082,2082
protect,8,1,1139,2024,2024
protect,8,1,1140,2032,2032
protect,8,1,1141,2014,2014
protect,8,1,1142,2050,2050
protect,8,1,1143,2036,2036
protect,8,1,1144,2110,2110
protect,8,1,1145,2028,2028
protect,8,1,1146,2020,2020
protect,8,1,1147,2030,2030
protect,8,1,1148,2042,2042
protect,8,1,1149,2032,2032
protect,8,1,1150,2014,2014
protect,8,1,1151,2054,2054
protect,8,1,1152,2028,2028
protect,8,1,1153,2014,2014
protect,8,1,1154,1996,1996
protect,8,1,1155,2018,2018
protect,8,1,1156,1992,1992
protect,8,1,1157,2060,2060
protect,8,1,1158,2040,2040
protect,8,1,1159,2018,2018
protect,8,1,1160,2024,2024
protect,8,1,1161,2046,2046
protect,8,1,1162,2010,2010
protect,8,1,1163,2052,2052
protect,8,1,1164,2018,2018
protect,8,1,1165,2018,2018
protect,8,1,1166,2034,2034
protect,8,1,1167,2032,2032
protect,8,1,1168,2026,2026
protect,8,1,1169,2092,2092
protect,8,1,1170,2038,2038
protect,8,1,1171,2054,2054
protect,8,1,1172,2066,2066
protect,8,1,1173,2016,2016
protect,8,1,1174,2012,2012
protect,8,1,1175,2042,2042
protect,8,1,1176,2002,2002
protect,8,1,1177,2030,2030
protect,8,1,1178,2070,2070
protect,8,1,1179,2038,2038
protect,8,1,1180,2050,2050
protect,8,1,1181,2056,2056
protect,8,1,1182,2010,2010
protect,8,1,1183,2040,2040
protect,8,1,1184,2008,2008
protect,8,1,1185,2018,2018
protect,8,1,1186,2016,2016
protect,8,1,1187,2088,2088
protect,8,1,1188,2038,2038
protect,8,1,1189,2004,2004
protect,8,1,1190,2026,2026
protect,8,1,1191,2070,2070
protect,8,1,1192,2036,2036
protect,8,1,1193,2036,2036
protect,8,1,1194,2048,2048
protect,8,1,1195,2038,2038
protect,8,1,1196,2050,2050
protect,8,1,1197,2058,2058
protect,8,1,1198,2080,2080
protect,8,1,1199,2018,2018
protect,8,1,1200,2090,2090
protect,8,1,1201,2008,2008
protect,8,1,1202,2078,2078
protect,8,1,1203,2024,2024
protect,8,1,1204,2030,2030
protect,8,1,1205,2036,2036
protect,8,1,1206,2022,2022
protect,8,1,1207,2076,2076
protect,8,1,1208,2014,2014
protect,8,1,1209,2008,2008
protect,8,1,1210,2052,2052
protect,8,1,1211,2038,2038
protect,8,1,1212,2066,2066
protect,8,1,1213,2050,2050
protect,8,1,1214,2046,2046
protect,8,1,1215,2048,2048
protect,8,1,1216,2072,2072
protect,8,1,1217,2058,2058
protect,8,1,1218,2044,2044
protect,8,1,1219,2038,2038
protect,8,1,1220,2026,2026
protect,8,1,1221,2074,2074
protect,8,1,1222,2048,2048
protect,8,1,1223,2028,2028
protect,8,1,1224,2062,2062
protect,8,1,1225,2052,2052
protect,8,1,1226,2038,2038
protect,8,1,1227,2026,2026
protect,8,1,1228,2022,2022
protect,8,1,1229,2038,2038
protect,8,1,1230,2030,2030
protect,8,1,1231,2168,2168
protect,8,1,1232,2042,2042
protect,8,1,1233,2046,2046
protect,8,1,1234,2066,2066
protect,8,1,1235,2036,2036
protect,8,1,1236,2038,2038
protect,8,1,1237,2042,2042
protect,8,1,1238,2090,2090
protect,8,1,1239,2042,2042
protect,8,1,1240,2068,2068
protect,8,1,1241,2052,2052
protect,8,1,1242,2048,2048
protect,8,1,1243,2062,2062
protect,8,1,1244,2032,2032
protect,8,1,1245,2030,2030
protect,8,1,1246,2046,2046
protect,8,1,1247,2032,2032
protect,8,1,1248,2088,2088
protect,8,1,1249,2082,2082
protect,8,1,1250,2048,2048
protect,8,1,1251,2048,2048
protect,8,1,1252,2052,2052
protect,8,1,1253,2038,2038
protect,8,1,1254,2038,2038
protect,8,1,1255,2036,2036
protect,8,1,1256,1994,1994
protect,8,1,1257,2032,2032
protect,8,1,1258,2072,2072
protect,8,1,1259,2058,2058
protect,8,1,1260,2032,2032
protect,8,1,1261,2022,2022
protect,8,1,1262,2040,2040
protect,8,1,1263,2028,2028
protect,8,1,1264,2040,2040
protect,8,1,1265,2048,2048
protect,8,1,1266,2026,2026
protect,8,1,1267,2102,2102
protect,8,1,1268,2040,2040
protect,8,1,1269,2052,2052
protect,8,1,1270,2040,2040
protect,8,1,1271,2046,2046
protect,8,1,1272,2040,2040
protect,8,1,1273,2046,2046
protect,8,1,1274,2054,2054
protect,8,1,1275,2044,2044
protect,8,1,1276,2032,2032
protect,8,1,1277,2044,2044
protect,8,1,1278,2036,2036
protect,8,1,1279,2092,2092
protect,8,1,1280,2072,2072
protect,8,1,1281,2040,2040
protect,8,1,1282,2048,2048
protect,8,1,1283,2036,2036
protect,8,1,1284,2042,2042
protect,8,1,1285,2030,2030
protect,8,1,1286,2022,2022
protect,8,1,1287,2038,2038
protect,8,1,1288,2028,2028
protect,8,1,1289,2028,2028
protect,8,1,1290,2034,2034
protect,8,1,1291,2054,2054
protect,8,1,1292,2010,2010
protect,8,1,1293,2086,2086
protect,8,1,1294,2042,2042
protect,8,1,1295,2036,2036
protect,8,1,1296,2044,2044
protect,8,1,1297,2108,2108
protect,8,1,1298,2034,2034
protect,8,1,1299,2042,2042
protect,8,1,1300,2040,2040
protect,8,1,1301,2038,2038
protect,8,1,1302,2078,2078
protect,8,1,1303,2054,2054
protect,8,1,1304,2062,2062
protect,8,1,1305,2052,2052
protect,8,1,1306,2036,2036
protect,8,1,1307,2042,2042
protect,8,1,1308,2020,2020
protect,8,1,1309,2096,2096
protect,8,1,1310,2040,2040
protect,8,1,1311,2042,2042
protect,8,1,1312,2020,2020
protect,8,1,1313,2032,2032
protect,8,1,1314,2030,2030
protect,8,1,1315,2046,2046
protect,8,1,1316,2044,2044
protect,8,1,1317,2114,2114
protect,8,1,1318,2032,2032
protect,8,1,1319,2046,2046
protect,8,1,1320,2022,2022
protect,8,1,1321,2088,2088
protect,8,1,1322,2040,2040
protect,8,1,1323,2096,2096
protect,8,1,1324,2054,2054
protect,8,1,1325,2058,2058
protect,8,1,1326,2042,2042
protect,8,1,1327,2056,2056
protect,8,1,1328,2056,2056
protect,8,1,1329,2050,2050
protect,8,1,1330,2106,2106
protect,8,1,1331,2054,2054
protect,8,1,1332,2064,2064
protect,8,1,1333,2046,2046
protect,8,1,1334,2030,2030
protect,8,1,1335,2024,2024
protect,8,1,1336,2042,2042
protect,8,1,1337,2038,2038
protect,8,1,1338,2088,2088
protect,8,1,1339,2026,2026
protect,8,1,1340,2026,2026
protect,8,1,1341,2042,2042
protect,8,1,1342,2028,2028
protect,8,1,1343,2070,2070
protect,8,1,1344,2044,2044
protect,8,1,1345,2048,2048
protect,8,1,1346,2096,2096
protect,8,1,1347,2048,2048
protect,8,1,1348,2028,2028
protect,8,1,1349,2044,2044
protect,8,1,1350,2016,2016
protect,8,1,1351,2058,2058
protect,8,1,1352,2104,2104
protect,8,1,1353,2074,2074
protect,8,1,1354,2056,2056
protect,8,1,1355,2044,2044
protect,8,1,1356,2082,2082
protect,8,1,1357,2070,2070
protect,8,1,1358,2052,2052
protect,8,1,1359,2046,2046
protect,8,1,1360,2092,2092
protect,8,1,1361,2050,2050
protect,8,1,1362,2042,2042
protect,8,1,1363,2066,2066
protect,8,1,1364,2062,2062
protect,8,1,1365,2122,2122
protect,8,1,1366,2060,2060
protect,8,1,1367,2050,2050
protect,8,1,1368,2058,2058
protect,8,1,1369,2030,2030
protect,8,1,1370,2024,2024
protect,8,1,1371,2018,2018
protect,8,1,1372,2078,2078
protect,8,1,1373,2056,2056
protect,8,1,1374,2050,2050
protect,8,1,1375,2130,2130
protect,8,1,1376,2038,2038
protect,8,1,1377,2046,2046
protect,8,1,1378,2014,2014
protect,8,1,1379,2052,2052
protect,8,1,1380,2038,2038
protect,8,1,1381,2094,2094
protect,8,1,1382,2010,2010
protect,8,1,1383,2058,2058
protect,8,1,1384,2012,2012
protect,8,1,1385,2002,2002
protect,8,1,1386,2010,2010
protect,8,1,1387,2078,2078
protect,8,1,1388,2012,2012
protect,8,1,1389,2008,2008
protect,8,1,1390,2020,2020
protect,8,1,1391,2010,2010
protect,8,1,1392,2072,2072
protect,8,1,1393,2052,2052
protect,8,1,1394,2032,2032
protect,8,1,1395,2028,2028
protect,8,1,1396,2026,2026
protect,8,1,1397,2014,2014
protect,8,1,1398,2026,2026
protect,8,1,1399,2028,2028
protect,8,1,1400,2006,2006
protect,8,1,1401,2026,2026
protect,8,1,1402,2000,2000
protect,8,1,1403,2080,2080
protect,8,1,1404,2082,2082
protect,8,1,1405,2026,2026
protect,8,1,1406,2038,2038
protect,8,1,1407,2036,2036
protect,8,1,1408,2046,2046
protect,8,1,1409,2058,2058
protect,8,1,1410,2060,2060
protect,8,1,1411,2026,2026
protect,8,1,1412,2030,2030
protect,8,1,1413,2024,2024
protect,8,1,1414,2040,2040
protect,8,1,1415,2038,2038
protect,8,1,1416,2044,2044
protect,8,1,1417,2038,2038
protect,8,1,1418,2024,2024
protect,8,1,1419,2020,2020
protect,8,1,1420,2020,2020
protect,8,1,1421,2014,2014
protect,8,1,1422,2044,2044
protect,8,1,1423,2016,2016
protect,8,1,1424,2032,2032
protect,8,1,1425,2012,2012
protect,8,1,1426,2034,2034
protect,8,1,1427,2028,2028
protect,8,1,1428,1998,1998
protect,8,1,1429,1988,1988
protect,8,1,1430,2022,2022
protect,8,1,1431,2082,2082
protect,8,1,1432,2060,2060
protect,8,1,1433,2020,2020
protect,8,1,1434,2034,2034
protect,8,1,1435,2014,2014
protect,8,1,1436,2084,2084
protect,8,1,1437,2008,2008
protect,8,1,1438,2064,2064
protect,8,1,1439,2068,2068
protect,8,1,1440,2024,2024
protect,8,1,1441,2038,2038
protect,8,1,1442,2058,2058
protect,8,1,1443,2000,2000
protect,8,1,1444,2012,2012
protect,8,1,1445,2044,2044
protect,8,1,1446,2040,2040
protect,8,1,1447,1998,1998
protect,8,1,1448,2032,2032
protect,8,1,1449,2014,2014
protect,8,1,1450,2004,2004
protect,8,1,1451,2038,2038
protect,8,1,1452,2022,2022
protect,8,1,1453,2052,2052
protect,8,1,1454,2024,2024
protect,8,1,1455,2034,2034
protect,8,1,1456,2036,2036
protect,8,1,1457,2012,2012
protect,8,1,1458,2030,2030
protect,8,1,1459,2036,2036
protect,8,1,1460,2018,2018
protect,8,1,1461,2014,2014
protect,8,1,1462,2036,2036
protect,8,1,1463,2068,2068
protect,8,1,1464,2032,2032
protect,8,1,1465,2058,2058
protect,8,1,1466,2026,2026
protect,8,1,1467,2038,2038
protect,8,1,1468,2078,2078
protect,8,1,1469,2014,2014
protect,8,1,1470,2020,2020
protect,8,1,1471,2018,2018
protect,8,1,1472,2050,2050
protect,8,1,1473,2040,2040
protect,8,1,1474,2004,2004
protect,8,1,1475,2044,2044
protect,8,1,1476,2090,2090
protect,8,1,1477,2024,2024
protect,8,1,1478,2030,2030
protect,8,1,1479,2022,2022
protect,8,1,1480,2014,2014
protect,8,1,1481,2020,2020
protect,8,1,1482,2026,2026
protect,8,1,1483,2074,2074
protect,8,1,1484,2048,2048
protect,8,1,1485,2010,2010
protect,8,1,1486,1998,1998
protect,8,1,1487,2028,2028
protect,8,1,1488,2088,2088
protect,8,1,1489,2018,2018
protect,8,1,1490,2026,2026
protect,8,1,1491,2030,2030
protect,8,1,1492,2024,2024
protect,8,1,1493,2034,2034
protect,8,1,1494,2028,2028
protect,8,1,1495,2040,2040
protect,8,1,1496,2056,2056
protect,8,1,1497,2030,2030
protect,8,1,1498,2088,2088
protect,8,1,1499,2024,2024
protect,8,1,1500,2038,2038
protect,8,1,1501,2086,2086
protect,8,1,1502,2042,2042
protect,8,1,1503,2032,2032
protect,8,1,1504,2044,2044
protect,8,1,1505,2062,2062
protect,8,1,1506,2034,2034
protect,8,1,1507,2020,2020
protect,8,1,1508,2028,2028
protect,8,1,1509,2012,2012
protect,8,1,1510,2022,2022
protect,8,1,1511,2020,2020
protect,8,1,1512,2026,2026
protect,8,1,1513,2086,2086
protect,8,1,1514,2026,2026
protect,8,1,1515,2054,2054
protect,8,1,1516,2074,2074
protect,8,1,1517,2036,2036
protect,8,1,1518,2074,2074
protect,8,1,1519,2090,2090
protect,8,1,1520,2034,2034
protect,8,1,1521,2030,2030
protect,8,1,1522,2030,2030
protect,8,1,1523,2026,2026
protect,8,1,1524,2034,2034
protect,8,1,1525,2042,2042
protect,8,1,1526,2046,2046
protect,8,1,1527,2040,2040
protect,8,1,1528,2066,2066
protect,8,1,1529,7954,7954
protect,8,1,1530,2038,2038
protect,8,1,1531,2058,2058
protect,8,1,1532,2098,2098
protect,8,1,1533,2030,2030
protect,8,1,1534,2064,2064
protect,8,1,1535,2048,2048
protect,8,1,1536,2060,2060
protect,8,1,1537,2042,2042
protect,8,1,1538,2102,2102
protect,8,1,1539,2042,2042
protect,8,1,1540,2040,2040
protect,8,1,1541,2066,2066
protect,8,1,1542,2036,2036
protect,8,1,1543,2056,2056
protect,8,1,1544,2016,2016
protect,8,1,1545,2070,2070
protect,8,1,1546,2098,2098
protect,8,1,1547,2058,2058
protect,8,1,1548,2038,2038
protect,8,1,1549,2020,2020
protect,8,1,1550,2034,2034
protect,8,1,1551,2048,2048
protect,8,1,1552,2024,2024
protect,8,1,1553,2056,2056
protect,8,1,1554,2046,2046
protect,8,1,1555,2054,2054
protect,8,1,1556,2088,2088
protect,8,1,1557,2058,2058
protect,8,1,1558,2038,2038
protect,8,1,1559,2046,2046
protect,8,1,1560,2038,2038
protect,8,1,1561,2058,2058
protect,8,1,1562,2058,2058
protect,8,1,1563,2056,2056
protect,8,1,1564,2038,2038
protect,8,1,1565,2040,2040
protect,8,1,1566,2038,2038
protect,8,1,1567,2036,2036
protect,8,1,1568,2040,2040
protect,8,1,1569,2038,2038
protect,8,1,1570,2036,2036
protect,8,1,1571,2028,2028
protect,8,1,1572,2102,2102
protect,8,1,1573,2034,2034
protect,8,1,1574,2030,2030
protect,8,1,1575,2046,2046
protect,8,1,1576,2038,2038
protect,8,1,1577,2028,2028
protect,8,1,1578,2036,2036
protect,8,1,1579,2024,2024
protect,8,1,1580,2032,2032
protect,8,1,1581,2026,2026
protect,8,1,1582,2100,2100
protect,8,1,1583,2044,2044
protect,8,1,1584,2060,2060
protect,8,1,1585,2058,2058
protect,8,1,1586,2086,2086
protect,8,1,1587,2028,2028
protect,8,1,1588,2044,2044
protect,8,1,1589,2038,2038
protect,8,1,1590,2044,2044
protect,8,1,1591,2032,2032
protect,8,1,1592,2040,2040
protect,8,1,1593,2088,2088
protect,8,1,1594,2064,2064
protect,8,1,1595,2076,2076
protect,8,1,1596,2054,2054
protect,8,1,1597,2032,2032
protect,8,1,1598,2024,2024
protect,8,1,1599,2030,2030
protect,8,1,1600,2084,2084
protect,8,1,1601,2038,2038
protect,8,1,1602,2048,2048
protect,8,1,1603,2032,2032
protect,8,1,1604,2058,2058
protect,8,1,1605,2042,2042
protect,8,1,1606,2014,2014
protect,8,1,1607,2030,2030
protect,8,1,1608,2044,2044
protect,8,1,1609,2042,2042
protect,8,1,1610,2056,2056
protect,8,1,1611,2034,2034
protect,8,1,1612,2046,2046
protect,8,1,1613,2020,2020
protect,8,1,1614,2052,2052
protect,8,1,1615,2056,2056
protect,8,1,1616,2158,2158
protect,8,1,1617,2052,2052
protect,8,1,1618,2048,2048
protect,8,1,1619,2032,2032
protect,8,1,1620,2076,2076
protect,8,1,1621,2040,2040
protect,8,1,1622,2020,2020
protect,8,1,1623,2044,2044
protect,8,1,1624,2046,2046
protect,8,1,1625,2030,2030
protect,8,1,1626,2026,2026
protect,8,1,1627,2050,2050
protect,8,1,1628,2034,2034
protect,8,1,1629,2038,2038
protect,8,1,1630,2038,2038
protect,8,1,1631,2028,2028
protect,8,1,1632,2044,2044
protect,8,1,1633,2088,2088
protect,8,1,1634,2048,2048
protect,8,1,1635,2084,2084
protect,8,1,1636,2070,2070
protect,8,1,1637,2090,2090
protect,8,1,1638,2054,2054
protect,8,1,1639,2038,2038
protect,8,1,1640,2028,2028
protect,8,1,1641,2034,2034
protect,8,1,1642,2066,2066
protect,8,1,1643,2066,2066
protect,8,1,1644,2054,2054
protect,8,1,1645,2048,2048
protect,8,1,1646,2040,2040
protect,8,1,1647,2116,2116
protect,8,1,1648,2058,2058
protect,8,1,1649,2036,2036
protect,8,1,1650,2056,2056
protect,8,1,1651,2046,2046
protect,8,1,1652,2040,2040
protect,8,1,1653,2054,2054
protect,8,1,1654,2036,2036
protect,8,1,1655,2032,2032
protect,8,1,1656,2030,2030
protect,8,1,1657,2042,2042
protect,8,1,1658,2036,2036
protect,8,1,1659,2030,2030
protect,8,1,1660,2060,2060
protect,8,1,1661,2020,2020
protect,8,1,1662,2022,2022
protect,8,1,1663,2038,2038
protect,8,1,1664,2104,2104
protect,8,1,1665,2016,2016
protect,8,1,1666,2038,2038
protect,8,1,1667,2032,2032
protect,8,1,1668,2072,2072
protect,8,1,1669,2050,2050
protect,8,1,1670,2030,2030
protect,8,1,1671,2024,2024
protect,8,1,1672,2028,2028
protect,8,1,1673,2026,2026
protect,8,1,1674,2024,2024
protect,8,1,1675,2034,2034
protect,8,1,1676,2008,2008
protect,8,1,1677,2090,2090
protect,8,1,1678,2024,2024
protect,8,1,1679,2058,2058
protect,8,1,1680,2028,2028
protect,8,1,1681,2022,2022
protect,8,1,1682,2048,2048
protect,8,1,1683,2042,2042
protect,8,1,1684,2024,2024
protect,8,1,1685,2036,2036
protect,8,1,1686,2032,2032
protect,8,1,1687,2036,2036
protect,8,1,1688,2046,2046
protect,8,1,1689,2038,2038
protect,8,1,1690,2018,2018
protect,8,1,1691,2038,2038
protect,8,1,1692,2050,2050
protect,8,1,1693,2044,2044
protect,8,1,1694,2092,2092
protect,8,1,1695,2020,2020
protect,8,1,1696,2024,2024
protect,8,1,1697,2046,2046
protect,8,1,1698,2036,2036
protect,8,1,1699,2112,2112
protect,8,1,1700,2044,2044
protect,8,1,1701,2014,2014
protect,8,1,1702,2034,2034
protect,8,1,1703,2048,2048
protect,8,1,1704,2026,2026
protect,8,1,1705,2092,2092
protect,8,1,1706,2028,2028
protect,8,1,1707,2034,2034
protect,8,1,1708,2034,2034
protect,8,1,1709,2036,2036
protect,8,1,1710,2100,2100
protect,8,1,1711,2034,2034
protect,8,1,1712,2072,2072
protect,8,1,1713,2036,2036
protect,8,1,1714,2042,2042
protect,8,1,1715,2014,2014
protect,8,1,1716,2034,2034
protect,8,1,1717,2034,2034
protect,8,1,1718,2026,2026
protect,8,1,1719,2028,2028
protect,8,1,1720,2038,2038
protect,8,1,1721,2056,2056
protect,8,1,1722,2018,2018
protect,8,1,1723,2058,2058
protect,8,1,1724,2044,2044
protect,8,1,1725,2068,2068
protect,8,1,1726,2034,2034
protect,8,1,1727,2090,2090
protect,8,1,1728,2024,2024
protect,8,1,1729,2020,2020
protect,8,1,1730,2040,2040
protect,8,1,1731,2040,2040
protect,8,1,1732,2068,2068
protect,8,1,1733,2042,2042
protect,8,1,1734,2036,2036
protect,8,1,1735,2022,2022
protect,8,1,1736,2008,2008
protect,8,1,1737,2038,2038
protect,8,1,1738,2026,2026
protect,8,1,1739,2032,2032
protect,8,1,1740,2098,2098
protect,8,1,1741,2018,2018
protect,8,1,1742,2038,2038
protect,8,1,1743,2036,2036
protect,8,1,1744,2036,2036
protect,8,1,1745,2074,2074
protect,8,1,1746,2044,2044
protect,8,1,1747,2022,2022
protect,8,1,1748,2038,2038
protect,8,1,1749,2062,2062
protect,8,1,1750,2054,2054
protect,8,1,1751,2054,2054
protect,8,1,1752,2088,2088
protect,8,1,1753,2020,2020
protect,8,1,1754,2052,2052
protect,8,1,1755,2032,2032
protect,8,1,1756,2046,2046
protect,8,1,1757,2044,2044
protect,8,1,1758,2024,2024
protect,8,1,1759,2046,2046
protect,8,1,1760,2040,2040
protect,8,1,1761,2028,2028
protect,8,1,1762,2040,2040
protect,8,1,1763,2026,2026
protect,8,1,1764,2024,2024
protect,8,1,1765,2036,2036
protect,8,1,1766,2024,2024
protect,8,1,1767,2026,2026
protect,8,1,1768,2056,2056
protect,8,1,1769,2034,2034
protect,8,1,1770,2014,2014
protect,8,1,1771,2030,2030
protect,8,1,1772,2022,2022
protect,8,1,1773,2038,2038
protect,8,1,1774,2116,2116
protect,8,1,1775,2032,2032
protect,8,1,1776,2058,2058
protect,8,1,1777,2060,2060
protect,8,1,1778,2048,2048
protect,8,1,1779,2050,2050
protect,8,1,1780,2036,2036
protect,8,1,1781,2028,2028
protect,8,1,1782,2042,2042
protect,8,1,1783,2028,2028
protect,8,1,1784,2040,2040
protect,8,1,1785,2046,2046
protect,8,1,1786,2024,2024
protect,8,1,1787,2132,2132
protect,8,1,1788,2034,2034
protect,8,1,1789,2038,2038
protect,8,1,1790,2032,2032
protect,8,1,1791,2104,2104
protect,8,1,1792,2036,2036
protect,8,1,1793,2040,2040
protect,8,1,1794,2044,2044
protect,8,1,1795,2034,2034
protect,8,1,1796,2040,2040
protect,8,1,1797,2044,2044
protect,8,1,1798,2028,2028
protect,8,1,1799,2042,2042
protect,8,1,1800,2010,2010
protect,8,1,1801,2026,2026
protect,8,1,1802,2034,2034
protect,8,1,1803,2090,2090
protect,8,1,1804,2044,2044
protect,8,1,1805,2056,2056
protect,8,1,1806,2100,2100
protect,8,1,1807,2038,2038
protect,8,1,1808,2054,2054
protect,8,1,1809,2036,2036
protect,8,1,1810,2046,2046
protect,8,1,1811,2050,2050
protect,8,1,1812,2058,2058
protect,8,1,1813,2040,2040
protect,8,1,1814,2032,2032
protect,8,1,1815,2030,2030
protect,8,1,1816,2024,2024
protect,8,1,1817,2040,2040
protect,8,1,1818,2020,2020
protect,8,1,1819,2016,2016
protect,8,1,1820,2052,2052
protect,8,1,1821,2032,2032
protect,8,1,1822,2018,2018
protect,8,1,1823,2076,2076
protect,8,1,1824,2032,2032
protect,8,1,1825,2016,2016
protect,8,1,1826,2078,2078
protect,8,1,1827,2038,2038
protect,8,1,1828,2028,2028
protect,8,1,1829,2070,2070
protect,8,1,1830,2028,2028
protect,8,1,1831,2034,2034
protect,8,1,1832,2022,2022
protect,8,1,1833,2026,2026
protect,8,1,1834,2018,2018
protect,8,1,1835,2012,2012
protect,8,1,1836,2004,2004
protect,8,1,1837,2078,2078
protect,8,1,1838,2030,2030
protect,8,1,1839,2034,2034
protect,8,1,1840,2002,2002
protect,8,1,1841,2020,2020
protect,8,1,1842,2068,2068
protect,8,1,1843,2018,2018
protect,8,1,1844,2068,2068
protect,8,1,1845,2032,2032
protect,8,1,1846,2030,2030
protect,8,1,1847,2028,2028
protect,8,1,1848,2034,2034
protect,8,1,1849,2066,2066
protect,8,1,1850,2026,2026
protect,8,1,1851,2032,2032
protect,8,1,1852,2014,2014
protect,8,1,1853,2036,2036
protect,8,1,1854,2016,2016
protect,8,1,1855,2046,2046
protect,8,1,1856,2078,2078
protect,8,1,1857,2032,2032
protect,8,1,1858,2030,2030
protect,8,1,1859,2026,2026
protect,8,1,1860,2036,2036
protect,8,1,1861,2076,2076
protect,8,1,1862,2012,2012
protect,8,1,1863,2036,2036
protect,8,1,1864,2024,2024
protect,8,1,1865,2010,2010
protect,8,1,1866,2022,2022
protect,8,1,1867,2030,2030
protect,8,1,1868,2054,2054
protect,8,1,1869,2042,2042
protect,8,1,1870,2028,2028
protect,8,1,1871,2026,2026
protect,8,1,1872,2016,2016
protect,8,1,1873,2056,2056
protect,8,1,1874,1992,1992
protect,8,1,1875,2026,2026
protect,8,1,1876,2022,2022
protect,8,1,1877,2024,2024
protect,8,1,1878,2038,2038
protect,8,1,1879,2032,2032
protect,8,1,1880,2030,2030
protect,8,1,1881,2048,2048
protect,8,1,1882,2010,2010
protect,8,1,1883,2022,2022
protect,8,1,1884,2032,2032
protect,8,1,1885,2026,2026
protect,8,1,1886,2028,2028
protect,8,1,1887,2014,2014
protect,8,1,1888,2012,2012
protect,8,1,1889,2014,2014
protect,8,1,1890,2084,2084
protect,8,1,1891,2004,2004
protect,8,1,1892,2068,2068
protect,8,1,1893,2020,2020
protect,8,1,1894,2006,2006
protect,8,1,1895,2044,2044
protect,8,1,1896,2008,2008
protect,8,1,1897,2008,2008
protect,8,1,1898,2032,2032
protect,8,1,1899,2054,2054
protect,8,1,1900,2034,2034
protect,8,1,1901,2022,2022
protect,8,1,1902,2104,2104
protect,8,1,1903,2022,2022
protect,8,1,1904,2056,2056
protect,8,1,1905,2038,2038
protect,8,1,1906,2042,2042
protect,8,1,1907,2054,2054
protect,8,1,1908,2014,2014
protect,8,1,1909,2038,2038
protect,8,1,1910,2026,2026
protect,8,1,1911,2074,2074
protect,8,1,1912,2012,2012
protect,8,1,1913,2030,2030
protect,8,1,1914,2010,2010
protect,8,1,1915,2042,2042
protect,8,1,1916,2036,2036
protect,8,1,1917,2028,2028
protect,8,1,1918,2004,2004
protect,8,1,1919,2008,2008
protect,8,1,1920,2076,2076
protect,8,1,1921,2090,2090
protect,8,1,1922,2030,2030
protect,8,1,1923,2030,2030
protect,8,1,1924,2012,2012
protect,8,1,1925,2020,2020
protect,8,1,1926,2008,2008
protect,8,1,1927,2060,2060
protect,8,1,1928,2080,2080
protect,8,1,1929,2030,2030
protect,8,1,1930,2032,2032
protect,8,1,1931,2050,2050
protect,8,1,1932,2040,2040
protect,8,1,1933,2076,2076
protect,8,1,1934,2010,2010
protect,8,1,1935,2022,2022
protect,8,1,1936,2072,2072
protect,8,1,1937,2044,2044
protect,8,1,1938,2026,2026
protect,8,1,1939,2050,2050
protect,8,1,1940,2052,2052
protect,8,1,1941,2038,2038
protect,8,1,1942,2094,2094
protect,8,1,1943,2024,2024
protect,8,1,1944,2032,2032
protect,8,1,1945,2046,2046
protect,8,1,1946,2050,2050
protect,8,1,1947,2008,2008
protect,8,1,1948,2014,2014
protect,8,1,1949,2092,2092
protect,8,1,1950,2034,2034
protect,8,1,1951,2044,2044
protect,8,1,1952,2054,2054
protect,8,1,1953,2028,2028
protect,8,1,1954,2026,2026
protect,8,1,1955,2038,2038
protect,8,1,1956,2008,2008
protect,8,1,1957,2040,2040
protect,8,1,1958,2040,2040
protect,8,1,1959,2046,2046
protect,8,1,1960,2020,2020
protect,8,1,1961,2082,2082
protect,8,1,1962,2030,2030
protect,8,1,1963,2040,2040
protect,8,1,1964,2052,2052
protect,8,1,1965,2032,2032
protect,8,1,1966,2026,2026
protect,8,1,1967,2016,2016
protect,8,1,1968,2060,2060
protect,8,1,1969,2050,2050
protect,8,1,1970,2024,2024
protect,8,1,1971,2050,2050
protect,8,1,1972,2040,2040
protect,8,1,1973,2036,2036
protect,8,1,1974,2030,2030
protect,8,1,1975,2048,2048
protect,8,1,1976,2032,2032
protect,8,1,1977,2042,2042
protect,8,1,1978,2038,2038
protect,8,1,1979,2026,2026
protect,8,1,1980,2042,2042
protect,8,1,1981,2034,2034
protect,8,1,1982,2010,2010
protect,8,1,1983,2020,2020
protect,8,1,1984,2034,2034
protect,8,1,1985,2058,2058
protect,8,1,1986,2048,2048
protect,8,1,1987,2032,2032
protect,8,1,1988,2096,2096
protect,8,1,1989,2048,2048
protect,8,1,1990,2022,2022
protect,8,1,1991,2062,2062
protect,8,1,1992,2084,2084
protect,8,1,1993,2038,2038
protect,8,1,1994,2028,2028
protect,8,1,1995,2040,2040
protect,8,1,1996,2016,2016
protect,8,1,1997,2092,2092
protect,8,1,1998,2062,2062
protect,8,1,1999,2050,2050
protect,8,1,2000,2084,2084
verify,8,1,1,2114,2114
verify,8,1,2,2094,2094
verify,8,1,3,2084,2084
verify,8,1,4,2086,2086
verify,8,1,5,2134,2134
verify,8,1,6,2090,2090
verify,8,1,7,2060,2060
verify,8,1,8,2062,2062
verify,8,1,9,2080,2080
verify,8,1,10,2060,2060
verify,8,1,11,2094,2094
verify,8,1,12,2086,2086
verify,8,1,13,2074,2074
verify,8,1,14,2098,2098
verify,8,1,15,2070,2070
verify,8,1,16,2048,2048
verify,8,1,17,2050,2050
verify,8,1,18,2062,2062
verify,8,1,19,2046,2046
verify,8,1,20,2058,2058
verify,8,1,21,2056,2056
verify,8,1,22,2048,2048
verify,8,1,23,2066,2066
verify,8,1,24,2052,2052
verify,8,1,25,2102,2102
verify,8,1,26,2086,2086
verify,8,1,27,2052,2052
verify,8,1,28,2108,2108
verify,8,1,29,2068,2068
verify,8,1,30,2068,2068
verify,8,1,31,2068,2068
verify,8,1,32,2090,2090
verify,8,1,33,2074,2074
verify,8,1,34,2052,2052
verify,8,1,35,2070,2070
verify,8,1,36,2084,2084
verify,8,1,37,2066,2066
verify,8,1,38,2056,2056
verify,8,1,39,2082,2082
verify,8,1,40,2072,2072
verify,8,1,41,2122,2122
verify,8,1,42,2076,2076
verify,8,1,43,2064,2064
verify,8,1,44,2084,2084
verify,8,1,45,2044,2044
verify,8,1,46,2064,2064
verify,8,1,47,2058,2058
verify,8,1,48,2044,2044
verify,8,1,49,2070,2070
verify,8,1,50,2070,2070
verify,8,1,51,7868,7868
verify,8,1,52,2078,2078
verify,8,1,53,2084,2084
verify,8,1,54,2084,2084
verify,8,1,55,2054,2054
verify,8,1,56,2108,2108
verify,8,1,57,2074,2074
verify,8,1,58,2066,2066
verify,8,1,59,2082,2082
verify,8,1,60,2072,2072
verify,8,1,61,2054,2054
verify,8,1,62,2092,2092
verify,8,1,63,2094,2094
verify,8,1,64,2054,2054
verify,8,1,65,2064,2064
verify,8,1,66,2104,2104
verify,8,1,67,2052,2052
verify,8,1,68,2068,2068
verify,8,1,69,2048,2048
verify,8,1,70,2116,2116
verify,8,1,71,2066,2066
verify,8,1,72,2064,2064
verify,8,1,73,2078,2078
verify,8,1,74,2052,2052
verify,8,1,75,2050,2050
verify,8,1,76,2044,2044
verify,8,1,77,2118,2118
verify,8,1,78,2074,2074
verify,8,1,79,2062,2062
verify,8,1,80,2090,2090
verify,8,1,81,2066,2066
verify,8,1,82,2124,2124
verify,8,1,83,2122,2122
verify,8,1,84,2124,2124
verify,8,1,85,2122,2122
verify,8,1,86,2072,2072
verify,8,1,87,2068,2068
verify,8,1,88,2086,2086
verify,8,1,89,2058,2058
verify,8,1,90,2074,2074
verify,8,1,91,2076,2076
verify,8,1,92,2070,2070
verify,8,1,93,2070,2070
verify,8,1,94,2072,2072
verify,8,1,95,2058,2058
verify,8,1,96,2056,2056
verify,8,1,97,2042,2042
verify,8,1,98,2074,2074
verify,8,1,99,2060,2060
verify,8,1,100,2120,2120
verify,8,1,101,2052,2052
verify,8,1,102,2094,2094
verify,8,1,103,2082,2082
verify,8,1,104,2074,2074
verify,8,1,105,2060,2060
verify,8,1,106,2048,2048
verify,8,1,107,2078,2078
verify,8,1,108,2064,2064
verify,8,1,109,2054,2054
verify,8,1,110,2116,2116
verify,8,1,111,2056,2056
verify,8,1,112,2056,2056
verify,8,1,113,2082,2082
verify,8,1,114,2076,2076
verify,8,1,115,2074,2074
verify,8,1,116,2064,2064
verify,8,1,117,2062,2062
verify,8,1,118,2062,2062
verify,8,1,119,2060,2060
verify,8,1,120,2060,2060
verify,8,1,121,2126,2126
verify,8,1,122,2054,2054
verify,8,1,123,2056,2056
verify,8,1,124,2042,2042
verify,8,1,125,2056,2056
verify,8,1,126,2054,2054
verify,8,1,127,2056,2056
verify,8,1,128,2048,2048
verify,8,1,129,2046,2046
verify,8,1,130,2098,2098
verify,8,1,131,2060,2060
verify,8,1,132,2060,2060
verify,8,1,133,2058,2058
verify,8,1,134,2060,2060
verify,8,1,135,2128,2128
verify,8,1,136,2072,2072
verify,8,1,137,2092,2092
verify,8,1,138,2050,2050
verify,8,1,139,2058,2058
verify,8,1,140,2066,2066
verify,8,1,141,2070,2070
verify,8,1,142,2070,2070
verify,8,1,143,2038,2038
verify,8,1,144,2056,2056
verify,8,1,145,2054,2054
verify,8,1,146,2050,2050
verify,8,1,147,2100,2100
verify,8,1,148,2064,2064
verify,8,1,149,2064,2064
verify,8,1,150,2052,2052
verify,8,1,151,2036,2036
verify,8,1,152,2042,2042
verify,8,1,153,2040,2040
verify,8,1,154,2066,2066
verify,8,1,155,2036,2036
verify,8,1,156,2048,2048
verify,8,1,157,2078,2078
verify,8,1,158,2044,2044
verify,8,1,159,2074,2074
verify,8,1,160,2060,2060
verify,8,1,161,2078,2078
verify,8,1,162,2068,2068
verify,8,1,163,2076,2076
verify,8,1,164,2080,2080
verify,8,1,165,2048,2048
verify,8,1,166,2040,2040
verify,8,1,167,2106,2106
verify,8,1,168,2060,2060
verify,8,1,169,2062,2062
verify,8,1,170,2058,2058
verify,8,1,171,2100,2100
verify,8,1,172,2058,2058
verify,8,1,173,2044,2044
verify,8,1,174,2060,2060
verify,8,1,175,2052,2052
verify,8,1,176,2124,2124
verify,8,1,177,2058,2058
verify,8,1,178,2058,2058
verify,8,1,179,2048,2048
verify,8,1,180,2112,2112
verify,8,1,181,2096,2096
verify,8,1,182,2042,2042
verify,8,1,183,2080,2080
verify,8,1,184,2054,2054
verify,8,1,185,2072,2072
verify,8,1,186,2050,2050
verify,8,1,187,2042,2042
verify,8,1,188,2070,2070
verify,8,1,189,2072,2072
verify,8,1,190,2136,2136
verify,8,1,191,2080,2080
verify,8,1,192,2080,2080
verify,8,1,193,2052,2052
verify,8,1,194,2056,2056
verify,8,1,195,2076,2076
verify,8,1,196,2076,2076
verify,8,1,197,2128,2128
verify,8,1,198,2082,2082
verify,8,1,199,2068,2068
verify,8,1,200,2060,2060
verify,8,1,201,2070,2070
verify,8,1,202,2064,2064
verify,8,1,203,2044,2044
verify,8,1,204,2044,2044
verify,8,1,205,2046,2046
verify,8,1,206,2106,2106
verify,8,1,207,2044,2044
verify,8,1,208,2044,2044
verify,8,1,209,2066,2066
verify,8,1,210,2060,2060
verify,8,1,211,2132,2132
verify,8,1,212,2078,2078
verify,8,1,213,2078,2078
verify,8,1,214,2056,2056
verify,8,1,215,2058,2058
verify,8,1,216,2092,2092
verify,8,1,217,2072,2072
verify,8,1,218,2072,2072
verify,8,1,219,2070,2070
verify,8,1,220,2078,2078
verify,8,1,221,2078,2078
verify,8,1,222,2078,2078
verify,8,1,223,2066,2066
verify,8,1,224,2046,2046
verify,8,1,225,2048,2048
verify,8,1,226,2044,2044
verify,8,1,227,2106,2106
verify,8,1,228,2046,2046
verify,8,1,229,2040,2040
verify,8,1,230,2062,2062
verify,8,1,231,2044,2044
verify,8,1,232,2050,2050
verify,8,1,233,2046,2046
verify,8,1,234,2106,2106
verify,8,1,235,2048,2048
verify,8,1,236,2052,2052
verify,8,1,237,2064,2064
verify,8,1,238,2080,2080
verify,8,1,239,2130,2130
verify,8,1,240,2064,2064
verify,8,1,241,2072,2072
verify,8,1,242,2064,2064
verify,8,1,243,2076,2076
verify,8,1,244,2072,2072
verify,8,1,245,2052,2052
verify,8,1,246,2052,2052
verify,8,1,247,2052,2052
verify,8,1,248,2110,2110
verify,8,1,249,2048,2048
verify,8,1,250,2050,2050
verify,8,1,251,2066,2066
verify,8,1,252,2048,2048
verify,8,1,253,2048,2048
verify,8,1,254,2048,2048
verify,8,1,255,2066,2066
verify,8,1,256,2056,2056
verify,8,1,257,2052,2052
verify,8,1,258,2058,2058
verify,8,1,259,2096,2096
verify,8,1,260,2066,2066
verify,8,1,261,2078,2078
verify,8,1,262,2068,2068
verify,8,1,263,2060,2060
verify,8,1,264,2068,2068
verify,8,1,265,2062,2062
verify,8,1,266,2056,2056
verify,8,1,267,2066,2066
verify,8,1,268,2062,2062
verify,8,1,269,2076,2076
verify,8,1,270,2048,2048
verify,8,1,271,2042,2042
verify,8,1,272,2066,2066
verify,8,1,273,2054,2054
verify,8,1,274,2076,2076
verify,8,1,275,2064,2064
verify,8,1,276,2116,2116
verify,8,1,277,2098,2098
verify,8,1,278,2048,2048
verify,8,1,279,2066,2066
verify,8,1,280,2100,2100
verify,8,1,281,2066,2066
verify,8,1,282,2078,2078
verify,8,1,283,2068,2068
verify,8,1,284,2048,2048
verify,8,1,285,2110,2110
verify,8,1,286,2094,2094
verify,8,1,287,2088,2088
verify,8,1,288,2042,2042
verify,8,1,289,2050,2050
verify,8,1,290,2068,2068
verify,8,1,291,2046,2046
verify,8,1,292,2040,2040
verify,8,1,293,2066,2066
verify,8,1,294,2056,2056
verify,8,1,295,2132,2132
verify,8,1,296,2080,2080
verify,8,1,297,2080,2080
verify,8,1,298,2082,2082
verify,8,1,299,2058,2058
verify,8,1,300,2072,2072
verify,8,1,301,2194,2194
verify,8,1,302,2044,2044
verify,8,1,303,2092,2092
verify,8,1,304,2044,2044
verify,8,1,305,2054,2054
verify,8,1,306,2068,2068
verify,8,1,307,2032,2032
verify,8,1,308,2028,2028
verify,8,1,309,2030,2030
verify,8,1,310,2020,2020
verify,8,1,311,2028,2028
verify,8,1,312,2044,2044
verify,8,1,313,2104,2104
verify,8,1,314,2050,2050
verify,8,1,315,2054,2054
verify,8,1,316,2066,2066
verify,8,1,317,2052,2052
verify,8,1,318,2036,2036
verify,8,1,319,2028,2028
verify,8,1,320,2028,2028
verify,8,1,321,2050,2050
verify,8,1,322,2050,2050
verify,8,1,323,2040,2040
verify,8,1,324,2056,2056
verify,8,1,325,2058,2058
verify,8,1,326,2092,2092
verify,8,1,327,2034,2034
verify,8,1,328,2052,2052
verify,8,1,329,2032,2032
verify,8,1,330,2014,2014
verify,8,1,331,2056,2056
verify,8,1,332,2058,2058
verify,8,1,333,2148,2148
verify,8,1,334,2080,2080
verify,8,1,335,2052,2052
verify,8,1,336,2038,2038
verify,8,1,337,2082,2082
verify,8,1,338,2056,2056
verify,8,1,339,2054,2054
verify,8,1,340,2094,2094
verify,8,1,341,2034,2034
verify,8,1,342,2042,2042
verify,8,1,343,2084,2084
verify,8,1,344,2050,2050
verify,8,1,345,2064,2064
verify,8,1,346,2058,2058
verify,8,1,347,2042,2042
verify,8,1,348,2048,2048
verify,8,1,349,2052,2052
verify,8,1,350,2044,2044
verify,8,1,351,2100,2100
verify,8,1,352,2062,2062
verify,8,1,353,2036,2036
verify,8,1,354,2032,2032
verify,8,1,355,2032,2032
verify,8,1,356,2058,2058
verify,8,1,357,2014,2014
verify,8,1,358,2086,2086
verify,8,1,359,2038,2038
verify,8,1,360,2066,2066
verify,8,1,361,2050,2050
verify,8,1,362,2052,2052
verify,8,1,363,2034,2034
verify,8,1,364,2046,2046
verify,8,1,365,2088,2088
verify,8,1,366,2100,2100
verify,8,1,367,2032,2032
verify,8,1,368,2040,2040
verify,8,1,369,2052,2052
verify,8,1,370,2052,2052
verify,8,1,371,2094,2094
verify,8,1,372,2054,2054
verify,8,1,373,2074,2074
verify,8,1,374,2058,2058
verify,8,1,375,2042,2042
verify,8,1,376,2068,2068
verify,8,1,377,2062,2062
verify,8,1,378,2038,2038
verify,8,1,379,2040,2040
verify,8,1,380,2076,2076
verify,8,1,381,2048,2048
verify,8,1,382,2050,2050
verify,8,1,383,2092,2092
verify,8,1,384,2084,2084
verify,8,1,385,2038,2038
verify,8,1,386,2046,2046
verify,8,1,387,2066,2066
verify,8,1,388,2050,2050
verify,8,1,389,2028,2028
verify,8,1,390,2048,2048
verify,8,1,391,2062,2062
verify,8,1,392,2044,2044
verify,8,1,393,2040,2040
verify,8,1,394,2076,2076
verify,8,1,395,2050,2050
verify,8,1,396,2054,2054
verify,8,1,397,2046,2046
verify,8,1,398,2104,2104
verify,8,1,399,2080,2080
verify,8,1,400,2040,2040
verify,8,1,401,2038,2038
verify,8,1,402,2052,2052
verify,8,1,403,2104,2104
verify,8,1,404,2064,2064
verify,8,1,405,2082,2082
verify,8,1,406,2040,2040
verify,8,1,407,2052,2052
verify,8,1,408,2070,2070
verify,8,1,409,2054,2054
verify,8,1,410,2028,2028
verify,8,1,411,2038,2038
verify,8,1,412,2054,2054
verify,8,1,413,2032,2032
verify,8,1,414,2034,2034
verify,8,1,415,2072,2072
verify,8,1,416,2044,2044
verify,8,1,417,2048,2048
verify,8,1,418,2040,2040
verify,8,1,419,2096,2096
verify,8,1,420,2078,2078
verify,8,1,421,2036,2036
verify,8,1,422,2044,2044
verify,8,1,423,2050,2050
verify,8,1,424,2110,2110
verify,8,1,425,2064,2064
verify,8,1,426,2084,2084
verify,8,1,427,2042,2042
verify,8,1,428,2054,2054
verify,8,1,429,2054,2054
verify,8,1,430,2064,2064
verify,8,1,431,2108,2108
verify,8,1,432,2068,2068
verify,8,1,433,2068,2068
verify,8,1,434,2050,2050
verify,8,1,435,2040,2040
verify,8,1,436,2096,2096
verify,8,1,437,2038,2038
verify,8,1,438,2046,2046
verify,8,1,439,2054,2054
verify,8,1,440,2096,2096
verify,8,1,441,2056,2056
verify,8,1,442,2048,2048
verify,8,1,443,2028,2028
verify,8,1,444,2030,2030
verify,8,1,445,2048,2048
verify,8,1,446,2116,2116
verify,8,1,447,2058,2058
verify,8,1,448,2040,2040
verify,8,1,449,2108,2108
verify,8,1,450,2062,2062
verify,8,1,451,2060,2060
verify,8,1,452,2046,2046
verify,8,1,453,2042,2042
verify,8,1,454,2064,2064
verify,8,1,455,2104,2104
verify,8,1,456,2064,2064
verify,8,1,457,2036,2036
verify,8,1,458,2054,2054
verify,8,1,459,2048,2048
verify,8,1,460,2102,2102
verify,8,1,461,2126,2126
verify,8,1,462,2050,2050
verify,8,1,463,2052,2052
verify,8,1,464,2038,2038
verify,8,1,465,2066,2066
verify,8,1,466,2052,2052
verify,8,1,467,2070,2070
verify,8,1,468,2080,2080
verify,8,1,469,2066,2066
verify,8,1,470,2040,2040
verify,8,1,471,2046,2046
verify,8,1,472,2116,2116
verify,8,1,473,2058,2058
verify,8,1,474,2064,2064
verify,8,1,475,2060,2060
verify,8,1,476,2102,2102
verify,8,1,477,2032,2032
verify,8,1,478,2042,2042
verify,8,1,479,2050,2050
verify,8,1,480,2062,2062
verify,8,1,481,2046,2046
verify,8,1,482,2046,2046
verify,8,1,483,2072,2072
verify,8,1,484,2048,2048
verify,8,1,485,2052,2052
verify,8,1,486,2050,2050
verify,8,1,487,2054,2054
verify,8,1,488,2048,2048
verify,8,1,489,2110,2110
verify,8,1,490,2058,2058
verify,8,1,491,2054,2054
verify,8,1,492,2118,2118
verify,8,1,493,2058,2058
verify,8,1,494,2112,2112
verify,8,1,495,2052,2052
verify,8,1,496,2074,2074
verify,8,1,497,2046,2046
verify,8,1,498,2064,2064
verify,8,1,499,2048,2048
verify,8,1,500,2060,2060
verify,8,1,501,2058,2058
verify,8,1,502,2054,2054
verify,8,1,503,2118,2118
verify,8,1,504,2052,2052
verify,8,1,505,2078,2078
verify,8,1,506,2054,2054
verify,8,1,507,2062,2062
verify,8,1,508,2108,2108
verify,8,1,509,2040,2040
verify,8,1,510,2050,2050
verify,8,1,511,2072,2072
verify,8,1,512,2046,2046
verify,8,1,513,2058,2058
verify,8,1,514,2032,2032
verify,8,1,515,2048,2048
verify,8,1,516,2056,2056
verify,8,1,517,2050,2050
verify,8,1,518,2052,2052
verify,8,1,519,2090,2090
verify,8,1,520,2060,2060
verify,8,1,521,2106,2106
verify,8,1,522,2068,2068
verify,8,1,523,2068,2068
verify,8,1,524,2054,2054
verify,8,1,525,2034,2034
verify,8,1,526,2064,2064
verify,8,1,527,2054,2054
verify,8,1,528,2036,2036
verify,8,1,529,2042,2042
verify,8,1,530,2060,2060
verify,8,1,531,2052,2052
verify,8,1,532,2118,2118
verify,8,1,533,2046,2046
verify,8,1,534,2072,2072
verify,8,1,535,2074,2074
verify,8,1,536,2070,2070
verify,8,1,537,2068,2068
verify,8,1,538,2066,2066
verify,8,1,539,2048,2048
verify,8,1,540,2082,2082
verify,8,1,541,2022,2022
verify,8,1,542,2044,2044
verify,8,1,543,2028,2028
verify,8,1,544,2056,2056
verify,8,1,545,2096,2096
verify,8,1,546,2052,2052
verify,8,1,547,2062,2062
verify,8,1,548,2042,2042
verify,8,1,549,2064,2064
verify,8,1,550,2030,2030
verify,8,1,551,2124,2124
verify,8,1,552,2068,2068
verify,8,1,553,2052,2052
verify,8,1,554,2052,2052
verify,8,1,555,2074,2074
verify,8,1,556,2040,2040
verify,8,1,557,2112,2112
verify,8,1,558,2066,2066
verify,8,1,559,2088,2088
verify,8,1,560,2052,2052
verify,8,1,561,2078,2078
verify,8,1,562,2058,2058
verify,8,1,563,2064,2064
verify,8,1,564,2070,2070
verify,8,1,565,2064,2064
verify,8,1,566,2052,2052
verify,8,1,567,2054,2054
verify,8,1,568,2038,2038
verify,8,1,569,2050,2050
verify,8,1,570,2050,2050
verify,8,1,571,2110,2110
verify,8,1,572,2064,2064
verify,8,1,573,2046,2046
verify,8,1,574,2054,2054
verify,8,1,575,2066,2066
verify,8,1,576,2062,2062
verify,8,1,577,2056,2056
verify,8,1,578,2060,2060
verify,8,1,579,2056,2056
verify,8,1,580,2084,2084
verify,8,1,581,2070,2070
verify,8,1,582,2092,2092
verify,8,1,583,2086,2086
verify,8,1,584,2068,2068
verify,8,1,585,2040,2040
verify,8,1,586,2058,2058
verify,8,1,587,2056,2056
verify,8,1,588,2058,2058
verify,8,1,589,2062,2062
verify,8,1,590,2084,2084
verify,8,1,591,2084,2084
verify,8,1,592,2078,2078
verify,8,1,593,2040,2040
verify,8,1,594,2056,2056
verify,8,1,595,2048,2048
verify,8,1,596,2082,2082
verify,8,1,597,2060,2060
verify,8,1,598,2048,2048
verify,8,1,599,2054,2054
verify,8,1,600,2052,2052
verify,8,1,601,2052,2052
verify,8,1,602,2060,2060
verify,8,1,603,2044,2044
verify,8,1,604,2060,2060
verify,8,1,605,2068,2068
verify,8,1,606,2048,2048
verify,8,1,607,2068,2068
verify,8,1,608,2062,2062
verify,8,1,609,2052,2052
verify,8,1,610,2118,2118
verify,8,1,611,2054,2054
verify,8,1,612,2082,2082
verify,8,1,613,2058,2058
verify,8,1,614,2074,2074
verify,8,1,615,2090,2090
verify,8,1,616,2050,2050
verify,8,1,617,2056,2056
verify,8,1,618,2056,2056
verify,8,1,619,2050,2050
verify,8,1,620,2080,2080
verify,8,1,621,2054,2054
verify,8,1,622,2066,2066
verify,8,1,623,2050,2050
verify,8,1,624,2062,2062
verify,8,1,625,2054,2054
verify,8,1,626,2064,2064
verify,8,1,627,2048,2048
verify,8,1,628,2054,2054
verify,8,1,629,2092,2092
verify,8,1,630,2058,2058
verify,8,1,631,2052,2052
verify,8,1,632,2048,2048
verify,8,1,633,2096,2096
verify,8,1,634,2048,2048
verify,8,1,635,2100,2100
verify,8,1,636,2042,2042
verify,8,1,637,2062,2062
verify,8,1,638,2052,2052
verify,8,1,639,2034,2034
verify,8,1,640,2046,2046
verify,8,1,641,2040,2040
verify,8,1,642,2030,2030
verify,8,1,643,2056,2056
verify,8,1,644,2044,2044
verify,8,1,645,2036,2036
verify,8,1,646,2056,2056
verify,8,1,647,2056,2056
verify,8,1,648,2032,2032
verify,8,1,649,2046,2046
verify,8,1,650,2110,2110
verify,8,1,651,2036,2036
verify,8,1,652,2050,2050
verify,8,1,653,2038,2038
verify,8,1,654,2046,2046
verify,8,1,655,2060,2060
verify,8,1,656,2040,2040
verify,8,1,657,2042,2042
verify,8,1,658,2052,2052
verify,8,1,659,2086,2086
verify,8,1,660,2044,2044
verify,8,1,661,2072,2072
verify,8,1,662,2048,2048
verify,8,1,663,2036,2036
verify,8,1,664,2040,2040
verify,8,1,665,2066,2066
verify,8,1,666,2022,2022
verify,8,1,667,2058,2058
verify,8,1,668,2062,2062
verify,8,1,669,2086,2086
verify,8,1,670,2034,2034
verify,8,1,671,2058,2058
verify,8,1,672,2054,2054
verify,8,1,673,2042,2042
verify,8,1,674,2058,2058
verify,8,1,675,2098,2098
verify,8,1,676,2030,2030
verify,8,1,677,2036,2036
verify,8,1,678,2064,2064
verify,8,1,679,2078,2078
verify,8,1,680,2056,2056
verify,8,1,681,2030,2030
verify,8,1,682,2030,2030
verify,8,1,683,2036,2036
verify,8,1,684,2032,2032
verify,8,1,685,2036,2036
verify,8,1,686,2066,2066
verify,8,1,687,2024,2024
verify,8,1,688,2056,2056
verify,8,1,689,2066,2066
verify,8,1,690,2090,2090
verify,8,1,691,2038,2038
verify,8,1,692,2060,2060
verify,8,1,693,2060,2060
verify,8,1,694,2042,2042
verify,8,1,695,2102,2102
verify,8,1,696,2054,2054
verify,8,1,697,2038,2038
verify,8,1,698,2036,2036
verify,8,1,699,2082,2082
verify,8,1,700,2064,2064
verify,8,1,701,2054,2054
verify,8,1,702,2028,2028
verify,8,1,703,2056,2056
verify,8,1,704,2060,2060
verify,8,1,705,2058,2058
verify,8,1,706,2040,2040
verify,8,1,707,2040,2040
verify,8,1,708,2050,2050
verify,8,1,709,2054,2054
verify,8,1,710,2062,2062
verify,8,1,711,2082,2082
verify,8,1,712,2036,2036
verify,8,1,713,2058,2058
verify,8,1,714,2058,2058
verify,8,1,715,2034,2034
verify,8,1,716,2102,2102
verify,8,1,717,2056,2056
verify,8,1,718,2040,2040
verify,8,1,719,2046,2046
verify,8,1,720,2042,2042
verify,8,1,721,2042,2042
verify,8,1,722,2078,2078
verify,8,1,723,2060,2060
verify,8,1,724,2030,2030
verify,8,1,725,2090,2090
verify,8,1,726,2034,2034
verify,8,1,727,2046,2046
verify,8,1,728,2028,2028
verify,8,1,729,2032,2032
verify,8,1,730,2056,2056
verify,8,1,731,2056,2056
verify,8,1,732,2010,2010
verify,8,1,733,2032,2032
verify,8,1,734,2126,2126
verify,8,1,735,2040,2040
verify,8,1,736,2018,2018
verify,8,1,737,2112,2112
verify,8,1,738,2048,2048
verify,8,1,739,2030,2030
verify,8,1,740,2040,2040
verify,8,1,741,2042,2042
verify,8,1,742,2066,2066
verify,8,1,743,2086,2086
verify,8,1,744,2038,2038
verify,8,1,745,2066,2066
verify,8,1,746,2076,2076
verify,8,1,747,2040,2040
verify,8,1,748,2044,2044
verify,8,1,749,2048,2048
verify,8,1,750,2034,2034
verify,8,1,751,2062,2062
verify,8,1,752,2060,2060
verify,8,1,753,2012,2012
verify,8,1,754,2032,2032
verify,8,1,755,2104,2104
verify,8,1,756,2052,2052
verify,8,1,757,2026,2026
verify,8,1,758,2110,2110
verify,8,1,759,2044,2044
verify,8,1,760,2026,2026
verify,8,1,761,2036,2036
verify,8,1,762,2100,2100
verify,8,1,763,2046,2046
verify,8,1,764,2040,2040
verify,8,1,765,2036,2036
verify,8,1,766,2062,2062
verify,8,1,767,2068,2068
verify,8,1,768,2034,2034
verify,8,1,769,2038,2038
verify,8,1,770,2050,2050
verify,8,1,771,2038,2038
verify,8,1,772,2062,2062
verify,8,1,773,2068,2068
verify,8,1,774,2018,2018
verify,8,1,775,2038,2038
verify,8,1,776,2116,2116
verify,8,1,777,2056,2056
verify,8,1,778,2016,2016
verify,8,1,779,2048,2048
verify,8,1,780,2060,2060
verify,8,1,781,2032,2032
verify,8,1,782,2032,2032
verify,8,1,783,2028,2028
verify,8,1,784,2024,2024
verify,8,1,785,2070,2070
verify,8,1,786,2054,2054
verify,8,1,787,2060,2060
verify,8,1,788,2054,2054
verify,8,1,789,2028,2028
verify,8,1,790,2042,2042
verify,8,1,791,2048,2048
verify,8,1,792,2068,2068
verify,8,1,793,2044,2044
verify,8,1,794,2106,2106
verify,8,1,795,2052,2052
verify,8,1,796,2060,2060
verify,8,1,797,2104,2104
verify,8,1,798,2052,2052
verify,8,1,799,2056,2056
verify,8,1,800,2052,2052
verify,8,1,801,2044,2044
verify,8,1,802,2036,2036
verify,8,1,803,2034,2034
verify,8,1,804,2100,2100
verify,8,1,805,2062,2062
verify,8,1,806,2040,2040
verify,8,1,807,2096,2096
verify,8,1,808,2044,2044
verify,8,1,809,2028,2028
verify,8,1,810,2032,2032
verify,8,1,811,2054,2054
verify,8,1,812,2030,2030
verify,8,1,813,2048,2048
verify,8,1,814,2038,2038
verify,8,1,815,2032,2032
verify,8,1,816,2056,2056
verify,8,1,817,2040,2040
verify,8,1,818,2060,2060
verify,8,1,819,2050,2050
verify,8,1,820,2098,2098
verify,8,1,821,2054,2054
verify,8,1,822,2052,2052
verify,8,1,823,2052,2052
verify,8,1,824,2032,2032
verify,8,1,825,2064,2064
verify,8,1,826,2064,2064
verify,8,1,827,2052,2052
verify,8,1,828,2078,2078
verify,8,1,829,2036,2036
verify,8,1,830,2044,2044
verify,8,1,831,2054,2054
verify,8,1,832,2050,2050
verify,8,1,833,2072,2072
verify,8,1,834,2060,2060
verify,8,1,835,2052,2052
verify,8,1,836,2086,2086
verify,8,1,837,2034,2034
verify,8,1,838,2046,2046
verify,8,1,839,2084,2084
verify,8,1,840,2060,2060
verify,8,1,841,2048,2048
verify,8,1,842,2046,2046
verify,8,1,843,2098,2098
verify,8,1,844,2062,2062
verify,8,1,845,2048,2048
verify,8,1,846,2104,2104
verify,8,1,847,2052,2052
verify,8,1,848,2046,2046
verify,8,1,849,2050,2050
verify,8,1,850,2050,2050
verify,8,1,851,2052,2052
verify,8,1,852,2038,2038
verify,8,1,853,2020,2020
verify,8,1,854,2046,2046
verify,8,1,855,2040,2040
verify,8,1,856,2106,2106
verify,8,1,857,2032,2032
verify,8,1,858,2056,2056
verify,8,1,859,2070,2070
verify,8,1,860,2038,2038
verify,8,1,861,2042,2042
verify,8,1,862,2038,2038
verify,8,1,863,2062,2062
verify,8,1,864,2022,2022
verify,8,1,865,2060,2060
verify,8,1,866,2042,2042
verify,8,1,867,2022,2022
verify,8,1,868,2044,2044
verify,8,1,869,2028,2028
verify,8,1,870,2038,2038
verify,8,1,871,2034,2034
verify,8,1,872,2048,2048
verify,8,1,873,2040,2040
verify,8,1,874,2020,2020
verify,8,1,875,2048,2048
verify,8,1,876,2042,2042
verify,8,1,877,2110,2110
verify,8,1,878,2046,2046
verify,8,1,879,2052,2052
verify,8,1,880,2074,2074
verify,8,1,881,2044,2044
verify,8,1,882,2046,2046
verify,8,1,883,2040,2040
verify,8,1,884,2062,2062
verify,8,1,885,2050,2050
verify,8,1,886,2056,2056
verify,8,1,887,2096,2096
verify,8,1,888,2038,2038
verify,8,1,889,2044,2044
verify,8,1,890,2038,2038
verify,8,1,891,2040,2040
verify,8,1,892,2030,2030
verify,8,1,893,2044,2044
verify,8,1,894,2036,2036
verify,8,1,895,7988,7988
verify,8,1,896,2064,2064
verify,8,1,897,2060,2060
verify,8,1,898,2058,2058
verify,8,1,899,2058,2058
verify,8,1,900,2040,2040
verify,8,1,901,2090,2090
verify,8,1,902,2118,2118
verify,8,1,903,2136,2136
verify,8,1,904,2056,2056
verify,8,1,905,2074,2074
verify,8,1,906,2070,2070
verify,8,1,907,2086,2086
verify,8,1,908,2060,2060
verify,8,1,909,2030,2030
verify,8,1,910,2086,2086
verify,8,1,911,2070,2070
verify,8,1,912,2032,2032
verify,8,1,913,2054,2054
verify,8,1,914,2052,2052
verify,8,1,915,2060,2060
verify,8,1,916,2050,2050
verify,8,1,917,2052,2052
verify,8,1,918,2040,2040
verify,8,1,919,2050,2050
verify,8,1,920,2052,2052
verify,8,1,921,2064,2064
verify,8,1,922,2066,2066
verify,8,1,923,2046,2046
verify,8,1,924,2052,2052
verify,8,1,925,2054,2054
verify,8,1,926,2102,2102
verify,8,1,927,2108,2108
verify,8,1,928,2058,2058
verify,8,1,929,2102,2102
verify,8,1,930,2052,2052
verify,8,1,931,2060,2060
verify,8,1,932,2058,2058
verify,8,1,933,2030,2030
verify,8,1,934,2058,2058
verify,8,1,935,2052,2052
verify,8,1,936,2064,2064
verify,8,1,937,2052,2052
verify,8,1,938,2054,2054
verify,8,1,939,2050,2050
verify,8,1,940,2110,2110
verify,8,1,941,2072,2072
verify,8,1,942,2044,2044
verify,8,1,943,2072,2072
verify,8,1,944,2050,2050
verify,8,1,945,2054,2054
verify,8,1,946,2052,2052
verify,8,1,947,2060,2060
verify,8,1,948,2108,2108
verify,8,1,949,2052,2052
verify,8,1,950,2100,2100
verify,8,1,951,2066,2066
verify,8,1,952,2062,2062
verify,8,1,953,2078,2078
verify,8,1,954,2064,2064
verify,8,1,955,2128,2128
verify,8,1,956,2088,2088
verify,8,1,957,2084,2084
verify,8,1,958,2062,2062
verify,8,1,959,2116,2116
verify,8,1,960,2082,2082
verify,8,1,961,2072,2072
verify,8,1,962,2068,2068
verify,8,1,963,2050,2050
verify,8,1,964,2040,2040
verify,8,1,965,2060,2060
verify,8,1,966,2038,2038
verify,8,1,967,2074,2074
verify,8,1,968,2062,2062
verify,8,1,969,2058,2058
verify,8,1,970,2052,2052
verify,8,1,971,2066,2066
verify,8,1,972,2056,2056
verify,8,1,973,2064,2064
verify,8,1,974,2048,2048
verify,8,1,975,2054,2054
verify,8,1,976,2094,2094
verify,8,1,977,2068,2068
verify,8,1,978,2062,2062
verify,8,1,979,2056,2056
verify,8,1,980,2072,2072
verify,8,1,981,2058,2058
verify,8,1,982,2080,2080
verify,8,1,983,2058,2058
verify,8,1,984,2040,2040
verify,8,1,985,2068,2068
verify,8,1,986,2056,2056
verify,8,1,987,2054,2054
verify,8,1,988,2036,2036
verify,8,1,989,2064,2064
verify,8,1,990,2056,2056
verify,8,1,991,2046,2046
verify,8,1,992,2090,2090
verify,8,1,993,2066,2066
verify,8,1,994,2074,2074
verify,8,1,995,2040,2040
verify,8,1,996,2060,2060
verify,8,1,997,2042,2042
verify,8,1,998,2026,2026
verify,8,1,999,2048,2048
verify,8,1,1000,2078,2078
verify,8,1,1001,2064,2064
verify,8,1,1002,2056,2056
verify,8,1,1003,2072,2072
verify,8,1,1004,2070,2070
verify,8,1,1005,2072,2072
verify,8,1,1006,2060,2060
verify,8,1,1007,2102,2102
verify,8,1,1008,2068,2068
verify,8,1,1009,2080,2080
verify,8,1,1010,2082,2082
verify,8,1,1011,2118,2118
verify,8,1,1012,2064,2064
verify,8,1,1013,2068,2068
verify,8,1,1014,2074,2074
verify,8,1,1015,2070,2070
verify,8,1,1016,2058,2058
verify,8,1,1017,2056,2056
verify,8,1,1018,2062,2062
verify,8,1,1019,2052,2052
verify,8,1,1020,2062,2062
verify,8,1,1021,2042,2042
verify,8,1,1022,2042,2042
verify,8,1,1023,2042,2042
verify,8,1,1024,2072,2072
verify,8,1,1025,2086,2086
verify,8,1,1026,2042,2042
verify,8,1,1027,2068,2068
verify,8,1,1028,2116,2116
verify,8,1,1029,2050,2050
verify,8,1,1030,2086,2086
verify,8,1,1031,2062,2062
verify,8,1,1032,2060,2060
verify,8,1,1033,2082,2082
verify,8,1,1034,2058,2058
verify,8,1,1035,2052,2052
verify,8,1,1036,2066,2066
verify,8,1,1037,2064,2064
verify,8,1,1038,2084,2084
verify,8,1,1039,2072,2072
verify,8,1,1040,2064,2064
verify,8,1,1041,2060,2060
verify,8,1,1042,2056,2056
verify,8,1,1043,2060,2060
verify,8,1,1044,2058,2058
verify,8,1,1045,2070,2070
verify,8,1,1046,2098,2098
verify,8,1,1047,2038,2038
verify,8,1,1048,2060,2060
verify,8,1,1049,2058,2058
verify,8,1,1050,2046,2046
verify,8,1,1051,2086,2086
verify,8,1,1052,2056,2056
verify,8,1,1053,2058,2058
verify,8,1,1054,2064,2064
verify,8,1,1055,2056,2056
verify,8,1,1056,2066,2066
verify,8,1,1057,2066,2066
verify,8,1,1058,2048,2048
verify,8,1,1059,2046,2046
verify,8,1,1060,2078,2078
verify,8,1,1061,2058,2058
verify,8,1,1062,2090,2090
verify,8,1,1063,2056,2056
verify,8,1,1064,2064,2064
verify,8,1,1065,2048,2048
verify,8,1,1066,2044,2044
verify,8,1,1067,2100,2100
verify,8,1,1068,2094,2094
verify,8,1,1069,2062,2062
verify,8,1,1070,2102,2102
verify,8,1,1071,2070,2070
verify,8,1,1072,2054,2054
verify,8,1,1073,2046,2046
verify,8,1,1074,2120,2120
verify,8,1,1075,2072,2072
verify,8,1,1076,2070,2070
verify,8,1,1077,2048,2048
verify,8,1,1078,2048,2048
verify,8,1,1079,2104,2104
verify,8,1,1080,2068,2068
verify,8,1,1081,2060,2060
verify,8,1,1082,2068,2068
verify,8,1,1083,2054,2054
verify,8,1,1084,2106,2106
verify,8,1,1085,2044,2044
verify,8,1,1086,2070,2070
verify,8,1,1087,2072,2072
verify,8,1,1088,2034,2034
verify,8,1,1089,2084,2084
verify,8,1,1090,2040,2040
verify,8,1,1091,2078,2078
verify,8,1,1092,2042,2042
verify,8,1,1093,2088,2088
verify,8,1,1094,2030,2030
verify,8,1,1095,2054,2054
verify,8,1,1096,2054,2054
verify,8,1,1097,2048,2048
verify,8,1,1098,2050,2050
verify,8,1,1099,2044,2044
verify,8,1,1100,2066,2066
verify,8,1,1101,2058,2058
verify,8,1,1102,2104,2104
verify,8,1,1103,2062,2062
verify,8,1,1104,2028,2028
verify,8,1,1105,2050,2050
verify,8,1,1106,2036,2036
verify,8,1,1107,2054,2054
verify,8,1,1108,2062,2062
verify,8,1,1109,2090,2090
verify,8,1,1110,2062,2062
verify,8,1,1111,2098,2098
verify,8,1,1112,2066,2066
verify,8,1,1113,2064,2064
verify,8,1,1114,2074,2074
verify,8,1,1115,2068,2068
verify,8,1,1116,2138,2138
verify,8,1,1117,2050,2050
verify,8,1,1118,2098,2098
verify,8,1,1119,2046,2046
verify,8,1,1120,2042,2042
verify,8,1,1121,2038,2038
verify,8,1,1122,2046,2046
verify,8,1,1123,2092,2092
verify,8,1,1124,2082,2082
verify,8,1,1125,2034,2034
verify,8,1,1126,2024,2024
verify,8,1,1127,2016,2016
verify,8,1,1128,2046,2046
verify,8,1,1129,2114,2114
verify,8,1,1130,2030,2030
verify,8,1,1131,2050,2050
verify,8,1,1132,2056,2056
verify,8,1,1133,2060,2060
verify,8,1,1134,2062,2062
verify,8,1,1135,2062,2062
verify,8,1,1136,2044,2044
verify,8,1,1137,2072,2072
verify,8,1,1138,2040,2040
verify,8,1,1139,2064,2064
verify,8,1,1140,2046,2046
verify,8,1,1141,2078,2078
verify,8,1,1142,2038,2038
verify,8,1,1143,2012,2012
verify,8,1,1144,2026,2026
verify,8,1,1145,2040,2040
verify,8,1,1146,2112,2112
verify,8,1,1147,2084,2084
verify,8,1,1148,2040,2040
verify,8,1,1149,2098,2098
verify,8,1,1150,2036,2036
verify,8,1,1151,2010,2010
verify,8,1,1152,2018,2018
verify,8,1,1153,2092,2092
verify,8,1,1154,2032,2032
verify,8,1,1155,2040,2040
verify,8,1,1156,2054,2054
verify,8,1,1157,2050,2050
verify,8,1,1158,2034,2034
verify,8,1,1159,2048,2048
verify,8,1,1160,2068,2068
verify,8,1,1161,2028,2028
verify,8,1,1162,2040,2040
verify,8,1,1163,2032,2032
verify,8,1,1164,2040,2040
verify,8,1,1165,2034,2034
verify,8,1,1166,2040,2040
verify,8,1,1167,2090,2090
verify,8,1,1168,2060,2060
verify,8,1,1169,2056,2056
verify,8,1,1170,2036,2036
verify,8,1,1171,2112,2112
verify,8,1,1172,2056,2056
verify,8,1,1173,2048,2048
verify,8,1,1174,2026,2026
verify,8,1,1175,2040,2040
verify,8,1,1176,2034,2034
verify,8,1,1177,2092,2092
verify,8,1,1178,2034,2034
verify,8,1,1179,2022,2022
verify,8,1,1180,2044,2044
verify,8,1,1181,2036,2036
verify,8,1,1182,2038,2038
verify,8,1,1183,2044,2044
verify,8,1,1184,2090,2090
verify,8,1,1185,2030,2030
verify,8,1,1186,2076,2076
verify,8,1,1187,2040,2040
verify,8,1,1188,2042,2042
verify,8,1,1189,2036,2036
verify,8,1,1190,2052,2052
verify,8,1,1191,2098,2098
verify,8,1,1192,2032,2032
verify,8,1,1193,2038,2038
verify,8,1,1194,2036,2036
verify,8,1,1195,2048,2048
verify,8,1,1196,2094,2094
verify,8,1,1197,2060,2060
verify,8,1,1198,2042,2042
verify,8,1,1199,2126,2126
verify,8,1,1200,2050,2050
verify,8,1,1201,2072,2072
verify,8,1,1202,2030,2030
verify,8,1,1203,2088,2088
verify,8,1,1204,2066,2066
verify,8,1,1205,2052,2052
verify,8,1,1206,2046,2046
verify,8,1,1207,2058,2058
verify,8,1,1208,2030,2030
verify,8,1,1209,2068,2068
verify,8,1,1210,2068,2068
verify,8,1,1211,2048,2048
verify,8,1,1212,2054,2054
verify,8,1,1213,2056,2056
verify,8,1,1214,2016,2016
verify,8,1,1215,2106,2106
verify,8,1,1216,2044,2044
verify,8,1,1217,2044,2044
verify,8,1,1218,2048,2048
verify,8,1,1219,2054,2054
verify,8,1,1220,2096,2096
verify,8,1,1221,2068,2068
verify,8,1,1222,2058,2058
verify,8,1,1223,2016,2016
verify,8,1,1224,2022,2022
verify,8,1,1225,2106,2106
verify,8,1,1226,2040,2040
verify,8,1,1227,2064,2064
verify,8,1,1228,2058,2058
verify,8,1,1229,2040,2040
verify,8,1,1230,2086,2086
verify,8,1,1231,2028,2028
verify,8,1,1232,2026,2026
verify,8,1,1233,2060,2060
verify,8,1,1234,2048,2048
verify,8,1,1235,2022,2022
verify,8,1,1236,2080,2080
verify,8,1,1237,2040,2040
verify,8,1,1238,2044,2044
verify,8,1,1239,2048,2048
verify,8,1,1240,2118,2118
verify,8,1,1241,2032,2032
verify,8,1,1242,2046,2046
verify,8,1,1243,2028,2028
verify,8,1,1244,2042,2042
verify,8,1,1245,2092,2092
verify,8,1,1246,2066,2066
verify,8,1,1247,2054,2054
verify,8,1,1248,2050,2050
verify,8,1,1249,2066,2066
verify,8,1,1250,2040,2040
verify,8,1,1251,2076,2076
verify,8,1,1252,2076,2076
verify,8,1,1253,2052,2052
verify,8,1,1254,2054,2054
verify,8,1,1255,2058,2058
verify,8,1,1256,2024,2024
verify,8,1,1257,2104,2104
verify,8,1,1258,2040,2040
verify,8,1,1259,2050,2050
verify,8,1,1260,2034,2034
verify,8,1,1261,2048,2048
verify,8,1,1262,2088,2088
verify,8,1,1263,2060,2060
verify,8,1,1264,2050,2050
verify,8,1,1265,2010,2010
verify,8,1,1266,2014,2014
verify,8,1,1267,2070,2070
verify,8,1,1268,2040,2040
verify,8,1,1269,2046,2046
verify,8,1,1270,2034,2034
verify,8,1,1271,2030,2030
verify,8,1,1272,2040,2040
verify,8,1,1273,2080,2080
verify,8,1,1274,2022,2022
verify,8,1,1275,2028,2028
verify,8,1,1276,2102,2102
verify,8,1,1277,2072,2072
verify,8,1,1278,2066,2066
verify,8,1,1279,2084,2084
verify,8,1,1280,2140,2140
verify,8,1,1281,2062,2062
verify,8,1,1282,2068,2068
verify,8,1,1283,2062,2062
verify,8,1,1284,2050,2050
verify,8,1,1285,2102,2102
verify,8,1,1286,2080,2080
verify,8,1,1287,2070,2070
verify,8,1,1288,2076,2076
verify,8,1,1289,2090,2090
verify,8,1,1290,2064,2064
verify,8,1,1291,2062,2062
verify,8,1,1292,2072,2072
verify,8,1,1293,2080,2080
verify,8,1,1294,2058,2058
verify,8,1,1295,2060,2060
verify,8,1,1296,2064,2064
verify,8,1,1297,2064,2064
verify,8,1,1298,2046,2046
verify,8,1,1299,2050,2050
verify,8,1,1300,2046,2046
verify,8,1,1301,2070,2070
verify,8,1,1302,2062,2062
verify,8,1,1303,2106,2106
verify,8,1,1304,2052,2052
verify,8,1,1305,2084,2084
verify,8,1,1306,2066,2066
verify,8,1,1307,2080,2080
verify,8,1,1308,2052,2052
verify,8,1,1309,2052,2052
verify,8,1,1310,2108,2108
verify,8,1,1311,2056,2056
verify,8,1,1312,2088,2088
verify,8,1,1313,2064,2064
verify,8,1,1314,2086,2086
verify,8,1,1315,2064,2064
verify,8,1,1316,2040,2040
verify,8,1,1317,2044,2044
verify,8,1,1318,2124,2124
verify,8,1,1319,2076,2076
verify,8,1,1320,2054,2054
verify,8,1,1321,2064,2064
verify,8,1,1322,2108,2108
verify,8,1,1323,2076,2076
verify,8,1,1324,2066,2066
verify,8,1,1325,2090,2090
verify,8,1,1326,2120,2120
verify,8,1,1327,2080,2080
verify,8,1,1328,2098,2098
verify,8,1,1329,2068,2068
verify,8,1,1330,2074,2074
verify,8,1,1331,2080,2080
verify,8,1,1332,2052,2052
verify,8,1,1333,2060,2060
verify,8,1,1334,2066,2066
verify,8,1,1335,2056,2056
verify,8,1,1336,2058,2058
verify,8,1,1337,2046,2046
verify,8,1,1338,2040,2040
verify,8,1,1339,2042,2042
verify,8,1,1340,2058,2058
verify,8,1,1341,2046,2046
verify,8,1,1342,2052,2052
verify,8,1,1343,2108,2108
verify,8,1,1344,2078,2078
verify,8,1,1345,2062,2062
verify,8,1,1346,2180,2180
verify,8,1,1347,2076,2076
verify,8,1,1348,2054,2054
verify,8,1,1349,2062,2062
verify,8,1,1350,2058,2058
verify,8,1,1351,2042,2042
verify,8,1,1352,2060,2060
verify,8,1,1353,2116,2116
verify,8,1,1354,2070,2070
verify,8,1,1355,2070,2070
verify,8,1,1356,2078,2078
verify,8,1,1357,2060,2060
verify,8,1,1358,2074,2074
verify,8,1,1359,2060,2060
verify,8,1,1360,2078,2078
verify,8,1,1361,2068,2068
verify,8,1,1362,2058,2058
verify,8,1,1363,2036,2036
verify,8,1,1364,2062,2062
verify,8,1,1365,2058,2058
verify,8,1,1366,2058,2058
verify,8,1,1367,2072,2072
verify,8,1,1368,2054,2054
verify,8,1,1369,2124,2124
verify,8,1,1370,2054,2054
verify,8,1,1371,2076,2076
verify,8,1,1372,2108,2108
verify,8,1,1373,2072,2072
verify,8,1,1374,2042,2042
verify,8,1,1375,2064,2064
verify,8,1,1376,2074,2074
verify,8,1,1377,2074,2074
verify,8,1,1378,2060,2060
verify,8,1,1379,2070,2070
verify,8,1,1380,2100,2100
verify,8,1,1381,2068,2068
verify,8,1,1382,2058,2058
verify,8,1,1383,2066,2066
verify,8,1,1384,2072,2072
verify,8,1,1385,2032,2032
verify,8,1,1386,2056,2056
verify,8,1,1387,2058,2058
verify,8,1,1388,2056,2056
verify,8,1,1389,2060,2060
verify,8,1,1390,2050,2050
verify,8,1,1391,2054,2054
verify,8,1,1392,2060,2060
verify,8,1,1393,2102,2102
verify,8,1,1394,2070,2070
verify,8,1,1395,2052,2052
verify,8,1,1396,2046,2046
verify,8,1,1397,2120,2120
verify,8,1,1398,2046,2046
verify,8,1,1399,2038,2038
verify,8,1,1400,2088,2088
verify,8,1,1401,2058,2058
verify,8,1,1402,2078,2078
verify,8,1,1403,2074,2074
verify,8,1,1404,2054,2054
verify,8,1,1405,2044,2044
verify,8,1,1406,2042,2042
verify,8,1,1407,2076,2076
verify,8,1,1408,2038,2038
verify,8,1,1409,2092,2092
verify,8,1,1410,2064,2064
verify,8,1,1411,2084,2084
verify,8,1,1412,2050,2050
verify,8,1,1413,2064,2064
verify,8,1,1414,2078,2078
verify,8,1,1415,2044,2044
verify,8,1,1416,2070,2070
verify,8,1,1417,2034,2034
verify,8,1,1418,2060,2060
verify,8,1,1419,2064,2064
verify,8,1,1420,2052,2052
verify,8,1,1421,2064,2064
verify,8,1,1422,2064,2064
verify,8,1,1423,2050,2050
verify,8,1,1424,2094,2094
verify,8,1,1425,2034,2034
verify,8,1,1426,2078,2078
verify,8,1,1427,2114,2114
verify,8,1,1428,2052,2052
verify,8,1,1429,2056,2056
verify,8,1,1430,2078,2078
verify,8,1,1431,2096,2096
verify,8,1,1432,2060,2060
verify,8,1,1433,2048,2048
verify,8,1,1434,2122,2122
verify,8,1,1435,2094,2094
verify,8,1,1436,2082,2082
verify,8,1,1437,2048,2048
verify,8,1,1438,2056,2056
verify,8,1,1439,2084,2084
verify,8,1,1440,2090,2090
verify,8,1,1441,2044,2044
verify,8,1,1442,2046,2046
verify,8,1,1443,2062,2062
verify,8,1,1444,2044,2044
verify,8,1,1445,2096,2096
verify,8,1,1446,2048,2048
verify,8,1,1447,2054,2054
verify,8,1,1448,2104,2104
verify,8,1,1449,2056,2056
verify,8,1,1450,2064,2064
verify,8,1,1451,2114,2114
verify,8,1,1452,2062,2062
verify,8,1,1453,2054,2054
verify,8,1,1454,2062,2062
verify,8,1,1455,2062,2062
verify,8,1,1456,2076,2076
verify,8,1,1457,2064,2064
verify,8,1,1458,2040,2040
verify,8,1,1459,2064,2064
verify,8,1,1460,2050,2050
verify,8,1,1461,2066,2066
verify,8,1,1462,2062,2062
verify,8,1,1463,2134,2134
verify,8,1,1464,2056,2056
verify,8,1,1465,2060,2060
verify,8,1,1466,2052,2052
verify,8,1,1467,2044,2044
verify,8,1,1468,2066,2066
verify,8,1,1469,2060,2060
verify,8,1,1470,2048,2048
verify,8,1,1471,2082,2082
verify,8,1,1472,2054,2054
verify,8,1,1473,2058,2058
verify,8,1,1474,2048,2048
verify,8,1,1475,2058,2058
verify,8,1,1476,2042,2042
verify,8,1,1477,2048,2048
verify,8,1,1478,2058,2058
verify,8,1,1479,2054,2054
verify,8,1,1480,2054,2054
verify,8,1,1481,2052,2052
verify,8,1,1482,2072,2072
verify,8,1,1483,2060,2060
verify,8,1,1484,2062,2062
verify,8,1,1485,2044,2044
verify,8,1,1486,2072,2072
verify,8,1,1487,2060,2060
verify,8,1,1488,2048,2048
verify,8,1,1489,2094,2094
verify,8,1,1490,2050,2050
verify,8,1,1491,2068,2068
verify,8,1,1492,2068,2068
verify,8,1,1493,2050,2050
verify,8,1,1494,2078,2078
verify,8,1,1495,2058,2058
verify,8,1,1496,2060,2060
verify,8,1,1497,2070,2070
verify,8,1,1498,2050,2050
verify,8,1,1499,2058,2058
verify,8,1,1500,2080,2080
verify,8,1,1501,2056,2056
verify,8,1,1502,2126,2126
verify,8,1,1503,2058,2058
verify,8,1,1504,2072,2072
verify,8,1,1505,2068,2068
verify,8,1,1506,2052,2052
verify,8,1,1507,2090,2090
verify,8,1,1508,2064,2064
verify,8,1,1509,2064,2064
verify,8,1,1510,2110,2110
verify,8,1,1511,2074,2074
verify,8,1,1512,2076,2076
verify,8,1,1513,2076,2076
verify,8,1,1514,2050,2050
verify,8,1,1515,2074,2074
verify,8,1,1516,2050,2050
verify,8,1,1517,2122,2122
verify,8,1,1518,2050,2050
verify,8,1,1519,2054,2054
verify,8,1,1520,2064,2064
verify,8,1,1521,2056,2056
verify,8,1,1522,2064,2064
verify,8,1,1523,2070,2070
verify,8,1,1524,2030,2030
verify,8,1,1525,2096,2096
verify,8,1,1526,2070,2070
verify,8,1,1527,2064,2064
verify,8,1,1528,2058,2058
verify,8,1,1529,2036,2036
verify,8,1,1530,2030,2030
verify,8,1,1531,2054,2054
verify,8,1,1532,2046,2046
verify,8,1,1533,2062,2062
verify,8,1,1534,2060,2060
verify,8,1,1535,2052,2052
verify,8,1,1536,2042,2042
verify,8,1,1537,2072,2072
verify,8,1,1538,2050,2050
verify,8,1,1539,2048,2048
verify,8,1,1540,2088,2088
verify,8,1,1541,2154,2154
verify,8,1,1542,2070,2070
verify,8,1,1543,2070,2070
verify,8,1,1544,2068,2068
verify,8,1,1545,2058,2058
verify,8,1,1546,2074,2074
verify,8,1,1547,2046,2046
verify,8,1,1548,2140,2140
verify,8,1,1549,2064,2064
verify,8,1,1550,2068,2068
verify,8,1,1551,2038,2038
verify,8,1,1552,2096,2096
verify,8,1,1553,2052,2052
verify,8,1,1554,2076,2076
verify,8,1,1555,2064,2064
verify,8,1,1556,2056,2056
verify,8,1,1557,2082,2082
verify,8,1,1558,2046,2046
verify,8,1,1559,2050,2050
verify,8,1,1560,2036,2036
verify,8,1,1561,2046,2046
verify,8,1,1562,2052,2052
verify,8,1,1563,2062,2062
verify,8,1,1564,2086,2086
verify,8,1,1565,2084,2084
verify,8,1,1566,2060,2060
verify,8,1,1567,2074,2074
verify,8,1,1568,2118,2118
verify,8,1,1569,2068,2068
verify,8,1,1570,2036,2036
verify,8,1,1571,2062,2062
verify,8,1,1572,2060,2060
verify,8,1,1573,2052,2052
verify,8,1,1574,2040,2040
verify,8,1,1575,2072,2072
verify,8,1,1576,2050,2050
verify,8,1,1577,2066,2066
verify,8,1,1578,2066,2066
verify,8,1,1579,2058,2058
verify,8,1,1580,2056,2056
verify,8,1,1581,2054,2054
verify,8,1,1582,2054,2054
verify,8,1,1583,2054,2054
verify,8,1,1584,2102,2102
verify,8,1,1585,2066,2066
verify,8,1,1586,2066,2066
verify,8,1,1587,2040,2040
verify,8,1,1588,2108,2108
verify,8,1,1589,2024,2024
verify,8,1,1590,2044,2044
verify,8,1,1591,2130,2130
verify,8,1,1592,2104,2104
verify,8,1,1593,2092,2092
verify,8,1,1594,2056,2056
verify,8,1,1595,2100,2100
verify,8,1,1596,2070,2070
verify,8,1,1597,2084,2084
verify,8,1,1598,2080,2080
verify,8,1,1599,2050,2050
verify,8,1,1600,2056,2056
verify,8,1,1601,2048,2048
verify,8,1,1602,2046,2046
verify,8,1,1603,2044,2044
verify,8,1,1604,2026,2026
verify,8,1,1605,2034,2034
verify,8,1,1606,2064,2064
verify,8,1,1607,2056,2056
verify,8,1,1608,2054,2054
verify,8,1,1609,2046,2046
verify,8,1,1610,2070,2070
verify,8,1,1611,2080,2080
verify,8,1,1612,2072,2072
verify,8,1,1613,2110,2110
verify,8,1,1614,2058,2058
verify,8,1,1615,2066,2066
verify,8,1,1616,2068,2068
verify,8,1,1617,2082,2082
verify,8,1,1618,2054,2054
verify,8,1,1619,2060,2060
verify,8,1,1620,2090,2090
verify,8,1,1621,2060,2060
verify,8,1,1622,2050,2050
verify,8,1,1623,2048,2048
verify,8,1,1624,2062,2062
verify,8,1,1625,2054,2054
verify,8,1,1626,2018,2018
verify,8,1,1627,2070,2070
verify,8,1,1628,2060,2060
verify,8,1,1629,2046,2046
verify,8,1,1630,2126,2126
verify,8,1,1631,2034,2034
verify,8,1,1632,2020,2020
verify,8,1,1633,2052,2052
verify,8,1,1634,2038,2038
verify,8,1,1635,2062,2062
verify,8,1,1636,2034,2034
verify,8,1,1637,2052,2052
verify,8,1,1638,2052,2052
verify,8,1,1639,2060,2060
verify,8,1,1640,2092,2092
verify,8,1,1641,2064,2064
verify,8,1,1642,2070,2070
verify,8,1,1643,2074,2074
verify,8,1,1644,2060,2060
verify,8,1,1645,2062,2062
verify,8,1,1646,2058,2058
verify,8,1,1647,2082,2082
verify,8,1,1648,2080,2080
verify,8,1,1649,2058,2058
verify,8,1,1650,2078,2078
verify,8,1,1651,2060,2060
verify,8,1,1652,2062,2062
verify,8,1,1653,2066,2066
verify,8,1,1654,2048,2048
verify,8,1,1655,2038,2038
verify,8,1,1656,2048,2048
verify,8,1,1657,2050,2050
verify,8,1,1658,2040,2040
verify,8,1,1659,2062,2062
verify,8,1,1660,2028,2028
verify,8,1,1661,2040,2040
verify,8,1,1662,2054,2054
verify,8,1,1663,2064,2064
verify,8,1,1664,2066,2066
verify,8,1,1665,2064,2064
verify,8,1,1666,2042,2042
verify,8,1,1667,2050,2050
verify,8,1,1668,2060,2060
verify,8,1,1669,2052,2052
verify,8,1,1670,2070,2070
verify,8,1,1671,2100,2100
verify,8,1,1672,2070,2070
verify,8,1,1673,2100,2100
verify,8,1,1674,2058,2058
verify,8,1,1675,2046,2046
verify,8,1,1676,2042,2042
verify,8,1,1677,2056,2056
verify,8,1,1678,2060,2060
verify,8,1,1679,2050,2050
verify,8,1,1680,2070,2070
verify,8,1,1681,2062,2062
verify,8,1,1682,2070,2070
verify,8,1,1683,2074,2074
verify,8,1,1684,2078,2078
verify,8,1,1685,2068,2068
verify,8,1,1686,2090,2090
verify,8,1,1687,2096,2096
verify,8,1,1688,2044,2044
verify,8,1,1689,2062,2062
verify,8,1,1690,2052,2052
verify,8,1,1691,2052,2052
verify,8,1,1692,2046,2046
verify,8,1,1693,2062,2062
verify,8,1,1694,2046,2046
verify,8,1,1695,2056,2056
verify,8,1,1696,2030,2030
verify,8,1,1697,2042,2042
verify,8,1,1698,2102,2102
verify,8,1,1699,2058,2058
verify,8,1,1700,2034,2034
verify,8,1,1701,2066,2066
verify,8,1,1702,2036,2036
verify,8,1,1703,2042,2042
verify,8,1,1704,2064,2064
verify,8,1,1705,2052,2052
verify,8,1,1706,2032,2032
verify,8,1,1707,2056,2056
verify,8,1,1708,2064,2064
verify,8,1,1709,2066,2066
verify,8,1,1710,2052,2052
verify,8,1,1711,2066,2066
verify,8,1,1712,2062,2062
verify,8,1,1713,2056,2056
verify,8,1,1714,2096,2096
verify,8,1,1715,2046,2046
verify,8,1,1716,2062,2062
verify,8,1,1717,2050,2050
verify,8,1,1718,2044,2044
verify,8,1,1719,2072,2072
verify,8,1,1720,2064,2064
verify,8,1,1721,2040,2040
verify,8,1,1722,2060,2060
verify,8,1,1723,2054,2054
verify,8,1,1724,2042,2042
verify,8,1,1725,2078,2078
verify,8,1,1726,2050,2050
verify,8,1,1727,2058,2058
verify,8,1,1728,2054,2054
verify,8,1,1729,2038,2038
verify,8,1,1730,2112,2112
verify,8,1,1731,2052,2052
verify,8,1,1732,2038,2038
verify,8,1,1733,2058,2058
verify,8,1,1734,2030,2030
verify,8,1,1735,2078,2078
verify,8,1,1736,2042,2042
verify,8,1,1737,2064,2064
verify,8,1,1738,2076,2076
verify,8,1,1739,2064,2064
verify,8,1,1740,2098,2098
verify,8,1,1741,2118,2118
verify,8,1,1742,2050,2050
verify,8,1,1743,2056,2056
verify,8,1,1744,2128,2128
verify,8,1,1745,7498,7498
verify,8,1,1746,2098,2098
verify,8,1,1747,2064,2064
verify,8,1,1748,2058,2058
verify,8,1,1749,2070,2070
verify,8,1,1750,2058,2058
verify,8,1,1751,2048,2048
verify,8,1,1752,2078,2078
verify,8,1,1753,2054,2054
verify,8,1,1754,2088,2088
verify,8,1,1755,2046,2046
verify,8,1,1756,2078,2078
verify,8,1,1757,2124,2124
verify,8,1,1758,2082,2082
verify,8,1,1759,2050,2050
verify,8,1,1760,2060,2060
verify,8,1,1761,2044,2044
verify,8,1,1762,2038,2038
verify,8,1,1763,2112,2112
verify,8,1,1764,2060,2060
verify,8,1,1765,2040,2040
verify,8,1,1766,2074,2074
verify,8,1,1767,2052,2052
verify,8,1,1768,2078,2078
verify,8,1,1769,2056,2056
verify,8,1,1770,2064,2064
verify,8,1,1771,2076,2076
verify,8,1,1772,2092,2092
verify,8,1,1773,2054,2054
verify,8,1,1774,2052,2052
verify,8,1,1775,2032,2032
verify,8,1,1776,2082,2082
verify,8,1,1777,2060,2060
verify,8,1,1778,2062,2062
verify,8,1,1779,2028,2028
verify,8,1,1780,2038,2038
verify,8,1,1781,2088,2088
verify,8,1,1782,2032,2032
verify,8,1,1783,2130,2130
verify,8,1,1784,2060,2060
verify,8,1,1785,2064,2064
verify,8,1,1786,2100,2100
verify,8,1,1787,2060,2060
verify,8,1,1788,2026,2026
verify,8,1,1789,2054,2054
verify,8,1,1790,2056,2056
verify,8,1,1791,2060,2060
verify,8,1,1792,2046,2046
verify,8,1,1793,2054,2054
verify,8,1,1794,2072,2072
verify,8,1,1795,2072,2072
verify,8,1,1796,2082,2082
verify,8,1,1797,2058,2058
verify,8,1,1798,2060,2060
verify,8,1,1799,2070,2070
verify,8,1,1800,2106,2106
verify,8,1,1801,2040,2040
verify,8,1,1802,2078,2078
verify,8,1,1803,2076,2076
verify,8,1,1804,2070,2070
verify,8,1,1805,2062,2062
verify,8,1,1806,2062,2062
verify,8,1,1807,2052,2052
verify,8,1,1808,2046,2046
verify,8,1,1809,2100,2100
verify,8,1,1810,2058,2058
verify,8,1,1811,2070,2070
verify,8,1,1812,2050,2050
verify,8,1,1813,2108,2108
verify,8,1,1814,2108,2108
verify,8,1,1815,2042,2042
verify,8,1,1816,2060,2060
verify,8,1,1817,2036,2036
verify,8,1,1818,2040,2040
verify,8,1,1819,2030,2030
verify,8,1,1820,2044,2044
verify,8,1,1821,2072,2072
verify,8,1,1822,2042,2042
verify,8,1,1823,2058,2058
verify,8,1,1824,2080,2080
verify,8,1,1825,2086,2086
verify,8,1,1826,2044,2044
verify,8,1,1827,2054,2054
verify,8,1,1828,2030,2030
verify,8,1,1829,2072,2072
verify,8,1,1830,2044,2044
verify,8,1,1831,2100,2100
verify,8,1,1832,2076,2076
verify,8,1,1833,2078,2078
verify,8,1,1834,2050,2050
verify,8,1,1835,2064,2064
verify,8,1,1836,2100,2100
verify,8,1,1837,2044,2044
verify,8,1,1838,2096,2096
verify,8,1,1839,2034,2034
verify,8,1,1840,2062,2062
verify,8,1,1841,2046,2046
verify,8,1,1842,2108,2108
verify,8,1,1843,2072,2072
verify,8,1,1844,2050,2050
verify,8,1,1845,2052,2052
verify,8,1,1846,2046,2046
verify,8,1,1847,2082,2082
verify,8,1,1848,2066,2066
verify,8,1,1849,2074,2074
verify,8,1,1850,2068,2068
verify,8,1,1851,2056,2056
verify,8,1,1852,2056,2056
verify,8,1,1853,2068,2068
verify,8,1,1854,2062,2062
verify,8,1,1855,2068,2068
verify,8,1,1856,2058,2058
verify,8,1,1857,2064,2064
verify,8,1,1858,2058,2058
verify,8,1,1859,2074,2074
verify,8,1,1860,2098,2098
verify,8,1,1861,2096,2096
verify,8,1,1862,2064,2064
verify,8,1,1863,2062,2062
verify,8,1,1864,2066,2066
verify,8,1,1865,2074,2074
verify,8,1,1866,2054,2054
verify,8,1,1867,2054,2054
verify,8,1,1868,2070,2070
verify,8,1,1869,2054,2054
verify,8,1,1870,2056,2056
verify,8,1,1871,2070,2070
verify,8,1,1872,2048,2048
verify,8,1,1873,2040,2040
verify,8,1,1874,2094,2094
verify,8,1,1875,2054,2054
verify,8,1,1876,2090,2090
verify,8,1,1877,2064,2064
verify,8,1,1878,2104,2104
verify,8,1,1879,2086,2086
verify,8,1,1880,2070,2070
verify,8,1,1881,2054,2054
verify,8,1,1882,2080,2080
verify,8,1,1883,2082,2082
verify,8,1,1884,2072,2072
verify,8,1,1885,2062,2062
verify,8,1,1886,2070,2070
verify,8,1,1887,2068,2068
verify,8,1,1888,2062,2062
verify,8,1,1889,2054,2054
verify,8,1,1890,2078,2078
verify,8,1,1891,2112,2112
verify,8,1,1892,2080,2080
verify,8,1,1893,2062,2062
verify,8,1,1894,2054,2054
verify,8,1,1895,2064,2064
verify,8,1,1896,2060,2060
verify,8,1,1897,2100,2100
verify,8,1,1898,2030,2030
verify,8,1,1899,2098,2098
verify,8,1,1900,2052,2052
verify,8,1,1901,2072,2072
verify,8,1,1902,2056,2056
verify,8,1,1903,2058,2058
verify,8,1,1904,2086,2086
verify,8,1,1905,2042,2042
verify,8,1,1906,2060,2060
verify,8,1,1907,2060,2060
verify,8,1,1908,2050,2050
verify,8,1,1909,2070,2070
verify,8,1,1910,2058,2058
verify,8,1,1911,2060,2060
verify,8,1,1912,2062,2062
verify,8,1,1913,2114,2114
verify,8,1,1914,2114,2114
verify,8,1,1915,2068,2068
verify,8,1,1916,2060,2060
verify,8,1,1917,2042,2042
verify,8,1,1918,2048,2048
verify,8,1,1919,2040,2040
verify,8,1,1920,2046,2046
verify,8,1,1921,2066,2066
verify,8,1,1922,2054,2054
verify,8,1,1923,2032,2032
verify,8,1,1924,2050,2050
verify,8,1,1925,2044,2044
verify,8,1,1926,2040,2040
verify,8,1,1927,2062,2062
verify,8,1,1928,2050,2050
verify,8,1,1929,2060,2060
verify,8,1,1930,2086,2086
verify,8,1,1931,2054,2054
verify,8,1,1932,2050,2050
verify,8,1,1933,2070,2070
verify,8,1,1934,2072,2072
verify,8,1,1935,2036,2036
verify,8,1,1936,2062,2062
verify,8,1,1937,2092,2092
verify,8,1,1938,2072,2072
verify,8,1,1939,2070,2070
verify,8,1,1940,2060,2060
verify,8,1,1941,2064,2064
verify,8,1,1942,2108,2108
verify,8,1,1943,2080,2080
verify,8,1,1944,2044,2044
verify,8,1,1945,2044,2044
verify,8,1,1946,2078,2078
verify,8,1,1947,2066,2066
verify,8,1,1948,2072,2072
verify,8,1,1949,2108,2108
verify,8,1,1950,2050,2050
verify,8,1,1951,2060,2060
verify,8,1,1952,2064,2064
verify,8,1,1953,2032,2032
verify,8,1,1954,2046,2046
verify,8,1,1955,2038,2038
verify,8,1,1956,2072,2072
verify,8,1,1957,2038,2038
verify,8,1,1958,2054,2054
verify,8,1,1959,2038,2038
verify,8,1,1960,2052,2052
verify,8,1,1961,2070,2070
verify,8,1,1962,2054,2054
verify,8,1,1963,2046,2046
verify,8,1,1964,2074,2074
verify,8,1,1965,2086,2086
verify,8,1,1966,2058,2058
verify,8,1,1967,2058,2058
verify,8,1,1968,2076,2076
verify,8,1,1969,2036,2036
verify,8,1,1970,2062,2062
verify,8,1,1971,2088,2088
verify,8,1,1972,2032,2032
verify,8,1,1973,2062,2062
verify,8,1,1974,2056,2056
verify,8,1,1975,2106,2106
verify,8,1,1976,2062,2062
verify,8,1,1977,2060,2060
verify,8,1,1978,2066,2066
verify,8,1,1979,2082,2082
verify,8,1,1980,2056,2056
verify,8,1,1981,2104,2104
verify,8,1,1982,2056,2056
verify,8,1,1983,2058,2058
verify,8,1,1984,2056,2056
verify,8,1,1985,2060,2060
verify,8,1,1986,2060,2060
verify,8,1,1987,2106,2106
verify,8,1,1988,2128,2128
verify,8,1,1989,2102,2102
verify,8,1,1990,2064,2064
verify,8,1,1991,2070,2070
verify,8,1,1992,2090,2090
verify,8,1,1993,2110,2110
verify,8,1,1994,2088,2088
verify,8,1,1995,2060,2060
verify,8,1,1996,2072,2072
verify,8,1,1997,2038,2038
verify,8,1,1998,2050,2050
verify,8,1,1999,2036,2036
verify,8,1,2000,2070,2070
protect,20,2,1,2992,2992
protect,20,2,2,2964,2964
protect,20,2,3,3000,3000
protect,20,2,4,2984,2984
protect,20,2,5,2976,2976
protect,20,2,6,3022,3022
protect,20,2,7,2998,2998
protect,20,2,8,2970,2970
protect,20,2,9,2964,2964
protect,20,2,10,2974,2974
protect,20,2,11,2962,2962
protect,20,2,12,2976,2976
protect,20,2,13,2966,2966
protect,20,2,14,2962,2962
protect,20,2,15,2958,2958
protect,20,2,16,3022,3022
protect,20,2,17,2974,2974
protect,20,2,18,2976,2976
protect,20,2,19,3002,3002
protect,20,2,20,2976,2976
protect,20,2,21,2958,2958
protect,20,2,22,3018,3018
protect,20,2,23,2994,2994
protect,20,2,24,2988,2988
protect,20,2,25,3046,3046
protect,20,2,26,3018,3018
protect,20,2,27,3000,3000
protect,20,2,28,2976,2976
protect,20,2,29,2980,2980
protect,20,2,30,2958,2958
protect,20,2,31,2944,2944
protect,20,2,32,2972,2972
protect,20,2,33,2962,2962
protect,20,2,34,2962,2962
protect,20,2,35,2980,2980
protect,20,2,36,2970,2970
protect,20,2,37,2956,2956
protect,20,2,38,3066,3066
protect,20,2,39,3072,3072
protect,20,2,40,2996,2996
protect,20,2,41,2982,2982
protect,20,2,42,2976,2976
protect,20,2,43,2986,2986
protect,20,2,44,3014,3014
protect,20,2,45,2994,2994
protect,20,2,46,2990,2990
protect,20,2,47,2972,2972
protect,20,2,48,2952,2952
protect,20,2,49,2994,2994
protect,20,2,50,2970,2970
protect,20,2,51,2992,2992
protect,20,2,52,3076,3076
protect,20,2,53,2958,2958
protect,20,2,54,3000,3000
protect,20,2,55,2980,2980
protect,20,2,56,2992,2992
protect,20,2,57,2992,2992
protect,20,2,58,2968,2968
protect,20,2,59,3002,3002
protect,20,2,60,2970,2970
protect,20,2,61,3124,3124
protect,20,2,62,2988,2988
protect,20,2,63,3024,3024
protect,20,2,64,3032,3032
protect,20,2,65,3018,3018
protect,20,2,66,3006,3006
protect,20,2,67,3032,3032
protect,20,2,68,2986,2986
protect,20,2,69,3014,3014
protect,20,2,70,3004,3004
protect,20,2,71,3006,3006
protect,20,2,72,3006,3006
protect,20,2,73,3004,3004
protect,20,2,74,2982,2982
protect,20,2,75,2990,2990
protect,20,2,76,3008,3008
protect,20,2,77,3016,3016
protect,20,2,78,3018,3018
protect,20,2,79,2990,2990
protect,20,2,80,3000,3000
protect,20,2,81,2986,2986
protect,20,2,82,3142,3142
protect,20,2,83,3004,3004
protect,20,2,84,2984,2984
protect,20,2,85,3020,3020
protect,20,2,86,3004,3004
protect,20,2,87,2988,2988
protect,20,2,88,2994,2994
protect,20,2,89,3032,3032
protect,20,2,90,2988,2988
protect,20,2,91,2996,2996
protect,20,2,92,2988,2988
protect,20,2,93,2980,2980
protect,20,2,94,2986,2986
protect,20,2,95,3018,3018
protect,20,2,96,3012,3012
protect,20,2,97,3000,3000
protect,20,2,98,3002,3002
protect,20,2,99,3022,3022
protect,20,2,100,2996,2996
protect,20,2,101,3006,3006
protect,20,2,102,3000,3000
protect,20,2,103,2988,2988
protect,20,2,104,3032,3032
protect,20,2,105,2992,2992
protect,20,2,106,3024,3024
protect,20,2,107,2972,2972
protect,20,2,108,2982,2982
protect,20,2,109,2996,2996
protect,20,2,110,2950,2950
protect,20,2,111,2968,2968
protect,20,2,112,2988,2988
protect,20,2,113,2990,2990
protect,20,2,114,2992,2992
protect,20,2,115,3004,3004
protect,20,2,116,2992,2992
protect,20,2,117,3082,3082
protect,20,2,118,3000,3000
protect,20,2,119,3006,3006
protect,20,2,120,3002,3002
protect,20,2,121,3048,3048
protect,20,2,122,3052,3052
protect,20,2,123,3030,3030
protect,20,2,124,3002,3002
protect,20,2,125,3000,3000
protect,20,2,126,3024,3024
protect,20,2,127,2998,2998
protect,20,2,128,3010,3010
protect,20,2,129,2998,2998
protect,20,2,130,3014,3014
protect,20,2,131,2998,2998
protect,20,2,132,2998,2998
protect,20,2,133,3000,3000
protect,20,2,134,3028,3028
protect,20,2,135,3004,3004
protect,20,2,136,2986,2986
protect,20,2,137,3012,3012
protect,20,2,138,2998,2998
protect,20,2,139,2998,2998
protect,20,2,140,2998,2998
protect,20,2,141,2998,2998
protect,20,2,142,3048,3048
protect,20,2,143,3032,3032
protect,20,2,144,2952,2952
protect,20,2,145,3032,3032
protect,20,2,146,2972,2972
protect,20,2,147,2974,2974
protect,20,2,148,3006,3006
protect,20,2,149,3074,3074
protect,20,2,150,2994,2994
protect,20,2,151,2978,2978
protect,20,2,152,2954,2954
protect,20,2,153,2986,2986
protect,20,2,154,2928,2928
protect,20,2,155,3016,3016
protect,20,2,156,3036,3036
protect,20,2,157,2966,2966
protect,20,2,158,2968,2968
protect,20,2,159,2974,2974
protect,20,2,160,2968,2968
protect,20,2,161,3092,3092
protect,20,2,162,2992,2992
protect,20,2,163,2982,2982
protect,20,2,164,2964,2964
protect,20,2,165,3042,3042
protect,20,2,166,2990,2990
protect,20,2,167,2980,2980
protect,20,2,168,2980,2980
protect,20,2,169,2966,2966
protect,20,2,170,2970,2970
protect,20,2,171,2958,2958
protect,20,2,172,2988,2988
protect,20,2,173,2984,2984
protect,20,2,174,3018,3018
protect,20,2,175,3092,3092
protect,20,2,176,2970,2970
protect,20,2,177,3004,3004
protect,20,2,178,2960,2960
protect,20,2,179,2964,2964
protect,20,2,180,2970,2970
protect,20,2,181,2980,2980
protect,20,2,182,2972,2972
protect,20,2,183,3010,3010
protect,20,2,184,2984,2984
protect,20,2,185,2964,2964
protect,20,2,186,3036,3036
protect,20,2,187,2964,2964
protect,20,2,188,2988,2988
protect,20,2,189,2946,2946
protect,20,2,190,2962,2962
protect,20,2,191,2936,2936
protect,20,2,192,2966,2966
protect,20,2,193,8390,8390
protect,20,2,194,2964,2964
protect,20,2,195,2994,2994
protect,20,2,196,2962,2962
protect,20,2,197,3000,3000
protect,20,2,198,2988,2988
protect,20,2,199,3028,3028
protect,20,2,200,2984,2984
protect,20,2,201,2958,2958
protect,20,2,202,2940,2940
protect,20,2,203,2966,2966
protect,20,2,204,2964,2964
protect,20,2,205,2982,2982
protect,20,2,206,3006,3006
protect,20,2,207,3016,3016
protect,20,2,208,3046,3046
protect,20,2,209,2986,2986
protect,20,2,210,2976,2976
protect,20,2,211,2956,2956
protect,20,2,212,2970,2970
protect,20,2,213,2984,2984
protect,20,2,214,3072,3072
protect,20,2,215,2964,2964
protect,20,2,216,3036,3036
protect,20,2,217,2962,2962
protect,20,2,218,2970,2970
protect,20,2,219,2924,2924
protect,20,2,220,2958,2958
protect,20,2,221,2980,2980
protect,20,2,222,2938,2938
protect,20,2,223,2996,2996
protect,20,2,224,2950,2950
protect,20,2,225,2930,2930
protect,20,2,226,2952,2952
protect,20,2,227,2976,2976
protect,20,2,228,2948,2948
protect,20,2,229,2936,2936
protect,20,2,230,2954,2954
protect,20,2,231,2962,2962
protect,20,2,232,2942,2942
protect,20,2,233,3006,3006
protect,20,2,234,2984,2984
protect,20,2,235,3016,3016
protect,20,2,236,2966,2966
protect,20,2,237,2954,2954
protect,20,2,238,3024,3024
protect,20,2,239,2962,2962
protect,20,2,240,2942,2942
protect,20,2,241,2992,2992
protect,20,2,242,2908,2908
protect,20,2,243,2968,2968
protect,20,2,244,2962,2962
protect,20,2,245,2946,2946
protect,20,2,246,2972,2972
protect,20,2,247,2984,2984
protect,20,2,248,2984,2984
protect,20,2,249,2948,2948
protect,20,2,250,2966,2966
protect,20,2,251,2966,2966
protect,20,2,252,2990,2990
protect,20,2,253,2968,2968
protect,20,2,254,2942,2942
protect,20,2,255,2958,2958
protect,20,2,256,3020,3020
protect,20,2,257,2968,2968
protect,20,2,258,2970,2970
protect,20,2,259,2940,2940
protect,20,2,260,2924,2924
protect,20,2,261,3016,3016
protect,20,2,262,2962,2962
protect,20,2,263,2938,2938
protect,20,2,264,2964,2964
protect,20,2,265,2940,2940
protect,20,2,266,2946,2946
protect,20,2,267,2972,2972
protect,20,2,268,2948,2948
protect,20,2,269,2994,2994
protect,20,2,270,2940,2940
protect,20,2,271,2944,2944
protect,20,2,272,2954,2954
protect,20,2,273,3006,3006
protect,20,2,274,2984,2984
protect,20,2,275,2950,2950
protect,20,2,276,2970,2970
protect,20,2,277,3042,3042
protect,20,2,278,2950,2950
protect,20,2,279,2986,2986
protect,20,2,280,2946,2946
protect,20,2,281,2988,2988
protect,20,2,282,2942,2942
protect,20,2,283,2966,2966
protect,20,2,284,2936,2936
protect,20,2,285,2926,2926
protect,20,2,286,3026,3026
protect,20,2,287,2980,2980
protect,20,2,288,2992,2992
protect,20,2,289,2918,2918
protect,20,2,290,2952,2952
protect,20,2,291,2984,2984
protect,20,2,292,2946,2946
protect,20,2,293,2982,2982
protect,20,2,294,2990,2990
protect,20,2,295,2948,2948
protect,20,2,296,2940,2940
protect,20,2,297,3032,3032
protect,20,2,298,2974,2974
protect,20,2,299,2938,2938
protect,20,2,300,2958,2958
protect,20,2,301,2948,2948
protect,20,2,302,3022,3022
protect,20,2,303,2948,2948
protect,20,2,304,3004,3004
protect,20,2,305,2954,2954
protect,20,2,306,2946,2946
protect,20,2,307,3018,3018
protect,20,2,308,2938,2938
protect,20,2,309,2984,2984
protect,20,2,310,2972,2972
protect,20,2,311,2930,2930
protect,20,2,312,3012,3012
protect,20,2,313,2974,2974
protect,20,2,314,2958,2958
protect,20,2,315,2976,2976
protect,20,2,316,2982,2982
protect,20,2,317,2996,2996
protect,20,2,318,2970,2970
protect,20,2,319,2968,2968
protect,20,2,320,2982,2982
protect,20,2,321,2978,2978
protect,20,2,322,2928,2928
protect,20,2,323,3000,3000
protect,20,2,324,2940,2940
protect,20,2,325,2918,2918
protect,20,2,326,2994,2994
protect,20,2,327,2940,2940
protect,20,2,328,2938,2938
protect,20,2,329,2942,2942
protect,20,2,330,2978,2978
protect,20,2,331,3012,3012
protect,20,2,332,2964,2964
protect,20,2,333,2986,2986
protect,20,2,334,2948,2948
protect,20,2,335,2958,2958
protect,20,2,336,3016,3016
protect,20,2,337,2948,2948
protect,20,2,338,2972,2972
protect,20,2,339,2914,2914
protect,20,2,340,2966,2966
protect,20,2,341,2940,2940
protect,20,2,342,2954,2954
protect,20,2,343,2956,2956
protect,20,2,344,3008,3008
protect,20,2,345,2962,2962
protect,20,2,346,2938,2938
protect,20,2,347,2944,2944
protect,20,2,348,2944,2944
protect,20,2,349,2932,2932
protect,20,2,350,2950,2950
protect,20,2,351,2990,2990
protect,20,2,352,2920,2920
protect,20,2,353,2932,2932
protect,20,2,354,3004,3004
protect,20,2,355,2930,2930
protect,20,2,356,2972,2972
protect,20,2,357,2958,2958
protect,20,2,358,2936,2936
protect,20,2,359,3026,3026
protect,20,2,360,2936,2936
protect,20,2,361,2962,2962
protect,20,2,362,2936,2936
protect,20,2,363,2936,2936
protect,20,2,364,3010,3010
protect,20,2,365,2964,2964
protect,20,2,366,3002,3002
protect,20,2,367,3040,3040
protect,20,2,368,2956,2956
protect,20,2,369,2960,2960
protect,20,2,370,2952,2952
protect,20,2,371,2974,2974
protect,20,2,372,2948,2948
protect,20,2,373,2950,2950
protect,20,2,374,2940,2940
protect,20,2,375,2964,2964
protect,20,2,376,2966,2966
protect,20,2,377,2980,2980
protect,20,2,378,2924,2924
protect,20,2,379,2938,2938
protect,20,2,380,2942,2942
protect,20,2,381,2998,2998
protect,20,2,382,2962,2962
protect,20,2,383,2952,2952
protect,20,2,384,2992,2992
protect,20,2,385,2958,2958
protect,20,2,386,2938,2938
protect,20,2,387,2938,2938
protect,20,2,388,2968,2968
protect,20,2,389,2950,2950
protect,20,2,390,2980,2980
protect,20,2,391,2956,2956
protect,20,2,392,2954,2954
protect,20,2,393,2982,2982
protect,20,2,394,2966,2966
protect,20,2,395,3024,3024
protect,20,2,396,2954,2954
protect,20,2,397,2998,2998
protect,20,2,398,2924,2924
protect,20,2,399,3004,3004
protect,20,2,400,2988,2988
protect,20,2,401,2996,2996
protect,20,2,402,2932,2932
protect,20,2,403,2956,2956
protect,20,2,404,2944,2944
protect,20,2,405,2966,2966
protect,20,2,406,2976,2976
protect,20,2,407,3048,3048
protect,20,2,408,2958,2958
protect,20,2,409,2966,2966
protect,20,2,410,2950,2950
protect,20,2,411,2992,2992
protect,20,2,412,2944,2944
protect,20,2,413,2938,2938
protect,20,2,414,2956,2956
protect,20,2,415,2956,2956
protect,20,2,416,3064,3064
protect,20,2,417,2970,2970
protect,20,2,418,2980,2980
protect,20,2,419,3024,3024
protect,20,2,420,2970,2970
protect,20,2,421,2976,2976
protect,20,2,422,3022,3022
protect,20,2,423,2958,2958
protect,20,2,424,2976,2976
protect,20,2,425,2962,2962
protect,20,2,426,2956,2956
protect,20,2,427,3006,3006
protect,20,2,428,2940,2940
protect,20,2,429,3034,3034
protect,20,2,430,2982,2982
protect,20,2,431,2970,2970
protect,20,2,432,3004,3004
protect,20,2,433,2978,2978
protect,20,2,434,2940,2940
protect,20,2,435,2950,2950
protect,20,2,436,3016,3016
protect,20,2,437,2972,2972
protect,20,2,438,3002,3002
protect,20,2,439,3048,3048
protect,20,2,440,2944,2944
protect,20,2,441,2948,2948
protect,20,2,442,2938,2938
protect,20,2,443,2924,2924
protect,20,2,444,2980,2980
protect,20,2,445,2936,2936
protect,20,2,446,2942,2942
protect,20,2,447,2960,2960
protect,20,2,448,2954,2954
protect,20,2,449,2990,2990
protect,20,2,450,2986,2986
protect,20,2,451,2948,2948
protect,20,2,452,2948,2948
protect,20,2,453,3000,3000
protect,20,2,454,3010,3010
protect,20,2,455,2944,2944
protect,20,2,456,2974,2974
protect,20,2,457,3026,3026
protect,20,2,458,2958,2958
protect,20,2,459,3020,3020
protect,20,2,460,2976,2976
protect,20,2,461,2972,2972
protect,20,2,462,2954,2954
protect,20,2,463,2924,2924
protect,20,2,464,2946,2946
protect,20,2,465,2974,2974
protect,20,2,466,2978,2978
protect,20,2,467,2994,2994
protect,20,2,468,2954,2954
protect,20,2,469,2934,2934
protect,20,2,470,2914,2914
protect,20,2,471,2940,2940
protect,20,2,472,2948,2948
protect,20,2,473,3008,3008
protect,20,2,474,2936,2936
protect,20,2,475,3018,3018
protect,20,2,476,2980,2980
protect,20,2,477,3022,3022
protect,20,2,478,3018,3018
protect,20,2,479,2956,2956
protect,20,2,480,2954,2954
protect,20,2,481,3006,3006
protect,20,2,482,2994,2994
protect,20,2,483,2960,2960
protect,20,2,484,2960,2960
protect,20,2,485,2946,2946
protect,20,2,486,2940,2940
protect,20,2,487,3008,3008
protect,20,2,488,2954,2954
protect,20,2,489,3004,3004
protect,20,2,490,3008,3008
protect,20,2,491,2994,2994
protect,20,2,492,2972,2972
protect,20,2,493,2948,2948
protect,20,2,494,2994,2994
protect,20,2,495,3120,3120
protect,20,2,496,3004,3004
protect,20,2,497,2978,2978
protect,20,2,498,2958,2958
protect,20,2,499,3052,3052
protect,20,2,500,2964,2964
protect,20,2,501,2924,2924
protect,20,2,502,2992,2992
protect,20,2,503,2940,2940
protect,20,2,504,2946,2946
protect,20,2,505,2928,2928
protect,20,2,506,2970,2970
protect,20,2,507,2992,2992
protect,20,2,508,2946,2946
protect,20,2,509,2952,2952
protect,20,2,510,2932,2932
protect,20,2,511,3018,3018
protect,20,2,512,2966,2966
protect,20,2,513,3004,3004
protect,20,2,514,2974,2974
protect,20,2,515,2954,2954
protect,20,2,516,2958,2958
protect,20,2,517,3014,3014
protect,20,2,518,3040,3040
protect,20,2,519,2992,2992
protect,20,2,520,3016,3016
protect,20,2,521,3062,3062
protect,20,2,522,2992,2992
protect,20,2,523,2960,2960
protect,20,2,524,2976,2976
protect,20,2,525,3026,3026
protect,20,2,526,2982,2982
protect,20,2,527,2972,2972
protect,20,2,528,2982,2982
protect,20,2,529,2976,2976
protect,20,2,530,3048,3048
protect,20,2,531,2982,2982
protect,20,2,532,3010,3010
protect,20,2,533,3016,3016
protect,20,2,534,3048,3048
protect,20,2,535,3006,3006
protect,20,2,536,2950,2950
protect,20,2,537,2968,2968
protect,20,2,538,2972,2972
protect,20,2,539,2984,2984
protect,20,2,540,2966,2966
protect,20,2,541,3012,3012
protect,20,2,542,2982,2982
protect,20,2,543,2972,2972
protect,20,2,544,2970,2970
protect,20,2,545,2966,2966
protect,20,2,546,2988,2988
protect,20,2,547,2974,2974
protect,20,2,548,2972,2972
protect,20,2,549,3008,3008
protect,20,2,550,2980,2980
protect,20,2,551,3004,3004
protect,20,2,552,2966,2966
protect,20,2,553,2982,2982
protect,20,2,554,2990,2990
protect,20,2,555,3044,3044
protect,20,2,556,2964,2964
protect,20,2,557,3034,3034
protect,20,2,558,2990,2990
protect,20,2,559,2996,2996
protect,20,2,560,2992,2992
protect,20,2,561,2988,2988
protect,20,2,562,2954,2954
protect,20,2,563,2960,2960
protect,20,2,564,2946,2946
protect,20,2,565,2972,2972
protect,20,2,566,3000,3000
protect,20,2,567,2974,2974
protect,20,2,568,2972,2972
protect,20,2,569,3070,3070
protect,20,2,570,2988,2988
protect,20,2,571,3038,3038
protect,20,2,572,3028,3028
protect,20,2,573,3016,3016
protect,20,2,574,2992,2992
protect,20,2,575,2974,2974
protect,20,2,576,2992,2992
protect,20,2,577,3002,3002
protect,20,2,578,2970,2970
protect,20,2,579,2984,2984
protect,20,2,580,3036,3036
protect,20,2,581,2978,2978
protect,20,2,582,2996,2996
protect,20,2,583,2976,2976
protect,20,2,584,2988,2988
protect,20,2,585,2990,2990
protect,20,2,586,3018,3018
protect,20,2,587,3016,3016
protect,20,2,588,2990,2990
protect,20,2,589,3000,3000
protect,20,2,590,3026,3026
protect,20,2,591,3006,3006
protect,20,2,592,3002,3002
protect,20,2,593,2982,2982
protect,20,2,594,3014,3014
protect,20,2,595,2960,2960
protect,20,2,596,3008,3008
protect,20,2,597,2986,2986
protect,20,2,598,2956,2956
protect,20,2,599,2992,2992
protect,20,2,600,2980,2980
protect,20,2,601,2964,2964
protect,20,2,602,2974,2974
protect,20,2,603,2976,2976
protect,20,2,604,2996,2996
protect,20,2,605,2988,2988
protect,20,2,606,2990,2990
protect,20,2,607,3040,3040
protect,20,2,608,2978,2978
protect,20,2,609,2966,2966
protect,20,2,610,3064,3064
protect,20,2,611,2982,2982
protect,20,2,612,3002,3002
protect,20,2,613,2972,2972
protect,20,2,614,2996,2996
protect,20,2,615,2990,2990
protect,20,2,616,2952,2952
protect,20,2,617,2986,2986
protect,20,2,618,2982,2982
protect,20,2,619,2966,2966
protect,20,2,620,2958,2958
protect,20,2,621,2988,2988
protect,20,2,622,2964,2964
protect,20,2,623,2964,2964
protect,20,2,624,3018,3018
protect,20,2,625,2968,2968
protect,20,2,626,2966,2966
protect,20,2,627,2972,2972
protect,20,2,628,2982,2982
protect,20,2,629,2968,2968
protect,20,2,630,2980,2980
protect,20,2,631,3024,3024
protect,20,2,632,2988,2988
protect,20,2,633,2986,2986
protect,20,2,634,3010,3010
protect,20,2,635,2964,2964
protect,20,2,636,2980,2980
protect,20,2,637,2960,2960
protect,20,2,638,2994,2994
protect,20,2,639,3024,3024
protect,20,2,640,2970,2970
protect,20,2,641,2982,2982
protect,20,2,642,2984,2984
protect,20,2,643,2984,2984
protect,20,2,644,2950,2950
protect,20,2,645,2962,2962
protect,20,2,646,2972,2972
protect,20,2,647,2982,2982
protect,20,2,648,2994,2994
protect,20,2,649,2972,2972
protect,20,2,650,2982,2982
protect,20,2,651,2994,2994
protect,20,2,652,2998,2998
protect,20,2,653,2980,2980
protect,20,2,654,2974,2974
protect,20,2,655,2982,2982
protect,20,2,656,3000,3000
protect,20,2,657,3058,3058
protect,20,2,658,2988,2988
protect,20,2,659,3026,3026
protect,20,2,660,2966,2966
protect,20,2,661,2992,2992
protect,20,2,662,3008,3008
protect,20,2,663,2970,2970
protect,20,2,664,3056,3056
protect,20,2,665,2982,2982
protect,20,2,666,2972,2972
protect,20,2,667,3028,3028
protect,20,2,668,2962,2962
protect,20,2,669,3032,3032
protect,20,2,670,2962,2962
protect,20,2,671,3062,3062
protect,20,2,672,2976,2976
protect,20,2,673,2946,2946
protect,20,2,674,2958,2958
protect,20,2,675,2964,2964
protect,20,2,676,2946,2946
protect,20,2,677,2926,2926
protect,20,2,678,2960,2960
protect,20,2,679,3010,3010
protect,20,2,680,2962,2962
protect,20,2,681,2968,2968
protect,20,2,682,2986,2986
protect,20,2,683,2940,2940
protect,20,2,684,2952,2952
protect,20,2,685,3000,3000
protect,20,2,686,2968,2968
protect,20,2,687,2950,2950
protect,20,2,688,2986,2986
protect,20,2,689,2926,2926
protect,20,2,690,2942,2942
protect,20,2,691,2964,2964
protect,20,2,692,2954,2954
protect,20,2,693,2992,2992
protect,20,2,694,2980,2980
protect,20,2,695,3004,3004
protect,20,2,696,2962,2962
protect,20,2,697,2970,2970
protect,20,2,698,2960,2960
protect,20,2,699,2946,2946
protect,20,2,700,2998,2998
protect,20,2,701,2942,2942
protect,20,2,702,2938,2938
protect,20,2,703,2938,2938
protect,20,2,704,2978,2978
protect,20,2,705,2980,2980
protect,20,2,706,2938,2938
protect,20,2,707,3002,3002
protect,20,2,708,2988,2988
protect,20,2,709,3014,3014
protect,20,2,710,2984,2984
protect,20,2,711,2958,2958
protect,20,2,712,2930,2930
protect,20,2,713,2942,2942
protect,20,2,714,2982,2982
protect,20,2,715,2922,2922
protect,20,2,716,2994,2994
protect,20,2,717,2946,2946
protect,20,2,718,2956,2956
protect,20,2,719,2950,2950
protect,20,2,720,3022,3022
protect,20,2,721,2954,2954
protect,20,2,722,3008,3008
protect,20,2,723,2954,2954
protect,20,2,724,2982,2982
protect,20,2,725,2948,2948
protect,20,2,726,2946,2946
protect,20,2,727,2952,2952
protect,20,2,728,2964,2964
protect,20,2,729,2922,2922
protect,20,2,730,2948,2948
protect,20,2,731,2938,2938
protect,20,2,732,2994,2994
protect,20,2,733,2962,2962
protect,20,2,734,2928,2928
protect,20,2,735,2996,2996
protect,20,2,736,2960,2960
protect,20,2,737,2988,2988
protect,20,2,738,2964,2964
protect,20,2,739,2948,2948
protect,20,2,740,2976,2976
protect,20,2,741,2998,2998
protect,20,2,742,2910,2910
protect,20,2,743,2974,2974
protect,20,2,744,3002,3002
protect,20,2,745,2970,2970
protect,20,2,746,2950,2950
protect,20,2,747,2948,2948
protect,20,2,748,2940,2940
protect,20,2,749,2948,2948
protect,20,2,750,2990,2990
protect,20,2,751,2962,2962
protect,20,2,752,3026,3026
protect,20,2,753,2986,2986
protect,20,2,754,2970,2970
protect,20,2,755,2958,2958
protect,20,2,756,3032,3032
protect,20,2,757,2958,2958
protect,20,2,758,2926,2926
protect,20,2,759,3026,3026
protect,20,2,760,2968,2968
protect,20,2,761,2942,2942
protect,20,2,762,2972,2972
protect,20,2,763,2984,2984
protect,20,2,764,2958,2958
protect,20,2,765,2936,2936
protect,20,2,766,2990,2990
protect,20,2,767,2940,2940
protect,20,2,768,2936,2936
protect,20,2,769,2940,2940
protect,20,2,770,3032,3032
protect,20,2,771,2962,2962
protect,20,2,772,2976,2976
protect,20,2,773,2982,2982
protect,20,2,774,2958,2958
protect,20,2,775,2956,2956
protect,20,2,776,2952,2952
protect,20,2,777,2936,2936
protect,20,2,778,2944,2944
protect,20,2,779,2918,2918
protect,20,2,780,3010,3010
protect,20,2,781,2952,2952
protect,20,2,782,2960,2960
protect,20,2,783,2936,2936
protect,20,2,784,2936,2936
protect,20,2,785,2990,2990
protect,20,2,786,2942,2942
protect,20,2,787,2998,2998
protect,20,2,788,2950,2950
protect,20,2,789,2940,2940
protect,20,2,790,2942,2942
protect,20,2,791,2934,2934
protect,20,2,792,2976,2976
protect,20,2,793,2940,2940
protect,20,2,794,3012,3012
protect,20,2,795,2982,2982
protect,20,2,796,2946,2946
protect,20,2,797,3010,3010
protect,20,2,798,2956,2956
protect,20,2,799,2944,2944
protect,20,2,800,2952,2952
protect,20,2,801,2916,2916
protect,20,2,802,2938,2938
protect,20,2,803,2934,2934
protect,20,2,804,2982,2982
protect,20,2,805,2948,2948
protect,20,2,806,2956,2956
protect,20,2,807,2938,2938
protect,20,2,808,2940,2940
protect,20,2,809,2942,2942
protect,20,2,810,2936,2936
protect,20,2,811,2968,2968
protect,20,2,812,2994,2994
protect,20,2,813,2948,2948
protect,20,2,814,3002,3002
protect,20,2,815,2930,2930
protect,20,2,816,2934,2934
protect,20,2,817,2934,2934
protect,20,2,818,2940,2940
protect,20,2,819,2934,2934
protect,20,2,820,2928,2928
protect,20,2,821,2982,2982
protect,20,2,822,2970,2970
protect,20,2,823,3020,3020
protect,20,2,824,3046,3046
protect,20,2,825,3038,3038
protect,20,2,826,2978,2978
protect,20,2,827,2946,2946
protect,20,2,828,2976,2976
protect,20,2,829,3004,3004
protect,20,2,830,2946,2946
protect,20,2,831,2960,2960
protect,20,2,832,2928,2928
protect,20,2,833,2948,2948
protect,20,2,834,2948,2948
protect,20,2,835,2958,2958
protect,20,2,836,2956,2956
protect,20,2,837,3016,3016
protect,20,2,838,2980,2980
protect,20,2,839,2994,2994
protect,20,2,840,2988,2988
protect,20,2,841,3008,3008
protect,20,2,842,2958,2958
protect,20,2,843,2982,2982
protect,20,2,844,2974,2974
protect,20,2,845,2938,2938
protect,20,2,846,2940,2940
protect,20,2,847,2956,2956
protect,20,2,848,2940,2940
protect,20,2,849,2934,2934
protect,20,2,850,3036,3036
protect,20,2,851,2948,2948
protect,20,2,852,2930,2930
protect,20,2,853,2956,2956
protect,20,2,854,2936,2936
protect,20,2,855,2968,2968
protect,20,2,856,3026,3026
protect,20,2,857,2932,2932
protect,20,2,858,2962,2962
protect,20,2,859,2970,2970
protect,20,2,860,2946,2946
protect,20,2,861,3000,3000
protect,20,2,862,2972,2972
protect,20,2,863,2942,2942
protect,20,2,864,2936,2936
protect,20,2,865,2952,2952
protect,20,2,866,2938,2938
protect,20,2,867,3010,3010
protect,20,2,868,2950,2950
protect,20,2,869,2948,2948
protect,20,2,870,2998,2998
protect,20,2,871,2954,2954
protect,20,2,872,2932,2932
protect,20,2,873,2956,2956
protect,20,2,874,2946,2946
protect,20,2,875,2992,2992
protect,20,2,876,3002,3002
protect,20,2,877,2942,2942
protect,20,2,878,2972,2972
protect,20,2,879,2952,2952
protect,20,2,880,2938,2938
protect,20,2,881,2966,2966
protect,20,2,882,3002,3002
protect,20,2,883,2954,2954
protect,20,2,884,2972,2972
protect,20,2,885,2962,2962
protect,20,2,886,3006,3006
protect,20,2,887,2938,2938
protect,20,2,888,2946,2946
protect,20,2,889,2942,2942
protect,20,2,890,2990,2990
protect,20,2,891,2932,2932
protect,20,2,892,2948,2948
protect,20,2,893,2946,2946
protect,20,2,894,2950,2950
protect,20,2,895,2920,2920
protect,20,2,896,2970,2970
protect,20,2,897,2958,2958
protect,20,2,898,2958,2958
protect,20,2,899,2974,2974
protect,20,2,900,2964,2964
protect,20,2,901,2970,2970
protect,20,2,902,3008,3008
protect,20,2,903,3012,3012
protect,20,2,904,2942,2942
protect,20,2,905,2998,2998
protect,20,2,906,2968,2968
protect,20,2,907,2958,2958
protect,20,2,908,2970,2970
protect,20,2,909,2938,2938
protect,20,2,910,3022,3022
protect,20,2,911,2952,2952
protect,20,2,912,2978,2978
protect,20,2,913,2938,2938
protect,20,2,914,2968,2968
protect,20,2,915,2948,2948
protect,20,2,916,2948,2948
protect,20,2,917,2974,2974
protect,20,2,918,2944,2944
protect,20,2,919,2998,2998
protect,20,2,920,2946,2946
protect,20,2,921,2960,2960
protect,20,2,922,2946,2946
protect,20,2,923,2968,2968
protect,20,2,924,2958,2958
protect,20,2,925,2930,2930
protect,20,2,926,2994,2994
protect,20,2,927,3002,3002
protect,20,2,928,2970,2970
protect,20,2,929,2988,2988
protect,20,2,930,2932,2932
protect,20,2,931,2948,2948
protect,20,2,932,2954,2954
protect,20,2,933,2968,2968
protect,20,2,934,2956,2956
protect,20,2,935,2984,2984
protect,20,2,936,2972,2972
protect,20,2,937,2964,2964
protect,20,2,938,2940,2940
protect,20,2,939,2986,2986
protect,20,2,940,2960,2960
protect,20,2,941,3090,3090
protect,20,2,942,2972,2972
protect,20,2,943,2992,2992
protect,20,2,944,2944,2944
protect,20,2,945,2988,2988
protect,20,2,946,2972,2972
protect,20,2,947,2964,2964
protect,20,2,948,2974,2974
protect,20,2,949,2950,2950
protect,20,2,950,2924,2924
protect,20,2,951,2946,2946
protect,20,2,952,2988,2988
protect,20,2,953,2970,2970
protect,20,2,954,2984,2984
protect,20,2,955,3034,3034
protect,20,2,956,2972,2972
protect,20,2,957,2988,2988
protect,20,2,958,2964,2964
protect,20,2,959,2942,2942
protect,20,2,960,2982,2982
protect,20,2,961,2956,2956
protect,20,2,962,2942,2942
protect,20,2,963,2934,2934
protect,20,2,964,2964,2964
protect,20,2,965,2956,2956
protect,20,2,966,2968,2968
protect,20,2,967,2928,2928
protect,20,2,968,2924,2924
protect,20,2,969,2992,2992
protect,20,2,970,2982,2982
protect,20,2,971,2948,2948
protect,20,2,972,2908,2908
protect,20,2,973,2984,2984
protect,20,2,974,2966,2966
protect,20,2,975,2966,2966
protect,20,2,976,2992,2992
protect,20,2,977,2938,2938
protect,20,2,978,2954,2954
protect,20,2,979,2978,2978
protect,20,2,980,2938,2938
protect,20,2,981,2948,2948
protect,20,2,982,3014,3014
protect,20,2,983,2950,2950
protect,20,2,984,2962,2962
protect,20,2,985,2956,2956
protect,20,2,986,2960,2960
protect,20,2,987,2950,2950
protect,20,2,988,2980,2980
protect,20,2,989,2950,2950
protect,20,2,990,3058,3058
protect,20,2,991,3002,3002
protect,20,2,992,2960,2960
protect,20,2,993,2946,2946
protect,20,2,994,2984,2984
protect,20,2,995,2986,2986
protect,20,2,996,2962,2962
protect,20,2,997,2936,2936
protect,20,2,998,2976,2976
protect,20,2,999,2958,2958
protect,20,2,1000,2920,2920
protect,20,2,1001,2968,2968
protect,20,2,1002,2908,2908
protect,20,2,1003,2992,2992
protect,20,2,1004,2984,2984
protect,20,2,1005,2944,2944
protect,20,2,1006,2920,2920
protect,20,2,1007,2950,2950
protect,20,2,1008,2950,2950
protect,20,2,1009,2972,2972
protect,20,2,1010,2946,2946
protect,20,2,1011,2940,2940
protect,20,2,1012,2974,2974
protect,20,2,1013,2960,2960
protect,20,2,1014,2968,2968
protect,20,2,1015,2966,2966
protect,20,2,1016,2980,2980
protect,20,2,1017,2970,2970
protect,20,2,1018,2944,2944
protect,20,2,1019,2954,2954
protect,20,2,1020,3002,3002
protect,20,2,1021,3064,3064
protect,20,2,1022,2964,2964
protect,20,2,1023,2936,2936
protect,20,2,1024,2916,2916
protect,20,2,1025,2948,2948
protect,20,2,1026,2994,2994
protect,20,2,1027,2952,2952
protect,20,2,1028,2970,2970
protect,20,2,1029,2936,2936
protect,20,2,1030,2938,2938
protect,20,2,1031,2966,2966
protect,20,2,1032,2988,2988
protect,20,2,1033,2944,2944
protect,20,2,1034,2952,2952
protect,20,2,1035,3014,3014
protect,20,2,1036,2920,2920
protect,20,2,1037,3042,3042
protect,20,2,1038,2976,2976
protect,20,2,1039,2972,2972
protect,20,2,1040,2968,2968
protect,20,2,1041,2996,2996
protect,20,2,1042,2962,2962
protect,20,2,1043,2930,2930
protect,20,2,1044,2926,2926
protect,20,2,1045,2984,2984
protect,20,2,1046,2952,2952
protect,20,2,1047,3120,3120
protect,20,2,1048,2958,2958
protect,20,2,1049,2932,2932
protect,20,2,1050,2950,2950
protect,20,2,1051,2968,2968
protect,20,2,1052,2982,2982
protect,20,2,1053,2978,2978
protect,20,2,1054,3000,3000
protect,20,2,1055,2972,2972
protect,20,2,1056,2942,2942
protect,20,2,1057,3036,3036
protect,20,2,1058,2956,2956
protect,20,2,1059,2976,2976
protect,20,2,1060,3018,3018
protect,20,2,1061,2988,2988
protect,20,2,1062,2964,2964
protect,20,2,1063,2954,2954
protect,20,2,1064,2932,2932
protect,20,2,1065,2944,2944
protect,20,2,1066,2930,2930
protect,20,2,1067,2952,2952
protect,20,2,1068,2996,2996
protect,20,2,1069,2942,2942
protect,20,2,1070,2942,2942
protect,20,2,1071,2956,2956
protect,20,2,1072,2922,2922
protect,20,2,1073,2938,2938
protect,20,2,1074,3024,3024
protect,20,2,1075,2960,2960
protect,20,2,1076,2952,2952
protect,20,2,1077,2942,2942
protect,20,2,1078,2988,2988
protect,20,2,1079,2950,2950
protect,20,2,1080,3000,3000
protect,20,2,1081,2996,2996
protect,20,2,1082,2926,2926
protect,20,2,1083,2956,2956
protect,20,2,1084,2998,2998
protect,20,2,1085,2968,2968
protect,20,2,1086,2958,2958
protect,20,2,1087,2984,2984
protect,20,2,1088,2930,2930
protect,20,2,1089,2958,2958
protect,20,2,1090,2936,2936
protect,20,2,1091,3010,3010
protect,20,2,1092,2918,2918
protect,20,2,1093,2986,2986
protect,20,2,1094,2910,2910
protect,20,2,1095,2992,2992
protect,20,2,1096,2946,2946
protect,20,2,1097,2938,2938
protect,20,2,1098,2956,2956
protect,20,2,1099,2950,2950
protect,20,2,1100,2954,2954
protect,20,2,1101,2982,2982
protect,20,2,1102,2966,2966
protect,20,2,1103,2976,2976
protect,20,2,1104,2954,2954
protect,20,2,1105,2940,2940
protect,20,2,1106,2962,2962
protect,20,2,1107,2992,2992
protect,20,2,1108,2958,2958
protect,20,2,1109,2952,2952
protect,20,2,1110,2976,2976
protect,20,2,1111,2938,2938
protect,20,2,1112,2946,2946
protect,20,2,1113,3014,3014
protect,20,2,1114,2940,2940
protect,20,2,1115,2954,2954
protect,20,2,1116,2932,2932
protect,20,2,1117,2946,2946
protect,20,2,1118,2942,2942
protect,20,2,1119,2956,2956
protect,20,2,1120,3022,3022
protect,20,2,1121,2960,2960
protect,20,2,1122,3038,3038
protect,20,2,1123,2976,2976
protect,20,2,1124,2932,2932
protect,20,2,1125,2960,2960
protect,20,2,1126,2996,2996
protect,20,2,1127,2962,2962
protect,20,2,1128,2934,2934
protect,20,2,1129,2944,2944
protect,20,2,1130,2960,2960
protect,20,2,1131,3104,3104
protect,20,2,1132,2926,2926
protect,20,2,1133,2974,2974
protect,20,2,1134,2976,2976
protect,20,2,1135,2974,2974
protect,20,2,1136,2962,2962
protect,20,2,1137,3024,3024
protect,20,2,1138,2976,2976
protect,20,2,1139,3004,3004
protect,20,2,1140,2956,2956
protect,20,2,1141,3022,3022
protect,20,2,1142,2928,2928
protect,20,2,1143,2968,2968
protect,20,2,1144,3008,3008
protect,20,2,1145,2992,2992
protect,20,2,1146,2996,2996
protect,20,2,1147,2952,2952
protect,20,2,1148,3020,3020
protect,20,2,1149,2920,2920
protect,20,2,1150,2970,2970
protect,20,2,1151,2956,2956
protect,20,2,1152,2980,2980
protect,20,2,1153,2964,2964
protect,20,2,1154,2942,2942
protect,20,2,1155,2938,2938
protect,20,2,1156,3026,3026
protect,20,2,1157,2974,2974
protect,20,2,1158,2948,2948
protect,20,2,1159,2932,2932
protect,20,2,1160,2936,2936
protect,20,2,1161,2950,2950
protect,20,2,1162,2972,2972
protect,20,2,1163,2942,2942
protect,20,2,1164,2960,2960
protect,20,2,1165,2996,2996
protect,20,2,1166,2970,2970
protect,20,2,1167,2958,2958
protect,20,2,1168,2964,2964
protect,20,2,1169,2962,2962
protect,20,2,1170,3046,3046
protect,20,2,1171,2978,2978
protect,20,2,1172,3036,3036
protect,20,2,1173,2982,2982
protect,20,2,1174,2964,2964
protect,20,2,1175,2964,2964
protect,20,2,1176,3030,3030
protect,20,2,1177,3066,3066
protect,20,2,1178,2984,2984
protect,20,2,1179,3012,3012
protect,20,2,1180,2966,2966
protect,20,2,1181,2982,2982
protect,20,2,1182,2956,2956
protect,20,2,1183,3002,3002
protect,20,2,1184,3030,3030
protect,20,2,1185,2968,2968
protect,20,2,1186,2978,2978
protect,20,2,1187,2972,2972
protect,20,2,1188,3022,3022
protect,20,2,1189,2984,2984
protect,20,2,1190,2948,2948
protect,20,2,1191,2998,2998
protect,20,2,1192,2992,2992
protect,20,2,1193,2954,2954
protect,20,2,1194,2976,2976
protect,20,2,1195,2970,2970
protect,20,2,1196,2980,2980
protect,20,2,1197,2964,2964
protect,20,2,1198,3066,3066
protect,20,2,1199,3050,3050
protect,20,2,1200,2984,2984
protect,20,2,1201,3036,3036
protect,20,2,1202,3002,3002
protect,20,2,1203,2954,2954
protect,20,2,1204,2984,2984
protect,20,2,1205,2992,2992
protect,20,2,1206,2978,2978
protect,20,2,1207,2948,2948
protect,20,2,1208,2966,2966
protect,20,2,1209,3014,3014
protect,20,2,1210,3002,3002
protect,20,2,1211,3024,3024
protect,20,2,1212,2972,2972
protect,20,2,1213,3028,3028
protect,20,2,1214,2950,2950
protect,20,2,1215,3000,3000
protect,20,2,1216,2990,2990
protect,20,2,1217,2962,2962
protect,20,2,1218,2972,2972
protect,20,2,1219,3006,3006
protect,20,2,1220,2978,2978
protect,20,2,1221,2972,2972
protect,20,2,1222,2988,2988
protect,20,2,1223,2966,2966
protect,20,2,1224,2972,2972
protect,20,2,1225,3086,3086
protect,20,2,1226,2988,2988
protect,20,2,1227,2974,2974
protect,20,2,1228,2994,2994
protect,20,2,1229,2984,2984
protect,20,2,1230,3000,3000
protect,20,2,1231,3028,3028
protect,20,2,1232,2978,2978
protect,20,2,1233,2970,2970
protect,20,2,1234,2988,2988
protect,20,2,1235,2974,2974
protect,20,2,1236,2950,2950
protect,20,2,1237,2964,2964
protect,20,2,1238,2968,2968
protect,20,2,1239,2988,2988
protect,20,2,1240,2990,2990
protect,20,2,1241,2982,2982
protect,20,2,1242,3036,3036
protect,20,2,1243,2980,2980
protect,20,2,1244,2962,2962
protect,20,2,1245,2972,2972
protect,20,2,1246,2952,2952
protect,20,2,1247,3034,3034
protect,20,2,1248,2956,2956
protect,20,2,1249,2970,2970
protect,20,2,1250,3026,3026
protect,20,2,1251,2970,2970
protect,20,2,1252,2984,2984
protect,20,2,1253,2984,2984
protect,20,2,1254,3040,3040
protect,20,2,1255,2974,2974
protect,20,2,1256,2982,2982
protect,20,2,1257,3028,3028
protect,20,2,1258,2990,2990
protect,20,2,1259,2970,2970
protect,20,2,1260,2986,2986
protect,20,2,1261,2962,2962
protect,20,2,1262,3016,3016
protect,20,2,1263,2996,2996
protect,20,2,1264,3002,3002
protect,20,2,1265,3018,3018
protect,20,2,1266,3016,3016
protect,20,2,1267,2982,2982
protect,20,2,1268,2990,2990
protect,20,2,1269,2978,2978
protect,20,2,1270,2966,2966
protect,20,2,1271,2950,2950
protect,20,2,1272,3036,3036
protect,20,2,1273,2990,2990
protect,20,2,1274,2970,2970
protect,20,2,1275,3010,3010
protect,20,2,1276,2952,2952
protect,20,2,1277,2948,2948
protect,20,2,1278,2968,2968
protect,20,2,1279,2994,2994
protect,20,2,1280,2980,2980
protect,20,2,1281,2968,2968
protect,20,2,1282,2940,2940
protect,20,2,1283,2938,2938
protect,20,2,1284,2936,2936
protect,20,2,1285,2960,2960
protect,20,2,1286,2954,2954
protect,20,2,1287,2946,2946
protect,20,2,1288,2934,2934
protect,20,2,1289,3014,3014
protect,20,2,1290,2938,2938
protect,20,2,1291,2992,2992
protect,20,2,1292,2946,2946
protect,20,2,1293,2928,2928
protect,20,2,1294,2914,2914
protect,20,2,1295,2984,2984
protect,20,2,1296,2954,2954
protect,20,2,1297,2966,2966
protect,20,2,1298,2954,2954
protect,20,2,1299,2960,2960
protect,20,2,1300,2924,2924
protect,20,2,1301,3008,3008
protect,20,2,1302,2974,2974
protect,20,2,1303,2920,2920
protect,20,2,1304,2990,2990
protect,20,2,1305,2958,2958
protect,20,2,1306,2944,2944
protect,20,2,1307,2976,2976
protect,20,2,1308,2996,2996
protect,20,2,1309,2956,2956
protect,20,2,1310,2924,2924
protect,20,2,1311,2928,2928
protect,20,2,1312,2922,2922
protect,20,2,1313,2992,2992
protect,20,2,1314,2948,2948
protect,20,2,1315,2918,2918
protect,20,2,1316,2946,2946
protect,20,2,1317,2960,2960
protect,20,2,1318,2960,2960
protect,20,2,1319,2940,2940
protect,20,2,1320,2946,2946
protect,20,2,1321,2962,2962
protect,20,2,1322,2908,2908
protect,20,2,1323,2954,2954
protect,20,2,1324,2938,2938
protect,20,2,1325,2990,2990
protect,20,2,1326,2962,2962
protect,20,2,1327,2966,2966
protect,20,2,1328,2944,2944
protect,20,2,1329,2956,2956
protect,20,2,1330,2984,2984
protect,20,2,1331,2976,2976
protect,20,2,1332,2940,2940
protect,20,2,1333,2972,2972
protect,20,2,1334,2940,2940
protect,20,2,1335,2960,2960
protect,20,2,1336,2988,2988
protect,20,2,1337,2984,2984
protect,20,2,1338,2952,2952
protect,20,2,1339,3014,3014
protect,20,2,1340,2952,2952
protect,20,2,1341,2962,2962
protect,20,2,1342,3022,3022
protect,20,2,1343,2938,2938
protect,20,2,1344,2956,2956
protect,20,2,1345,3042,3042
protect,20,2,1346,2968,2968
protect,20,2,1347,2920,2920
protect,20,2,1348,2930,2930
protect,20,2,1349,3016,3016
protect,20,2,1350,2956,2956
protect,20,2,1351,2928,2928
protect,20,2,1352,2952,2952
protect,20,2,1353,2968,2968
protect,20,2,1354,2960,2960
protect,20,2,1355,2938,2938
protect,20,2,1356,3000,3000
protect,20,2,1357,2946,2946
protect,20,2,1358,2956,2956
protect,20,2,1359,2960,2960
protect,20,2,1360,3014,3014
protect,20,2,1361,2926,2926
protect,20,2,1362,2910,2910
protect,20,2,1363,2984,2984
protect,20,2,1364,2974,2974
protect,20,2,1365,2948,2948
protect,20,2,1366,2928,2928
protect,20,2,1367,2938,2938
protect,20,2,1368,2940,2940
protect,20,2,1369,2994,2994
protect,20,2,1370,2944,2944
protect,20,2,1371,2934,2934
protect,20,2,1372,2952,2952
protect,20,2,1373,2918,2918
protect,20,2,1374,2966,2966
protect,20,2,1375,2920,2920
protect,20,2,1376,2996,2996
protect,20,2,1377,2950,2950
protect,20,2,1378,2928,2928
protect,20,2,1379,3004,3004
protect,20,2,1380,2946,2946
protect,20,2,1381,2958,2958
protect,20,2,1382,2996,2996
protect,20,2,1383,2982,2982
protect,20,2,1384,2946,2946
protect,20,2,1385,3000,3000
protect,20,2,1386,2958,2958
protect,20,2,1387,2940,2940
protect,20,2,1388,3036,3036
protect,20,2,1389,2960,2960
protect,20,2,1390,2968,2968
protect,20,2,1391,2964,2964
protect,20,2,1392,2962,2962
protect,20,2,1393,3002,3002
protect,20,2,1394,2926,2926
protect,20,2,1395,2992,2992
protect,20,2,1396,2938,2938
protect,20,2,1397,2960,2960
protect,20,2,1398,2934,2934
protect,20,2,1399,2960,2960
protect,20,2,1400,3002,3002
protect,20,2,1401,2952,2952
protect,20,2,1402,2936,2936
protect,20,2,1403,2976,2976
protect,20,2,1404,2946,2946
protect,20,2,1405,2950,2950
protect,20,2,1406,2956,2956
protect,20,2,1407,2934,2934
protect,20,2,1408,2976,2976
protect,20,2,1409,2972,2972
protect,20,2,1410,2934,2934
protect,20,2,1411,2964,2964
protect,20,2,1412,3062,3062
protect,20,2,1413,3022,3022
protect,20,2,1414,2950,2950
protect,20,2,1415,2982,2982
protect,20,2,1416,2948,2948
protect,20,2,1417,2948,2948
protect,20,2,1418,2946,2946
protect,20,2,1419,3010,3010
protect,20,2,1420,2958,2958
protect,20,2,1421,2938,2938
protect,20,2,1422,2982,2982
protect,20,2,1423,2968,2968
protect,20,2,1424,2952,2952
protect,20,2,1425,2948,2948
protect,20,2,1426,2954,2954
protect,20,2,1427,3000,3000
protect,20,2,1428,2946,2946
protect,20,2,1429,2936,2936
protect,20,2,1430,2946,2946
protect,20,2,1431,2964,2964
protect,20,2,1432,2926,2926
protect,20,2,1433,2924,2924
protect,20,2,1434,2996,2996
protect,20,2,1435,2946,2946
protect,20,2,1436,2942,2942
protect,20,2,1437,2930,2930
protect,20,2,1438,2948,2948
protect,20,2,1439,2940,2940
protect,20,2,1440,2952,2952
protect,20,2,1441,2966,2966
protect,20,2,1442,2980,2980
protect,20,2,1443,2978,2978
protect,20,2,1444,2954,2954
protect,20,2,1445,3012,3012
protect,20,2,1446,2942,2942
protect,20,2,1447,2946,2946
protect,20,2,1448,2994,2994
protect,20,2,1449,10024,10024
protect,20,2,1450,3012,3012
protect,20,2,1451,2980,2980
protect,20,2,1452,3038,3038
protect,20,2,1453,2970,2970
protect,20,2,1454,2974,2974
protect,20,2,1455,2974,2974
protect,20,2,1456,2996,2996
protect,20,2,1457,3052,3052
protect,20,2,1458,2966,2966
protect,20,2,1459,2954,2954
protect,20,2,1460,2960,2960
protect,20,2,1461,2972,2972
protect,20,2,1462,3032,3032
protect,20,2,1463,2978,2978
protect,20,2,1464,2964,2964
protect,20,2,1465,2990,2990
protect,20,2,1466,2960,2960
protect,20,2,1467,2998,2998
protect,20,2,1468,2984,2984
protect,20,2,1469,2976,2976
protect,20,2,1470,2978,2978
protect,20,2,1471,2964,2964
protect,20,2,1472,2978,2978
protect,20,2,1473,2978,2978
protect,20,2,1474,3016,3016
protect,20,2,1475,2964,2964
protect,20,2,1476,3048,3048
protect,20,2,1477,2978,2978
protect,20,2,1478,2994,2994
protect,20,2,1479,2968,2968
protect,20,2,1480,2972,2972
protect,20,2,1481,3026,3026
protect,20,2,1482,2984,2984
protect,20,2,1483,2982,2982
protect,20,2,1484,2982,2982
protect,20,2,1485,2968,2968
protect,20,2,1486,2966,2966
protect,20,2,1487,2964,2964
protect,20,2,1488,3016,3016
protect,20,2,1489,2952,2952
protect,20,2,1490,3708,3708
protect,20,2,1491,3902,3902
protect,20,2,1492,4178,4178
protect,20,2,1493,4076,4076
protect,20,2,1494,3838,3838
protect,20,2,1495,4064,4064
protect,20,2,1496,4016,4016
protect,20,2,1497,3688,3688
protect,20,2,1498,3690,3690
protect,20,2,1499,4004,4004
protect,20,2,1500,3404,3404
protect,20,2,1501,3792,3792
protect,20,2,1502,4130,4130
protect,20,2,1503,4136,4136
protect,20,2,1504,2946,2946
protect,20,2,1505,2982,2982
protect,20,2,1506,2996,2996
protect,20,2,1507,2964,2964
protect,20,2,1508,2954,2954
protect,20,2,1509,2938,2938
protect,20,2,1510,2966,2966
protect,20,2,1511,2966,2966
protect,20,2,1512,2934,2934
protect,20,2,1513,2950,2950
protect,20,2,1514,3020,3020
protect,20,2,1515,2954,2954
protect,20,2,1516,2968,2968
protect,20,2,1517,2946,2946
protect,20,2,1518,2994,2994
protect,20,2,1519,2960,2960
protect,20,2,1520,2978,2978
protect,20,2,1521,3030,3030
protect,20,2,1522,2950,2950
protect,20,2,1523,2948,2948
protect,20,2,1524,2940,2940
protect,20,2,1525,2984,2984
protect,20,2,1526,2948,2948
protect,20,2,1527,3018,3018
protect,20,2,1528,3018,3018
protect,20,2,1529,2970,2970
protect,20,2,1530,2958,2958
protect,20,2,1531,2944,2944
protect,20,2,1532,2954,2954
protect,20,2,1533,2946,2946
protect,20,2,1534,2962,2962
protect,20,2,1535,2956,2956
protect,20,2,1536,3004,3004
protect,20,2,1537,2938,2938
protect,20,2,1538,2972,2972
protect,20,2,1539,2988,2988
protect,20,2,1540,2958,2958
protect,20,2,1541,2922,2922
protect,20,2,1542,2944,2944
protect,20,2,1543,2934,2934
protect,20,2,1544,2992,2992
protect,20,2,1545,2948,2948
protect,20,2,1546,2994,2994
protect,20,2,1547,3002,3002
protect,20,2,1548,2966,2966
protect,20,2,1549,2974,2974
protect,20,2,1550,3018,3018
protect,20,2,1551,2962,2962
protect,20,2,1552,3118,3118
protect,20,2,1553,2954,2954
protect,20,2,1554,2990,2990
protect,20,2,1555,2936,2936
protect,20,2,1556,2952,2952
protect,20,2,1557,2994,2994
protect,20,2,1558,2952,2952
protect,20,2,1559,3004,3004
protect,20,2,1560,2950,2950
protect,20,2,1561,3016,3016
protect,20,2,1562,2946,2946
protect,20,2,1563,3006,3006
protect,20,2,1564,2968,2968
protect,20,2,1565,2964,2964
protect,20,2,1566,2952,2952
protect,20,2,1567,2958,2958
protect,20,2,1568,2914,2914
protect,20,2,1569,2944,2944
protect,20,2,1570,2940,2940
protect,20,2,1571,2952,2952
protect,20,2,1572,2954,2954
protect,20,2,1573,2952,2952
protect,20,2,1574,3002,3002
protect,20,2,1575,2964,2964
protect,20,2,1576,2970,2970
protect,20,2,1577,2938,2938
protect,20,2,1578,3088,3088
protect,20,2,1579,2950,2950
protect,20,2,1580,2938,2938
protect,20,2,1581,2980,2980
protect,20,2,1582,2936,2936
protect,20,2,1583,2940,2940
protect,20,2,1584,2980,2980
protect,20,2,1585,2984,2984
protect,20,2,1586,2956,2956
protect,20,2,1587,2960,2960
protect,20,2,1588,2976,2976
protect,20,2,1589,2960,2960
protect,20,2,1590,2942,2942
protect,20,2,1591,3004,3004
protect,20,2,1592,2974,2974
protect,20,2,1593,2992,2992
protect,20,2,1594,2944,2944
protect,20,2,1595,2944,2944
protect,20,2,1596,2954,2954
protect,20,2,1597,2916,2916
protect,20,2,1598,2930,2930
protect,20,2,1599,2934,2934
protect,20,2,1600,2996,2996
protect,20,2,1601,2942,2942
protect,20,2,1602,2946,2946
protect,20,2,1603,2964,2964
protect,20,2,1604,2934,2934
protect,20,2,1605,2978,2978
protect,20,2,1606,2992,2992
protect,20,2,1607,2928,2928
protect,20,2,1608,2952,2952
protect,20,2,1609,2910,2910
protect,20,2,1610,2966,2966
protect,20,2,1611,2942,2942
protect,20,2,1612,2942,2942
protect,20,2,1613,2948,2948
protect,20,2,1614,2920,2920
protect,20,2,1615,2950,2950
protect,20,2,1616,2928,2928
protect,20,2,1617,2930,2930
protect,20,2,1618,2938,2938
protect,20,2,1619,3050,3050
protect,20,2,1620,3006,3006
protect,20,2,1621,2974,2974
protect,20,2,1622,2944,2944
protect,20,2,1623,2964,2964
protect,20,2,1624,2942,2942
protect,20,2,1625,2944,2944
protect,20,2,1626,2930,2930
protect,20,2,1627,2986,2986
protect,20,2,1628,2962,2962
protect,20,2,1629,2970,2970
protect,20,2,1630,2944,2944
protect,20,2,1631,2952,2952
protect,20,2,1632,2992,2992
protect,20,2,1633,2924,2924
protect,20,2,1634,2938,2938
protect,20,2,1635,2986,2986
protect,20,2,1636,2976,2976
protect,20,2,1637,2944,2944
protect,20,2,1638,2956,2956
protect,20,2,1639,3006,3006
protect,20,2,1640,2976,2976
protect,20,2,1641,2946,2946
protect,20,2,1642,2956,2956
protect,20,2,1643,2970,2970
protect,20,2,1644,2904,2904
protect,20,2,1645,2990,2990
protect,20,2,1646,2948,2948
protect,20,2,1647,2938,2938
protect,20,2,1648,2956,2956
protect,20,2,1649,2956,2956
protect,20,2,1650,2952,2952
protect,20,2,1651,2970,2970
protect,20,2,1652,2998,2998
protect,20,2,1653,2978,2978
protect,20,2,1654,2954,2954
protect,20,2,1655,2940,2940
protect,20,2,1656,2938,2938
protect,20,2,1657,2986,2986
protect,20,2,1658,2958,2958
protect,20,2,1659,3014,3014
protect,20,2,1660,2980,2980
protect,20,2,1661,2954,2954
protect,20,2,1662,2982,2982
protect,20,2,1663,2950,2950
protect,20,2,1664,2946,2946
protect,20,2,1665,3010,3010
protect,20,2,1666,3002,3002
protect,20,2,1667,2968,2968
protect,20,2,1668,2932,2932
protect,20,2,1669,2966,2966
protect,20,2,1670,2936,2936
protect,20,2,1671,2948,2948
protect,20,2,1672,3010,3010
protect,20,2,1673,2948,2948
protect,20,2,1674,2984,2984
protect,20,2,1675,2936,2936
protect,20,2,1676,2974,2974
protect,20,2,1677,2944,2944
protect,20,2,1678,2948,2948
protect,20,2,1679,2976,2976
protect,20,2,1680,2972,2972
protect,20,2,1681,2964,2964
protect,20,2,1682,2964,2964
protect,20,2,1683,2930,2930
protect,20,2,1684,2948,2948
protect,20,2,1685,2946,2946
protect,20,2,1686,2982,2982
protect,20,2,1687,2992,2992
protect,20,2,1688,2982,2982
protect,20,2,1689,2970,2970
protect,20,2,1690,2966,2966
protect,20,2,1691,2970,2970
protect,20,2,1692,2996,2996
protect,20,2,1693,2940,2940
protect,20,2,1694,2982,2982
protect,20,2,1695,2950,2950
protect,20,2,1696,2942,2942
protect,20,2,1697,2928,2928
protect,20,2,1698,2998,2998
protect,20,2,1699,2970,2970
protect,20,2,1700,2938,2938
protect,20,2,1701,2952,2952
protect,20,2,1702,2932,2932
protect,20,2,1703,2990,2990
protect,20,2,1704,2944,2944
protect,20,2,1705,3026,3026
protect,20,2,1706,2962,2962
protect,20,2,1707,3010,3010
protect,20,2,1708,2970,2970
protect,20,2,1709,2958,2958
protect,20,2,1710,2952,2952
protect,20,2,1711,3008,3008
protect,20,2,1712,2982,2982
protect,20,2,1713,3008,3008
protect,20,2,1714,2932,2932
protect,20,2,1715,2926,2926
protect,20,2,1716,3016,3016
protect,20,2,1717,2956,2956
protect,20,2,1718,2950,2950
protect,20,2,1719,3000,3000
protect,20,2,1720,2954,2954
protect,20,2,1721,2956,2956
protect,20,2,1722,3044,3044
protect,20,2,1723,2948,2948
protect,20,2,1724,2992,2992
protect,20,2,1725,2942,2942
protect,20,2,1726,2994,2994
protect,20,2,1727,2954,2954
protect,20,2,1728,2940,2940
protect,20,2,1729,2940,2940
protect,20,2,1730,2932,2932
protect,20,2,1731,2994,2994
protect,20,2,1732,2948,2948
protect,20,2,1733,2946,2946
protect,20,2,1734,3004,3004
protect,20,2,1735,2928,2928
protect,20,2,1736,2936,2936
protect,20,2,1737,2942,2942
protect,20,2,1738,3020,3020
protect,20,2,1739,3004,3004
protect,20,2,1740,2966,2966
protect,20,2,1741,2938,2938
protect,20,2,1742,2942,2942
protect,20,2,1743,3020,3020
protect,20,2,1744,2974,2974
protect,20,2,1745,2970,2970
protect,20,2,1746,2954,2954
protect,20,2,1747,2962,2962
protect,20,2,1748,2954,2954
protect,20,2,1749,3006,3006
protect,20,2,1750,2972,2972
protect,20,2,1751,2946,2946
protect,20,2,1752,2968,2968
protect,20,2,1753,2996,2996
protect,20,2,1754,2958,2958
protect,20,2,1755,2938,2938
protect,20,2,1756,2936,2936
protect,20,2,1757,2962,2962
protect,20,2,1758,2980,2980
protect,20,2,1759,2942,2942
protect,20,2,1760,2956,2956
protect,20,2,1761,2972,2972
protect,20,2,1762,2926,2926
protect,20,2,1763,2952,2952
protect,20,2,1764,2964,2964
protect,20,2,1765,2968,2968
protect,20,2,1766,2998,2998
protect,20,2,1767,2966,2966
protect,20,2,1768,2946,2946
protect,20,2,1769,3014,3014
protect,20,2,1770,2936,2936
protect,20,2,1771,2960,2960
protect,20,2,1772,2938,2938
protect,20,2,1773,2938,2938
protect,20,2,1774,2924,2924
protect,20,2,1775,2954,2954
protect,20,2,1776,2934,2934
protect,20,2,1777,2960,2960
protect,20,2,1778,2942,2942
protect,20,2,1779,2924,2924
protect,20,2,1780,3000,3000
protect,20,2,1781,2964,2964
protect,20,2,1782,2960,2960
protect,20,2,1783,2956,2956
protect,20,2,1784,2968,2968
protect,20,2,1785,2946,2946
protect,20,2,1786,2960,2960
protect,20,2,1787,2968,2968
protect,20,2,1788,2950,2950
protect,20,2,1789,2968,2968
protect,20,2,1790,3018,3018
protect,20,2,1791,2986,2986
protect,20,2,1792,2950,2950
protect,20,2,1793,3010,3010
protect,20,2,1794,3004,3004
protect,20,2,1795,2968,2968
protect,20,2,1796,3036,3036
protect,20,2,1797,2950,2950
protect,20,2,1798,2948,2948
protect,20,2,1799,3006,3006
protect,20,2,1800,3050,3050
protect,20,2,1801,2948,2948
protect,20,2,1802,2944,2944
protect,20,2,1803,2992,2992
protect,20,2,1804,3018,3018
protect,20,2,1805,2950,2950
protect,20,2,1806,2978,2978
protect,20,2,1807,2962,2962
protect,20,2,1808,2932,2932
protect,20,2,1809,3072,3072
protect,20,2,1810,2970,2970
protect,20,2,1811,2976,2976
protect,20,2,1812,2922,2922
protect,20,2,1813,2932,2932
protect,20,2,1814,2948,2948
protect,20,2,1815,2960,2960
protect,20,2,1816,2986,2986
protect,20,2,1817,2950,2950
protect,20,2,1818,2946,2946
protect,20,2,1819,2926,2926
protect,20,2,1820,2958,2958
protect,20,2,1821,2936,2936
protect,20,2,1822,2940,2940
protect,20,2,1823,2942,2942
protect,20,2,1824,2980,2980
protect,20,2,1825,2962,2962
protect,20,2,1826,3038,3038
protect,20,2,1827,2958,2958
protect,20,2,1828,2976,2976
protect,20,2,1829,2974,2974
protect,20,2,1830,2944,2944
protect,20,2,1831,2922,2922
protect,20,2,1832,2938,2938
protect,20,2,1833,2960,2960
protect,20,2,1834,2990,2990
protect,20,2,1835,2978,2978
protect,20,2,1836,2942,2942
protect,20,2,1837,2940,2940
protect,20,2,1838,2944,2944
protect,20,2,1839,2962,2962
protect,20,2,1840,2910,2910
protect,20,2,1841,2954,2954
protect,20,2,1842,2946,2946
protect,20,2,1843,2938,2938
protect,20,2,1844,2942,2942
protect,20,2,1845,2962,2962
protect,20,2,1846,3000,3000
protect,20,2,1847,2944,2944
protect,20,2,1848,2964,2964
protect,20,2,1849,2956,2956
protect,20,2,1850,2974,2974
protect,20,2,1851,3008,3008
protect,20,2,1852,3066,3066
protect,20,2,1853,2934,2934
protect,20,2,1854,2946,2946
protect,20,2,1855,2980,2980
protect,20,2,1856,2956,2956
protect,20,2,1857,2992,2992
protect,20,2,1858,3028,3028
protect,20,2,1859,2986,2986
protect,20,2,1860,3010,3010
protect,20,2,1861,2998,2998
protect,20,2,1862,2976,2976
protect,20,2,1863,2942,2942
protect,20,2,1864,2974,2974
protect,20,2,1865,2964,2964
protect,20,2,1866,2986,2986
protect,20,2,1867,2980,2980
protect,20,2,1868,3010,3010
protect,20,2,1869,2966,2966
protect,20,2,1870,3022,3022
protect,20,2,1871,3004,3004
protect,20,2,1872,2982,2982
protect,20,2,1873,3000,3000
protect,20,2,1874,2962,2962
protect,20,2,1875,2988,2988
protect,20,2,1876,2956,2956
protect,20,2,1877,2958,2958
protect,20,2,1878,2958,2958
protect,20,2,1879,2998,2998
protect,20,2,1880,2976,2976
protect,20,2,1881,3026,3026
protect,20,2,1882,3042,3042
protect,20,2,1883,3024,3024
protect,20,2,1884,3036,3036
protect,20,2,1885,2974,2974
protect,20,2,1886,2998,2998
protect,20,2,1887,2984,2984
protect,20,2,1888,2976,2976
protect,20,2,1889,2974,2974
protect,20,2,1890,3046,3046
protect,20,2,1891,3006,3006
protect,20,2,1892,2986,2986
protect,20,2,1893,2978,2978
protect,20,2,1894,3026,3026
protect,20,2,1895,2962,2962
protect,20,2,1896,2950,2950
protect,20,2,1897,2954,2954
protect,20,2,1898,2938,2938
protect,20,2,1899,3024,3024
protect,20,2,1900,2952,2952
protect,20,2,1901,2992,2992
protect,20,2,1902,2960,2960
protect,20,2,1903,2992,2992
protect,20,2,1904,3088,3088
protect,20,2,1905,2978,2978
protect,20,2,1906,2970,2970
protect,20,2,1907,2994,2994
protect,20,2,1908,2978,2978
protect,20,2,1909,3008,3008
protect,20,2,1910,2994,2994
protect,20,2,1911,2984,2984
protect,20,2,1912,3002,3002
protect,20,2,1913,3036,3036
protect,20,2,1914,2950,2950
protect,20,2,1915,3004,3004
protect,20,2,1916,3020,3020
protect,20,2,1917,3076,3076
protect,20,2,1918,2988,2988
protect,20,2,1919,2972,2972
protect,20,2,1920,3038,3038
protect,20,2,1921,2972,2972
protect,20,2,1922,2968,2968
protect,20,2,1923,2984,2984
protect,20,2,1924,3046,3046
protect,20,2,1925,2980,2980
protect,20,2,1926,2988,2988
protect,20,2,1927,3024,3024
protect,20,2,1928,3046,3046
protect,20,2,1929,3000,3000
protect,20,2,1930,3000,3000
protect,20,2,1931,3060,3060
protect,20,2,1932,3010,3010
protect,20,2,1933,2988,2988
protect,20,2,1934,2986,2986
protect,20,2,1935,3004,3004
protect,20,2,1936,3000,3000
protect,20,2,1937,2972,2972
protect,20,2,1938,3014,3014
protect,20,2,1939,2996,2996
protect,20,2,1940,2964,2964
protect,20,2,1941,2998,2998
protect,20,2,1942,2992,2992
protect,20,2,1943,2980,2980
protect,20,2,1944,3010,3010
protect,20,2,1945,2978,2978
protect,20,2,1946,3074,3074
protect,20,2,1947,2976,2976
protect,20,2,1948,3094,3094
protect,20,2,1949,2984,2984
protect,20,2,1950,3002,3002
protect,20,2,1951,2974,2974
protect,20,2,1952,2982,2982
protect,20,2,1953,3028,3028
protect,20,2,1954,2994,2994
protect,20,2,1955,3038,3038
protect,20,2,1956,2994,2994
protect,20,2,1957,2984,2984
protect,20,2,1958,2982,2982
protect,20,2,1959,2982,2982
protect,20,2,1960,3046,3046
protect,20,2,1961,3006,3006
protect,20,2,1962,3018,3018
protect,20,2,1963,3010,3010
protect,20,2,1964,2994,2994
protect,20,2,1965,3022,3022
protect,20,2,1966,2988,2988
protect,20,2,1967,2996,2996
protect,20,2,1968,3006,3006
protect,20,2,1969,2982,2982
protect,20,2,1970,3034,3034
protect,20,2,1971,2998,2998
protect,20,2,1972,2990,2990
protect,20,2,1973,2986,2986
protect,20,2,1974,2976,2976
protect,20,2,1975,2958,2958
protect,20,2,1976,2972,2972
protect,20,2,1977,2962,2962
protect,20,2,1978,3034,3034
protect,20,2,1979,2958,2958
protect,20,2,1980,2960,2960
protect,20,2,1981,2994,2994
protect,20,2,1982,2970,2970
protect,20,2,1983,3022,3022
protect,20,2,1984,2962,2962
protect,20,2,1985,2992,2992
protect,20,2,1986,2984,2984
protect,20,2,1987,3040,3040
protect,20,2,1988,3012,3012
protect,20,2,1989,2992,2992
protect,20,2,1990,2974,2974
protect,20,2,1991,2992,2992
protect,20,2,1992,2962,2962
protect,20,2,1993,2992,2992
protect,20,2,1994,2990,2990
protect,20,2,1995,2972,2972
protect,20,2,1996,3022,3022
protect,20,2,1997,2998,2998
protect,20,2,1998,3016,3016
protect,20,2,1999,2950,2950
protect,20,2,2000,2990,2990
verify,20,2,1,3026,3026
verify,20,2,2,2986,2986
verify,20,2,3,3024,3024
verify,20,2,4,2972,2972
verify,20,2,5,2976,2976
verify,20,2,6,2932,2932
verify,20,2,7,3078,3078
verify,20,2,8,3036,3036
verify,20,2,9,2994,2994
verify,20,2,10,2978,2978
verify,20,2,11,2966,2966
verify,20,2,12,3064,3064
verify,20,2,13,2996,2996
verify,20,2,14,2960,2960
verify,20,2,15,2978,2978
verify,20,2,16,2984,2984
verify,20,2,17,2988,2988
verify,20,2,18,3062,3062
verify,20,2,19,2948,2948
verify,20,2,20,2962,2962
verify,20,2,21,2986,2986
verify,20,2,22,3000,3000
verify,20,2,23,3004,3004
verify,20,2,24,2966,2966
verify,20,2,25,2992,2992
verify,20,2,26,2954,2954
verify,20,2,27,2966,2966
verify,20,2,28,3076,3076
verify,20,2,29,3038,3038
verify,20,2,30,2982,2982
verify,20,2,31,2990,2990
verify,20,2,32,2978,2978
verify,20,2,33,3014,3014
verify,20,2,34,2986,2986
verify,20,2,35,2974,2974
verify,20,2,36,3032,3032
verify,20,2,37,2962,2962
verify,20,2,38,3058,3058
verify,20,2,39,3062,3062
verify,20,2,40,2976,2976
verify,20,2,41,3018,3018
verify,20,2,42,2964,2964
verify,20,2,43,2964,2964
verify,20,2,44,2974,2974
verify,20,2,45,2962,2962
verify,20,2,46,2968,2968
verify,20,2,47,2950,2950
verify,20,2,48,3032,3032
verify,20,2,49,2966,2966
verify,20,2,50,3020,3020
verify,20,2,51,2968,2968
verify,20,2,52,2964,2964
verify,20,2,53,2998,2998
verify,20,2,54,2986,2986
verify,20,2,55,2918,2918
verify,20,2,56,2946,2946
verify,20,2,57,2980,2980
verify,20,2,58,2960,2960
verify,20,2,59,2976,2976
verify,20,2,60,3036,3036
verify,20,2,61,2976,2976
verify,20,2,62,3036,3036
verify,20,2,63,2928,2928
verify,20,2,64,3052,3052
verify,20,2,65,2978,2978
verify,20,2,66,2966,2966
verify,20,2,67,2950,2950
verify,20,2,68,2964,2964
verify,20,2,69,2964,2964
verify,20,2,70,3018,3018
verify,20,2,71,2972,2972
verify,20,2,72,3068,3068
verify,20,2,73,2996,2996
verify,20,2,74,2962,2962
verify,20,2,75,3000,3000
verify,20,2,76,2958,2958
verify,20,2,77,2954,2954
verify,20,2,78,2950,2950
verify,20,2,79,3026,3026
verify,20,2,80,2940,2940
verify,20,2,81,2956,2956
verify,20,2,82,2970,2970
verify,20,2,83,2992,2992
verify,20,2,84,2940,2940
verify,20,2,85,3008,3008
verify,20,2,86,2980,2980
verify,20,2,87,2978,2978
verify,20,2,88,3004,3004
verify,20,2,89,2962,2962
verify,20,2,90,2992,2992
verify,20,2,91,2994,2994
verify,20,2,92,2962,2962
verify,20,2,93,3010,3010
verify,20,2,94,2980,2980
verify,20,2,95,2966,2966
verify,20,2,96,2978,2978
verify,20,2,97,3000,3000
verify,20,2,98,2970,2970
verify,20,2,99,2942,2942
verify,20,2,100,2952,2952
verify,20,2,101,3012,3012
verify,20,2,102,2968,2968
verify,20,2,103,2956,2956
verify,20,2,104,2966,2966
verify,20,2,105,2956,2956
verify,20,2,106,2998,2998
verify,20,2,107,2992,2992
verify,20,2,108,2966,2966
verify,20,2,109,2952,2952
verify,20,2,110,3030,3030
verify,20,2,111,2980,2980
verify,20,2,112,2956,2956
verify,20,2,113,3022,3022
verify,20,2,114,3066,3066
verify,20,2,115,2976,2976
verify,20,2,116,2958,2958
verify,20,2,117,2968,2968
verify,20,2,118,2988,2988
verify,20,2,119,3076,3076
verify,20,2,120,2968,2968
verify,20,2,121,2976,2976
verify,20,2,122,2946,2946
verify,20,2,123,2954,2954
verify,20,2,124,3016,3016
verify,20,2,125,2942,2942
verify,20,2,126,2974,2974
verify,20,2,127,2936,2936
verify,20,2,128,3036,3036
verify,20,2,129,2974,2974
verify,20,2,130,2988,2988
verify,20,2,131,3014,3014
verify,20,2,132,2952,2952
verify,20,2,133,2950,2950
verify,20,2,134,2974,2974
verify,20,2,135,2966,2966
verify,20,2,136,2948,2948
verify,20,2,137,3002,3002
verify,20,2,138,3008,3008
verify,20,2,139,2966,2966
verify,20,2,140,2962,2962
verify,20,2,141,3032,3032
verify,20,2,142,2966,2966
verify,20,2,143,2942,2942
verify,20,2,144,2970,2970
verify,20,2,145,2992,2992
verify,20,2,146,3018,3018
verify,20,2,147,2988,2988
verify,20,2,148,3026,3026
verify,20,2,149,2974,2974
verify,20,2,150,2958,2958
verify,20,2,151,2974,2974
verify,20,2,152,3034,3034
verify,20,2,153,2966,2966
verify,20,2,154,2996,2996
verify,20,2,155,3008,3008
verify,20,2,156,2960,2960
verify,20,2,157,2996,2996
verify,20,2,158,2970,2970
verify,20,2,159,3112,3112
verify,20,2,160,2966,2966
verify,20,2,161,2974,2974
verify,20,2,162,3006,3006
verify,20,2,163,2994,2994
verify,20,2,164,2994,2994
verify,20,2,165,2996,2996
verify,20,2,166,3008,3008
verify,20,2,167,2976,2976
verify,20,2,168,3054,3054
verify,20,2,169,3048,3048
verify,20,2,170,3018,3018
verify,20,2,171,3002,3002
verify,20,2,172,2962,2962
verify,20,2,173,3002,3002
verify,20,2,174,3048,3048
verify,20,2,175,3062,3062
verify,20,2,176,2996,2996
verify,20,2,177,3044,3044
verify,20,2,178,3004,3004
verify,20,2,179,2982,2982
verify,20,2,180,2986,2986
verify,20,2,181,2966,2966
verify,20,2,182,2994,2994
verify,20,2,183,2988,2988
verify,20,2,184,3018,3018
verify,20,2,185,2970,2970
verify,20,2,186,3040,3040
verify,20,2,187,3010,3010
verify,20,2,188,2986,2986
verify,20,2,189,3002,3002
verify,20,2,190,3000,3000
verify,20,2,191,3000,3000
verify,20,2,192,2998,2998
verify,20,2,193,3098,3098
verify,20,2,194,3010,3010
verify,20,2,195,2990,2990
verify,20,2,196,2988,2988
verify,20,2,197,3026,3026
verify,20,2,198,2990,2990
verify,20,2,199,2972,2972
verify,20,2,200,2992,2992
verify,20,2,201,2992,2992
verify,20,2,202,2992,2992
verify,20,2,203,2998,2998
verify,20,2,204,3064,3064
verify,20,2,205,3040,3040
verify,20,2,206,3026,3026
verify,20,2,207,3002,3002
verify,20,2,208,3050,3050
verify,20,2,209,3002,3002
verify,20,2,210,2982,2982
verify,20,2,211,2998,2998
verify,20,2,212,2992,2992
verify,20,2,213,2996,2996
verify,20,2,214,2998,2998
verify,20,2,215,3056,3056
verify,20,2,216,3030,3030
verify,20,2,217,2978,2978
verify,20,2,218,2988,2988
verify,20,2,219,3038,3038
verify,20,2,220,2992,2992
verify,20,2,221,2990,2990
verify,20,2,222,3002,3002
verify,20,2,223,3008,3008
verify,20,2,224,3000,3000
verify,20,2,225,2998,2998
verify,20,2,226,3104,3104
verify,20,2,227,3016,3016
verify,20,2,228,2996,2996
verify,20,2,229,3002,3002
verify,20,2,230,3036,3036
verify,20,2,231,3000,3000
verify,20,2,232,2978,2978
verify,20,2,233,2992,2992
verify,20,2,234,2992,2992
verify,20,2,235,2992,2992
verify,20,2,236,2992,2992
verify,20,2,237,3058,3058
verify,20,2,238,3028,3028
verify,20,2,239,3012,3012
verify,20,2,240,2972,2972
verify,20,2,241,3042,3042
verify,20,2,242,2996,2996
verify,20,2,243,2994,2994
verify,20,2,244,3004,3004
verify,20,2,245,3014,3014
verify,20,2,246,3002,3002
verify,20,2,247,3000,3000
verify,20,2,248,3056,3056
verify,20,2,249,3040,3040
verify,20,2,250,3010,3010
verify,20,2,251,2998,2998
verify,20,2,252,3046,3046
verify,20,2,253,2996,2996
verify,20,2,254,2978,2978
verify,20,2,255,2988,2988
verify,20,2,256,2992,2992
verify,20,2,257,2988,2988
verify,20,2,258,2988,2988
verify,20,2,259,3056,3056
verify,20,2,260,3030,3030
verify,20,2,261,3016,3016
verify,20,2,262,2974,2974
verify,20,2,263,3046,3046
verify,20,2,264,2950,2950
verify,20,2,265,2994,2994
verify,20,2,266,3010,3010
verify,20,2,267,2986,2986
verify,20,2,268,2984,2984
verify,20,2,269,2994,2994
verify,20,2,270,3068,3068
verify,20,2,271,3002,3002
verify,20,2,272,3012,3012
verify,20,2,273,2992,2992
verify,20,2,274,2994,2994
verify,20,2,275,2972,2972
verify,20,2,276,2988,2988
verify,20,2,277,3034,3034
verify,20,2,278,3018,3018
verify,20,2,279,2998,2998
verify,20,2,280,3010,3010
verify,20,2,281,3022,3022
verify,20,2,282,3004,3004
verify,20,2,283,3034,3034
verify,20,2,284,2994,2994
verify,20,2,285,2972,2972
verify,20,2,286,2998,2998
verify,20,2,287,3002,3002
verify,20,2,288,3066,3066
verify,20,2,289,3042,3042
verify,20,2,290,3026,3026
verify,20,2,291,2994,2994
verify,20,2,292,3046,3046
verify,20,2,293,2948,2948
verify,20,2,294,2990,2990
verify,20,2,295,2972,2972
verify,20,2,296,2978,2978
verify,20,2,297,2972,2972
verify,20,2,298,2982,2982
verify,20,2,299,3058,3058
verify,20,2,300,2996,2996
verify,20,2,301,3010,3010
verify,20,2,302,2982,2982
verify,20,2,303,3020,3020
verify,20,2,304,3040,3040
verify,20,2,305,3016,3016
verify,20,2,306,3028,3028
verify,20,2,307,3034,3034
verify,20,2,308,3012,3012
verify,20,2,309,3000,3000
verify,20,2,310,2990,2990
verify,20,2,311,3012,3012
verify,20,2,312,3000,3000
verify,20,2,313,3000,3000
verify,20,2,314,3018,3018
verify,20,2,315,3008,3008
verify,20,2,316,2984,2984
verify,20,2,317,3040,3040
verify,20,2,318,2962,2962
verify,20,2,319,2952,2952
verify,20,2,320,2980,2980
verify,20,2,321,3038,3038
verify,20,2,322,2974,2974
verify,20,2,323,2950,2950
verify,20,2,324,3010,3010
verify,20,2,325,3000,3000
verify,20,2,326,2982,2982
verify,20,2,327,2966,2966
verify,20,2,328,2958,2958
verify,20,2,329,3002,3002
verify,20,2,330,2970,2970
verify,20,2,331,2984,2984
verify,20,2,332,2986,2986
verify,20,2,333,2990,2990
verify,20,2,334,2950,2950
verify,20,2,335,3008,3008
verify,20,2,336,2948,2948
verify,20,2,337,2948,2948
verify,20,2,338,2956,2956
verify,20,2,339,3054,3054
verify,20,2,340,2960,2960
verify,20,2,341,2962,2962
verify,20,2,342,3048,3048
verify,20,2,343,2962,2962
verify,20,2,344,3012,3012
verify,20,2,345,2956,2956
verify,20,2,346,2986,2986
verify,20,2,347,2958,2958
verify,20,2,348,3112,3112
verify,20,2,349,2994,2994
verify,20,2,350,2974,2974
verify,20,2,351,2974,2974
verify,20,2,352,2956,2956
verify,20,2,353,2956,2956
verify,20,2,354,2960,2960
verify,20,2,355,3018,3018
verify,20,2,356,2956,2956
verify,20,2,357,2948,2948
verify,20,2,358,2954,2954
verify,20,2,359,2968,2968
verify,20,2,360,3052,3052
verify,20,2,361,2972,2972
verify,20,2,362,2984,2984
verify,20,2,363,2996,2996
verify,20,2,364,2950,2950
verify,20,2,365,2942,2942
verify,20,2,366,2950,2950
verify,20,2,367,2954,2954
verify,20,2,368,2994,2994
verify,20,2,369,2974,2974
verify,20,2,370,2984,2984
verify,20,2,371,3032,3032
verify,20,2,372,2982,2982
verify,20,2,373,2970,2970
verify,20,2,374,2962,2962
verify,20,2,375,2996,2996
verify,20,2,376,2976,2976
verify,20,2,377,2954,2954
verify,20,2,378,3046,3046
verify,20,2,379,2956,2956
verify,20,2,380,2958,2958
verify,20,2,381,3008,3008
verify,20,2,382,3004,3004
verify,20,2,383,2972,2972
verify,20,2,384,3106,3106
verify,20,2,385,3066,3066
verify,20,2,386,2964,2964
verify,20,2,387,2958,2958
verify,20,2,388,2966,2966
verify,20,2,389,2988,2988
verify,20,2,390,2990,2990
verify,20,2,391,2976,2976
verify,20,2,392,3002,3002
verify,20,2,393,2970,2970
verify,20,2,394,2952,2952
verify,20,2,395,3012,3012
verify,20,2,396,2960,2960
verify,20,2,397,2970,2970
verify,20,2,398,2972,2972
verify,20,2,399,2944,2944
verify,20,2,400,2996,2996
verify,20,2,401,2976,2976
verify,20,2,402,2972,2972
verify,20,2,403,2962,2962
verify,20,2,404,3022,3022
verify,20,2,405,2990,2990
verify,20,2,406,3006,3006
verify,20,2,407,3002,3002
verify,20,2,408,3030,3030
verify,20,2,409,2984,2984
verify,20,2,410,2968,2968
verify,20,2,411,2962,2962
verify,20,2,412,3058,3058
verify,20,2,413,2980,2980
verify,20,2,414,2986,2986
verify,20,2,415,2954,2954
verify,20,2,416,2996,2996
verify,20,2,417,2958,2958
verify,20,2,418,2954,2954
verify,20,2,419,3016,3016
verify,20,2,420,2966,2966
verify,20,2,421,2990,2990
verify,20,2,422,2972,2972
verify,20,2,423,2954,2954
verify,20,2,424,3006,3006
verify,20,2,425,2978,2978
verify,20,2,426,2982,2982
verify,20,2,427,2952,2952
verify,20,2,428,3022,3022
verify,20,2,429,2988,2988
verify,20,2,430,2948,2948
verify,20,2,431,2936,2936
verify,20,2,432,3038,3038
verify,20,2,433,2950,2950
verify,20,2,434,2946,2946
verify,20,2,435,2964,2964
verify,20,2,436,3106,3106
verify,20,2,437,2946,2946
verify,20,2,438,2986,2986
verify,20,2,439,2964,2964
verify,20,2,440,2966,2966
verify,20,2,441,2958,2958
verify,20,2,442,3062,3062
verify,20,2,443,2972,2972
verify,20,2,444,2928,2928
verify,20,2,445,2958,2958
verify,20,2,446,2976,2976
verify,20,2,447,3054,3054
verify,20,2,448,2998,2998
verify,20,2,449,2968,2968
verify,20,2,450,3070,3070
verify,20,2,451,2982,2982
verify,20,2,452,2982,2982
verify,20,2,453,3018,3018
verify,20,2,454,2966,2966
verify,20,2,455,2984,2984
verify,20,2,456,2984,2984
verify,20,2,457,2954,2954
verify,20,2,458,3004,3004
verify,20,2,459,8700,8700
verify,20,2,460,2984,2984
verify,20,2,461,2988,2988
verify,20,2,462,2964,2964
verify,20,2,463,3010,3010
verify,20,2,464,3014,3014
verify,20,2,465,2980,2980
verify,20,2,466,3048,3048
verify,20,2,467,2950,2950
verify,20,2,468,2968,2968
verify,20,2,469,2980,2980
verify,20,2,470,3014,3014
verify,20,2,471,2974,2974
verify,20,2,472,2986,2986
verify,20,2,473,2948,2948
verify,20,2,474,3036,3036
verify,20,2,475,3092,3092
verify,20,2,476,3040,3040
verify,20,2,477,3012,3012
verify,20,2,478,2984,2984
verify,20,2,479,2982,2982
verify,20,2,480,2992,2992
verify,20,2,481,3000,3000
verify,20,2,482,2992,2992
verify,20,2,483,3022,3022
verify,20,2,484,3000,3000
verify,20,2,485,3064,3064
verify,20,2,486,3008,3008
verify,20,2,487,3012,3012
verify,20,2,488,2990,2990
verify,20,2,489,2984,2984
verify,20,2,490,2994,2994
verify,20,2,491,3042,3042
verify,20,2,492,2998,2998
verify,20,2,493,2958,2958
verify,20,2,494,2986,2986
verify,20,2,495,2990,2990
verify,20,2,496,3050,3050
verify,20,2,497,3010,3010
verify,20,2,498,2998,2998
verify,20,2,499,3044,3044
verify,20,2,500,3032,3032
verify,20,2,501,3006,3006
verify,20,2,502,2994,2994
verify,20,2,503,3054,3054
verify,20,2,504,3004,3004
verify,20,2,505,3018,3018
verify,20,2,506,2994,2994
verify,20,2,507,3038,3038
verify,20,2,508,3004,3004
verify,20,2,509,2992,2992
verify,20,2,510,2988,2988
verify,20,2,511,2952,2952
verify,20,2,512,2994,2994
verify,20,2,513,2980,2980
verify,20,2,514,2986,2986
verify,20,2,515,2996,2996
verify,20,2,516,2996,2996
verify,20,2,517,3008,3008
verify,20,2,518,3002,3002
verify,20,2,519,3090,3090
verify,20,2,520,3012,3012
verify,20,2,521,2986,2986
verify,20,2,522,3054,3054
verify,20,2,523,2988,2988
verify,20,2,524,3102,3102
verify,20,2,525,3028,3028
verify,20,2,526,3034,3034
verify,20,2,527,2998,2998
verify,20,2,528,3022,3022
verify,20,2,529,3006,3006
verify,20,2,530,2982,2982
verify,20,2,531,2972,2972
verify,20,2,532,2992,2992
verify,20,2,533,3048,3048
verify,20,2,534,3010,3010
verify,20,2,535,3034,3034
verify,20,2,536,2998,2998
verify,20,2,537,3046,3046
verify,20,2,538,3024,3024
verify,20,2,539,2996,2996
verify,20,2,540,3024,3024
verify,20,2,541,3042,3042
verify,20,2,542,3030,3030
verify,20,2,543,3012,3012
verify,20,2,544,3048,3048
verify,20,2,545,3010,3010
verify,20,2,546,3018,3018
verify,20,2,547,2982,2982
verify,20,2,548,3012,3012
verify,20,2,549,2960,2960
verify,20,2,550,3006,3006
verify,20,2,551,2972,2972
verify,20,2,552,2992,2992
verify,20,2,553,2996,2996
verify,20,2,554,3016,3016
verify,20,2,555,2996,2996
verify,20,2,556,3034,3034
verify,20,2,557,3008,3008
verify,20,2,558,2974,2974
verify,20,2,559,2990,2990
verify,20,2,560,2994,2994
verify,20,2,561,2980,2980
verify,20,2,562,3014,3014
verify,20,2,563,3026,3026
verify,20,2,564,3102,3102
verify,20,2,565,2992,2992
verify,20,2,566,3010,3010
verify,20,2,567,2996,2996
verify,20,2,568,3000,3000
verify,20,2,569,2980,2980
verify,20,2,570,3002,3002
verify,20,2,571,2996,2996
verify,20,2,572,2972,2972
verify,20,2,573,3016,3016
verify,20,2,574,2982,2982
verify,20,2,575,2980,2980
verify,20,2,576,3008,3008
verify,20,2,577,2990,2990
verify,20,2,578,3054,3054
verify,20,2,579,3010,3010
verify,20,2,580,2996,2996
verify,20,2,581,3058,3058
verify,20,2,582,2978,2978
verify,20,2,583,3024,3024
verify,20,2,584,3000,3000
verify,20,2,585,3036,3036
verify,20,2,586,3018,3018
verify,20,2,587,2980,2980
verify,20,2,588,2994,2994
verify,20,2,589,3034,3034
verify,20,2,590,3046,3046
verify,20,2,591,2998,2998
verify,20,2,592,3002,3002
verify,20,2,593,2988,2988
verify,20,2,594,3016,3016
verify,20,2,595,2970,2970
verify,20,2,596,2982,2982
verify,20,2,597,3050,3050
verify,20,2,598,3006,3006
verify,20,2,599,2994,2994
verify,20,2,600,3058,3058
verify,20,2,601,3026,3026
verify,20,2,602,3028,3028
verify,20,2,603,2982,2982
verify,20,2,604,3028,3028
verify,20,2,605,3030,3030
verify,20,2,606,2992,2992
verify,20,2,607,2984,2984
verify,20,2,608,3004,3004
verify,20,2,609,3002,3002
verify,20,2,610,3000,3000
verify,20,2,611,2988,2988
verify,20,2,612,3000,3000
verify,20,2,613,2988,2988
verify,20,2,614,3012,3012
verify,20,2,615,2978,2978
verify,20,2,616,2994,2994
verify,20,2,617,3102,3102
verify,20,2,618,3050,3050
verify,20,2,619,3006,3006
verify,20,2,620,3012,3012
verify,20,2,621,2994,2994
verify,20,2,622,3006,3006
verify,20,2,623,3032,3032
verify,20,2,624,2982,2982
verify,20,2,625,3010,3010
verify,20,2,626,2982,2982
verify,20,2,627,2986,2986
verify,20,2,628,2998,2998
verify,20,2,629,2980,2980
verify,20,2,630,3010,3010
verify,20,2,631,2996,2996
verify,20,2,632,3010,3010
verify,20,2,633,2996,2996
verify,20,2,634,3026,3026
verify,20,2,635,3000,3000
verify,20,2,636,3006,3006
verify,20,2,637,2968,2968
verify,20,2,638,3008,3008
verify,20,2,639,2982,2982
verify,20,2,640,3108,3108
verify,20,2,641,3018,3018
verify,20,2,642,2992,2992
verify,20,2,643,3028,3028
verify,20,2,644,3004,3004
verify,20,2,645,2962,2962
verify,20,2,646,3068,3068
verify,20,2,647,2974,2974
verify,20,2,648,2954,2954
verify,20,2,649,2978,2978
verify,20,2,650,3014,3014
verify,20,2,651,2982,2982
verify,20,2,652,2980,2980
verify,20,2,653,2978,2978
verify,20,2,654,3022,3022
verify,20,2,655,3008,3008
verify,20,2,656,2962,2962
verify,20,2,657,3020,3020
verify,20,2,658,3040,3040
verify,20,2,659,3010,3010
verify,20,2,660,3004,3004
verify,20,2,661,3048,3048
verify,20,2,662,2964,2964
verify,20,2,663,3000,3000
verify,20,2,664,3020,3020
verify,20,2,665,3008,3008
verify,20,2,666,2996,2996
verify,20,2,667,3010,3010
verify,20,2,668,2980,2980
verify,20,2,669,2962,2962
verify,20,2,670,3148,3148
verify,20,2,671,3004,3004
verify,20,2,672,3080,3080
verify,20,2,673,2996,2996
verify,20,2,674,3012,3012
verify,20,2,675,2972,2972
verify,20,2,676,2980,2980
verify,20,2,677,3012,3012
verify,20,2,678,2998,2998
verify,20,2,679,2982,2982
verify,20,2,680,3100,3100
verify,20,2,681,2998,2998
verify,20,2,682,2990,2990
verify,20,2,683,3042,3042
verify,20,2,684,2996,2996
verify,20,2,685,3000,3000
verify,20,2,686,2980,2980
verify,20,2,687,2998,2998
verify,20,2,688,3028,3028
verify,20,2,689,2988,2988
verify,20,2,690,2986,2986
verify,20,2,691,3044,3044
verify,20,2,692,2984,2984
verify,20,2,693,2984,2984
verify,20,2,694,3038,3038
verify,20,2,695,2978,2978
verify,20,2,696,2976,2976
verify,20,2,697,3010,3010
verify,20,2,698,3002,3002
verify,20,2,699,2988,2988
verify,20,2,700,2988,2988
verify,20,2,701,3032,3032
verify,20,2,702,3000,3000
verify,20,2,703,2994,2994
verify,20,2,704,3004,3004
verify,20,2,705,3008,3008
verify,20,2,706,3026,3026
verify,20,2,707,3066,3066
verify,20,2,708,2988,2988
verify,20,2,709,2982,2982
verify,20,2,710,3002,3002
verify,20,2,711,3012,3012
verify,20,2,712,2982,2982
verify,20,2,713,3004,3004
verify,20,2,714,2972,2972
verify,20,2,715,3016,3016
verify,20,2,716,3006,3006
verify,20,2,717,2984,2984
verify,20,2,718,3012,3012
verify,20,2,719,2996,2996
verify,20,2,720,3002,3002
verify,20,2,721,3050,3050
verify,20,2,722,2974,2974
verify,20,2,723,2998,2998
verify,20,2,724,3056,3056
verify,20,2,725,3010,3010
verify,20,2,726,2998,2998
verify,20,2,727,3020,3020
verify,20,2,728,2992,2992
verify,20,2,729,2978,2978
verify,20,2,730,3030,3030
verify,20,2,731,3002,3002
verify,20,2,732,2978,2978
verify,20,2,733,3006,3006
verify,20,2,734,2980,2980
verify,20,2,735,3054,3054
verify,20,2,736,3018,3018
verify,20,2,737,3000,3000
verify,20,2,738,3004,3004
verify,20,2,739,3006,3006
verify,20,2,740,2976,2976
verify,20,2,741,2974,2974
verify,20,2,742,3126,3126
verify,20,2,743,3002,3002
verify,20,2,744,3008,3008
verify,20,2,745,3002,3002
verify,20,2,746,3006,3006
verify,20,2,747,2982,2982
verify,20,2,748,2960,2960
verify,20,2,749,2990,2990
verify,20,2,750,2988,2988
verify,20,2,751,2968,2968
verify,20,2,752,3026,3026
verify,20,2,753,3014,3014
verify,20,2,754,3022,3022
verify,20,2,755,2982,2982
verify,20,2,756,2998,2998
verify,20,2,757,3022,3022
verify,20,2,758,2996,2996
verify,20,2,759,2974,2974
verify,20,2,760,2980,2980
verify,20,2,761,2984,2984
verify,20,2,762,3000,3000
verify,20,2,763,3018,3018
verify,20,2,764,2958,2958
verify,20,2,765,3034,3034
verify,20,2,766,2992,2992
verify,20,2,767,2966,2966
verify,20,2,768,3022,3022
verify,20,2,769,2978,2978
verify,20,2,770,2992,2992
verify,20,2,771,3006,3006
verify,20,2,772,2980,2980
verify,20,2,773,2982,2982
verify,20,2,774,2992,2992
verify,20,2,775,2988,2988
verify,20,2,776,3018,3018
verify,20,2,777,3078,3078
verify,20,2,778,2984,2984
verify,20,2,779,2992,2992
verify,20,2,780,3038,3038
verify,20,2,781,3026,3026
verify,20,2,782,2998,2998
verify,20,2,783,3020,3020
verify,20,2,784,3006,3006
verify,20,2,785,2998,2998
verify,20,2,786,3006,3006
verify,20,2,787,3000,3000
verify,20,2,788,3056,3056
verify,20,2,789,3026,3026
verify,20,2,790,3020,3020
verify,20,2,791,2992,2992
verify,20,2,792,2976,2976
verify,20,2,793,3004,3004
verify,20,2,794,2994,2994
verify,20,2,795,3044,3044
verify,20,2,796,3010,3010
verify,20,2,797,2970,2970
verify,20,2,798,3018,3018
verify,20,2,799,2978,2978
verify,20,2,800,2988,2988
verify,20,2,801,2980,2980
verify,20,2,802,3042,3042
verify,20,2,803,2994,2994
verify,20,2,804,2994,2994
verify,20,2,805,3012,3012
verify,20,2,806,3012,3012
verify,20,2,807,3006,3006
verify,20,2,808,3016,3016
verify,20,2,809,3012,3012
verify,20,2,810,3014,3014
verify,20,2,811,3000,3000
verify,20,2,812,3060,3060
verify,20,2,813,2978,2978
verify,20,2,814,2990,2990
verify,20,2,815,3006,3006
verify,20,2,816,2978,2978
verify,20,2,817,2984,2984
verify,20,2,818,3072,3072
verify,20,2,819,2992,2992
verify,20,2,820,3000,3000
verify,20,2,821,3098,3098
verify,20,2,822,2994,2994
verify,20,2,823,2988,2988
verify,20,2,824,3010,3010
verify,20,2,825,2986,2986
verify,20,2,826,2964,2964
verify,20,2,827,3018,3018
verify,20,2,828,2972,2972
verify,20,2,829,3064,3064
verify,20,2,830,3006,3006
verify,20,2,831,3000,3000
verify,20,2,832,3018,3018
verify,20,2,833,2980,2980
verify,20,2,834,2966,2966
verify,20,2,835,2980,2980
verify,20,2,836,3068,3068
verify,20,2,837,3044,3044
verify,20,2,838,3034,3034
verify,20,2,839,3024,3024
verify,20,2,840,3008,3008
verify,20,2,841,3004,3004
verify,20,2,842,3008,3008
verify,20,2,843,3034,3034
verify,20,2,844,3016,3016
verify,20,2,845,2984,2984
verify,20,2,846,3006,3006
verify,20,2,847,2982,2982
verify,20,2,848,2978,2978
verify,20,2,849,2968,2968
verify,20,2,850,3052,3052
verify,20,2,851,3022,3022
verify,20,2,852,3026,3026
verify,20,2,853,3014,3014
verify,20,2,854,3018,3018
verify,20,2,855,2998,2998
verify,20,2,856,3030,3030
verify,20,2,857,3014,3014
verify,20,2,858,3012,3012
verify,20,2,859,3008,3008
verify,20,2,860,3016,3016
verify,20,2,861,3038,3038
verify,20,2,862,3006,3006
verify,20,2,863,2992,2992
verify,20,2,864,3068,3068
verify,20,2,865,2992,2992
verify,20,2,866,3040,3040
verify,20,2,867,3054,3054
verify,20,2,868,2986,2986
verify,20,2,869,3016,3016
verify,20,2,870,2984,2984
verify,20,2,871,2998,2998
verify,20,2,872,3012,3012
verify,20,2,873,3042,3042
verify,20,2,874,2996,2996
verify,20,2,875,3012,3012
verify,20,2,876,2998,2998
verify,20,2,877,2984,2984
verify,20,2,878,3068,3068
verify,20,2,879,3002,3002
verify,20,2,880,3052,3052
verify,20,2,881,3006,3006
verify,20,2,882,2996,2996
verify,20,2,883,3022,3022
verify,20,2,884,3030,3030
verify,20,2,885,3028,3028
verify,20,2,886,3014,3014
verify,20,2,887,3020,3020
verify,20,2,888,2966,2966
verify,20,2,889,3038,3038
verify,20,2,890,3008,3008
verify,20,2,891,2998,2998
verify,20,2,892,3012,3012
verify,20,2,893,2988,2988
verify,20,2,894,3090,3090
verify,20,2,895,3010,3010
verify,20,2,896,3052,3052
verify,20,2,897,3038,3038
verify,20,2,898,3020,3020
verify,20,2,899,3002,3002
verify,20,2,900,3034,3034
verify,20,2,901,3002,3002
verify,20,2,902,3008,3008
verify,20,2,903,3084,3084
verify,20,2,904,3004,3004
verify,20,2,905,3020,3020
verify,20,2,906,2978,2978
verify,20,2,907,2958,2958
verify,20,2,908,2970,2970
verify,20,2,909,2978,2978
verify,20,2,910,3014,3014
verify,20,2,911,2982,2982
verify,20,2,912,3006,3006
verify,20,2,913,2990,2990
verify,20,2,914,3012,3012
verify,20,2,915,3050,3050
verify,20,2,916,3026,3026
verify,20,2,917,2988,2988
verify,20,2,918,3014,3014
verify,20,2,919,3008,3008
verify,20,2,920,3054,3054
verify,20,2,921,3056,3056
verify,20,2,922,3006,3006
verify,20,2,923,2992,2992
verify,20,2,924,3026,3026
verify,20,2,925,2970,2970
verify,20,2,926,3026,3026
verify,20,2,927,2996,2996
verify,20,2,928,2992,2992
verify,20,2,929,2960,2960
verify,20,2,930,2980,2980
verify,20,2,931,2990,2990
verify,20,2,932,2986,2986
verify,20,2,933,2986,2986
verify,20,2,934,3004,3004
verify,20,2,935,3016,3016
verify,20,2,936,3018,3018
verify,20,2,937,2998,2998
verify,20,2,938,2994,2994
verify,20,2,939,3014,3014
verify,20,2,940,3026,3026
verify,20,2,941,3018,3018
verify,20,2,942,2986,2986
verify,20,2,943,2992,2992
verify,20,2,944,3082,3082
verify,20,2,945,3004,3004
verify,20,2,946,2996,2996
verify,20,2,947,3048,3048
verify,20,2,948,3088,3088
verify,20,2,949,2960,2960
verify,20,2,950,2974,2974
verify,20,2,951,3006,3006
verify,20,2,952,3002,3002
verify,20,2,953,2980,2980
verify,20,2,954,3002,3002
verify,20,2,955,2942,2942
verify,20,2,956,2960,2960
verify,20,2,957,2958,2958
verify,20,2,958,2966,2966
verify,20,2,959,3028,3028
verify,20,2,960,2994,2994
verify,20,2,961,2956,2956
verify,20,2,962,2954,2954
verify,20,2,963,3004,3004
verify,20,2,964,2982,2982
verify,20,2,965,2960,2960
verify,20,2,966,2976,2976
verify,20,2,967,2964,2964
verify,20,2,968,2948,2948
verify,20,2,969,3034,3034
verify,20,2,970,2956,2956
verify,20,2,971,2982,2982
verify,20,2,972,3114,3114
verify,20,2,973,2978,2978
verify,20,2,974,2972,2972
verify,20,2,975,2972,2972
verify,20,2,976,2984,2984
verify,20,2,977,3006,3006
verify,20,2,978,3006,3006
verify,20,2,979,2976,2976
verify,20,2,980,3058,3058
verify,20,2,981,2946,2946
verify,20,2,982,2980,2980
verify,20,2,983,2950,2950
verify,20,2,984,2950,2950
verify,20,2,985,2966,2966
verify,20,2,986,2972,2972
verify,20,2,987,3006,3006
verify,20,2,988,2956,2956
verify,20,2,989,2962,2962
verify,20,2,990,3024,3024
verify,20,2,991,2974,2974
verify,20,2,992,2984,2984
verify,20,2,993,2998,2998
verify,20,2,994,3010,3010
verify,20,2,995,3000,3000
verify,20,2,996,2976,2976
verify,20,2,997,2974,2974
verify,20,2,998,2988,2988
verify,20,2,999,2946,2946
verify,20,2,1000,2974,2974
verify,20,2,1001,3024,3024
verify,20,2,1002,2974,2974
verify,20,2,1003,3018,3018
verify,20,2,1004,2968,2968
verify,20,2,1005,2998,2998
verify,20,2,1006,2968,2968
verify,20,2,1007,2966,2966
verify,20,2,1008,2994,2994
verify,20,2,1009,2984,2984
verify,20,2,1010,2964,2964
verify,20,2,1011,2966,2966
verify,20,2,1012,2960,2960
verify,20,2,1013,3044,3044
verify,20,2,1014,2958,2958
verify,20,2,1015,3182,3182
verify,20,2,1016,2962,2962
verify,20,2,1017,2980,2980
verify,20,2,1018,2954,2954
verify,20,2,1019,2994,2994
verify,20,2,1020,2980,2980
verify,20,2,1021,2988,2988
verify,20,2,1022,2964,2964
verify,20,2,1023,2960,2960
verify,20,2,1024,2944,2944
verify,20,2,1025,2992,2992
verify,20,2,1026,3010,3010
verify,20,2,1027,2950,2950
verify,20,2,1028,3012,3012
verify,20,2,1029,2962,2962
verify,20,2,1030,2990,2990
verify,20,2,1031,3028,3028
verify,20,2,1032,2952,2952
verify,20,2,1033,2986,2986
verify,20,2,1034,3000,3000
verify,20,2,1035,3078,3078
verify,20,2,1036,2964,2964
verify,20,2,1037,2950,2950
verify,20,2,1038,3030,3030
verify,20,2,1039,2962,2962
verify,20,2,1040,2954,2954
verify,20,2,1041,2972,2972
verify,20,2,1042,2952,2952
verify,20,2,1043,2996,2996
verify,20,2,1044,2966,2966
verify,20,2,1045,2950,2950
verify,20,2,1046,2954,2954
verify,20,2,1047,2964,2964
verify,20,2,1048,2968,2968
verify,20,2,1049,2986,2986
verify,20,2,1050,2954,2954
verify,20,2,1051,3020,3020
verify,20,2,1052,2958,2958
verify,20,2,1053,2988,2988
verify,20,2,1054,2966,2966
verify,20,2,1055,3012,3012
verify,20,2,1056,2984,2984
verify,20,2,1057,3054,3054
verify,20,2,1058,2952,2952
verify,20,2,1059,2998,2998
verify,20,2,1060,2964,2964
verify,20,2,1061,2964,2964
verify,20,2,1062,2960,2960
verify,20,2,1063,2964,2964
verify,20,2,1064,3000,3000
verify,20,2,1065,2954,2954
verify,20,2,1066,2968,2968
verify,20,2,1067,3014,3014
verify,20,2,1068,2954,2954
verify,20,2,1069,2958,2958
verify,20,2,1070,2984,2984
verify,20,2,1071,2958,2958
verify,20,2,1072,2966,2966
verify,20,2,1073,2954,2954
verify,20,2,1074,2962,2962
verify,20,2,1075,3012,3012
verify,20,2,1076,2954,2954
verify,20,2,1077,2974,2974
verify,20,2,1078,2950,2950
verify,20,2,1079,2996,2996
verify,20,2,1080,3002,3002
verify,20,2,1081,2986,2986
verify,20,2,1082,2954,2954
verify,20,2,1083,3038,3038
verify,20,2,1084,2978,2978
verify,20,2,1085,2946,2946
verify,20,2,1086,2988,2988
verify,20,2,1087,2980,2980
verify,20,2,1088,2956,2956
verify,20,2,1089,9508,9508
verify,20,2,1090,2980,2980
verify,20,2,1091,2970,2970
verify,20,2,1092,2966,2966
verify,20,2,1093,2954,2954
verify,20,2,1094,2950,2950
verify,20,2,1095,2992,2992
verify,20,2,1096,2992,2992
verify,20,2,1097,2986,2986
verify,20,2,1098,2992,2992
verify,20,2,1099,3022,3022
verify,20,2,1100,3080,3080
verify,20,2,1101,3052,3052
verify,20,2,1102,3002,3002
verify,20,2,1103,2972,2972
verify,20,2,1104,3056,3056
verify,20,2,1105,3022,3022
verify,20,2,1106,2992,2992
verify,20,2,1107,2968,2968
verify,20,2,1108,3006,3006
verify,20,2,1109,2982,2982
verify,20,2,1110,2980,2980
verify,20,2,1111,2984,2984
verify,20,2,1112,3010,3010
verify,20,2,1113,3066,3066
verify,20,2,1114,3026,3026
verify,20,2,1115,2982,2982
verify,20,2,1116,2984,2984
verify,20,2,1117,3040,3040
verify,20,2,1118,2998,2998
verify,20,2,1119,2998,2998
verify,20,2,1120,2968,2968
verify,20,2,1121,2954,2954
verify,20,2,1122,2964,2964
verify,20,2,1123,2992,2992
verify,20,2,1124,2976,2976
verify,20,2,1125,2980,2980
verify,20,2,1126,3038,3038
verify,20,2,1127,3010,3010
verify,20,2,1128,3012,3012
verify,20,2,1129,2998,2998
verify,20,2,1130,3016,3016
verify,20,2,1131,3004,3004
verify,20,2,1132,2992,2992
verify,20,2,1133,3074,3074
verify,20,2,1134,3006,3006
verify,20,2,1135,3008,3008
verify,20,2,1136,3000,3000
verify,20,2,1137,3060,3060
verify,20,2,1138,2986,2986
verify,20,2,1139,2990,2990
verify,20,2,1140,3044,3044
verify,20,2,1141,3006,3006
verify,20,2,1142,2964,2964
verify,20,2,1143,3034,3034
verify,20,2,1144,2998,2998
verify,20,2,1145,3062,3062
verify,20,2,1146,2956,2956
verify,20,2,1147,3008,3008
verify,20,2,1148,2982,2982
verify,20,2,1149,2990,2990
verify,20,2,1150,2988,2988
verify,20,2,1151,2980,2980
verify,20,2,1152,3046,3046
verify,20,2,1153,3008,3008
verify,20,2,1154,2998,2998
verify,20,2,1155,3050,3050
verify,20,2,1156,3018,3018
verify,20,2,1157,2974,2974
verify,20,2,1158,3008,3008
verify,20,2,1159,3002,3002
verify,20,2,1160,2992,2992
verify,20,2,1161,3050,3050
verify,20,2,1162,2978,2978
verify,20,2,1163,2988,2988
verify,20,2,1164,3004,3004
verify,20,2,1165,3016,3016
verify,20,2,1166,2992,2992
verify,20,2,1167,2968,2968
verify,20,2,1168,3014,3014
verify,20,2,1169,3044,3044
verify,20,2,1170,3008,3008
verify,20,2,1171,2988,2988
verify,20,2,1172,2988,2988
verify,20,2,1173,3008,3008
verify,20,2,1174,2984,2984
verify,20,2,1175,3052,3052
verify,20,2,1176,3004,3004
verify,20,2,1177,3016,3016
verify,20,2,1178,3000,3000
verify,20,2,1179,3006,3006
verify,20,2,1180,2986,2986
verify,20,2,1181,2984,2984
verify,20,2,1182,3060,3060
verify,20,2,1183,2978,2978
verify,20,2,1184,2978,2978
verify,20,2,1185,2968,2968
verify,20,2,1186,2972,2972
verify,20,2,1187,2994,2994
verify,20,2,1188,2982,2982
verify,20,2,1189,2976,2976
verify,20,2,1190,3012,3012
verify,20,2,1191,2984,2984
verify,20,2,1192,3004,3004
verify,20,2,1193,3040,3040
verify,20,2,1194,3018,3018
verify,20,2,1195,3004,3004
verify,20,2,1196,2986,2986
verify,20,2,1197,2976,2976
verify,20,2,1198,3044,3044
verify,20,2,1199,2986,2986
verify,20,2,1200,2990,2990
verify,20,2,1201,2994,2994
verify,20,2,1202,3002,3002
verify,20,2,1203,2986,2986
verify,20,2,1204,2968,2968
verify,20,2,1205,2982,2982
verify,20,2,1206,2990,2990
verify,20,2,1207,3004,3004
verify,20,2,1208,2986,2986
verify,20,2,1209,3012,3012
verify,20,2,1210,2972,2972
verify,20,2,1211,3046,3046
verify,20,2,1212,3008,3008
verify,20,2,1213,3014,3014
verify,20,2,1214,3006,3006
verify,20,2,1215,2994,2994
verify,20,2,1216,2970,2970
verify,20,2,1217,3000,3000
verify,20,2,1218,3012,3012
verify,20,2,1219,3014,3014
verify,20,2,1220,3084,3084
verify,20,2,1221,2950,2950
verify,20,2,1222,3018,3018
verify,20,2,1223,3006,3006
verify,20,2,1224,3028,3028
verify,20,2,1225,2992,2992
verify,20,2,1226,2980,2980
verify,20,2,1227,2992,2992
verify,20,2,1228,2976,2976
verify,20,2,1229,3022,3022
verify,20,2,1230,3020,3020
verify,20,2,1231,3004,3004
verify,20,2,1232,3016,3016
verify,20,2,1233,3014,3014
verify,20,2,1234,3004,3004
verify,20,2,1235,3042,3042
verify,20,2,1236,2980,2980
verify,20,2,1237,3004,3004
verify,20,2,1238,3102,3102
verify,20,2,1239,2994,2994
verify,20,2,1240,2988,2988
verify,20,2,1241,2980,2980
verify,20,2,1242,2978,2978
verify,20,2,1243,2958,2958
verify,20,2,1244,3000,3000
verify,20,2,1245,2992,2992
verify,20,2,1246,2988,2988
verify,20,2,1247,3034,3034
verify,20,2,1248,2994,2994
verify,20,2,1249,3026,3026
verify,20,2,1250,2968,2968
verify,20,2,1251,2988,2988
verify,20,2,1252,3022,3022
verify,20,2,1253,3002,3002
verify,20,2,1254,3054,3054
verify,20,2,1255,2994,2994
verify,20,2,1256,3014,3014
verify,20,2,1257,3010,3010
verify,20,2,1258,2960,2960
verify,20,2,1259,3004,3004
verify,20,2,1260,3006,3006
verify,20,2,1261,2986,2986
verify,20,2,1262,3012,3012
verify,20,2,1263,2986,2986
verify,20,2,1264,2996,2996
verify,20,2,1265,3062,3062
verify,20,2,1266,3022,3022
verify,20,2,1267,2986,2986
verify,20,2,1268,3014,3014
verify,20,2,1269,2996,2996
verify,20,2,1270,2998,2998
verify,20,2,1271,2990,2990
verify,20,2,1272,3046,3046
verify,20,2,1273,3024,3024
verify,20,2,1274,3026,3026
verify,20,2,1275,2966,2966
verify,20,2,1276,3006,3006
verify,20,2,1277,2986,2986
verify,20,2,1278,2994,2994
verify,20,2,1279,3022,3022
verify,20,2,1280,3016,3016
verify,20,2,1281,3050,3050
verify,20,2,1282,2988,2988
verify,20,2,1283,3002,3002
verify,20,2,1284,3024,3024
verify,20,2,1285,3016,3016
verify,20,2,1286,3016,3016
verify,20,2,1287,3014,3014
verify,20,2,1288,2986,2986
verify,20,2,1289,3036,3036
verify,20,2,1290,3006,3006
verify,20,2,1291,3008,3008
verify,20,2,1292,2994,2994
verify,20,2,1293,2990,2990
verify,20,2,1294,3022,3022
verify,20,2,1295,3008,3008
verify,20,2,1296,3048,3048
verify,20,2,1297,2988,2988
verify,20,2,1298,2994,2994
verify,20,2,1299,3018,3018
verify,20,2,1300,2990,2990
verify,20,2,1301,3022,3022
verify,20,2,1302,3006,3006
verify,20,2,1303,3000,3000
verify,20,2,1304,2994,2994
verify,20,2,1305,2988,2988
verify,20,2,1306,3020,3020
verify,20,2,1307,3002,3002
verify,20,2,1308,3072,3072
verify,20,2,1309,3016,3016
verify,20,2,1310,3024,3024
verify,20,2,1311,3078,3078
verify,20,2,1312,2992,2992
verify,20,2,1313,2980,2980
verify,20,2,1314,3004,3004
verify,20,2,1315,3000,3000
verify,20,2,1316,2992,2992
verify,20,2,1317,3040,3040
verify,20,2,1318,3018,3018
verify,20,2,1319,3006,3006
verify,20,2,1320,3048,3048
verify,20,2,1321,3000,3000
verify,20,2,1322,2994,2994
verify,20,2,1323,2986,2986
verify,20,2,1324,2986,2986
verify,20,2,1325,2994,2994
verify,20,2,1326,2990,2990
verify,20,2,1327,3004,3004
verify,20,2,1328,3018,3018
verify,20,2,1329,3058,3058
verify,20,2,1330,3018,3018
verify,20,2,1331,2992,2992
verify,20,2,1332,3004,3004
verify,20,2,1333,3012,3012
verify,20,2,1334,3020,3020
verify,20,2,1335,2992,2992
verify,20,2,1336,3018,3018
verify,20,2,1337,3022,3022
verify,20,2,1338,2998,2998
verify,20,2,1339,2974,2974
verify,20,2,1340,3002,3002
verify,20,2,1341,2990,2990
verify,20,2,1342,2982,2982
verify,20,2,1343,3042,3042
verify,20,2,1344,2978,2978
verify,20,2,1345,2976,2976
verify,20,2,1346,3016,3016
verify,20,2,1347,2988,2988
verify,20,2,1348,3010,3010
verify,20,2,1349,2982,2982
verify,20,2,1350,3020,3020
verify,20,2,1351,2982,2982
verify,20,2,1352,2976,2976
verify,20,2,1353,3040,3040
verify,20,2,1354,3016,3016
verify,20,2,1355,2994,2994
verify,20,2,1356,2980,2980
verify,20,2,1357,2982,2982
verify,20,2,1358,3004,3004
verify,20,2,1359,2984,2984
verify,20,2,1360,2984,2984
verify,20,2,1361,2962,2962
verify,20,2,1362,3030,3030
verify,20,2,1363,2980,2980
verify,20,2,1364,2970,2970
verify,20,2,1365,2990,2990
verify,20,2,1366,3006,3006
verify,20,2,1367,3008,3008
verify,20,2,1368,3070,3070
verify,20,2,1369,3002,3002
verify,20,2,1370,2982,2982
verify,20,2,1371,3006,3006
verify,20,2,1372,2984,2984
verify,20,2,1373,3024,3024
verify,20,2,1374,2996,2996
verify,20,2,1375,2976,2976
verify,20,2,1376,2968,2968
verify,20,2,1377,3016,3016
verify,20,2,1378,2966,2966
verify,20,2,1379,3038,3038
verify,20,2,1380,3008,3008
verify,20,2,1381,2998,2998
verify,20,2,1382,2988,2988
verify,20,2,1383,3010,3010
verify,20,2,1384,3020,3020
verify,20,2,1385,3002,3002
verify,20,2,1386,3054,3054
verify,20,2,1387,3014,3014
verify,20,2,1388,3008,3008
verify,20,2,1389,3034,3034
verify,20,2,1390,3012,3012
verify,20,2,1391,3038,3038
verify,20,2,1392,3042,3042
verify,20,2,1393,3034,3034
verify,20,2,1394,3008,3008
verify,20,2,1395,3078,3078
verify,20,2,1396,3014,3014
verify,20,2,1397,3022,3022
verify,20,2,1398,3026,3026
verify,20,2,1399,3032,3032
verify,20,2,1400,3006,3006
verify,20,2,1401,2994,2994
verify,20,2,1402,3012,3012
verify,20,2,1403,2994,2994
verify,20,2,1404,3038,3038
verify,20,2,1405,3038,3038
verify,20,2,1406,3002,3002
verify,20,2,1407,3000,3000
verify,20,2,1408,3068,3068
verify,20,2,1409,3020,3020
verify,20,2,1410,3000,3000
verify,20,2,1411,2984,2984
verify,20,2,1412,3018,3018
verify,20,2,1413,3098,3098
verify,20,2,1414,2962,2962
verify,20,2,1415,2974,2974
verify,20,2,1416,3000,3000
verify,20,2,1417,3020,3020
verify,20,2,1418,3038,3038
verify,20,2,1419,2982,2982
verify,20,2,1420,2992,2992
verify,20,2,1421,2978,2978
verify,20,2,1422,2982,2982
verify,20,2,1423,2982,2982
verify,20,2,1424,3028,3028
verify,20,2,1425,3034,3034
verify,20,2,1426,3036,3036
verify,20,2,1427,3000,3000
verify,20,2,1428,3012,3012
verify,20,2,1429,3030,3030
verify,20,2,1430,3014,3014
verify,20,2,1431,3002,3002
verify,20,2,1432,3004,3004
verify,20,2,1433,3094,3094
verify,20,2,1434,2990,2990
verify,20,2,1435,3022,3022
verify,20,2,1436,2958,2958
verify,20,2,1437,2996,2996
verify,20,2,1438,3046,3046
verify,20,2,1439,3018,3018
verify,20,2,1440,3006,3006
verify,20,2,1441,3030,3030
verify,20,2,1442,3008,3008
verify,20,2,1443,2974,2974
verify,20,2,1444,3050,3050
verify,20,2,1445,3082,3082
verify,20,2,1446,2994,2994
verify,20,2,1447,3030,3030
verify,20,2,1448,2970,2970
verify,20,2,1449,2994,2994
verify,20,2,1450,3052,3052
verify,20,2,1451,2988,2988
verify,20,2,1452,3040,3040
verify,20,2,1453,3020,3020
verify,20,2,1454,3036,3036
verify,20,2,1455,3008,3008
verify,20,2,1456,3044,3044
verify,20,2,1457,3020,3020
verify,20,2,1458,2986,2986
verify,20,2,1459,2976,2976
verify,20,2,1460,2970,2970
verify,20,2,1461,2984,2984
verify,20,2,1462,3046,3046
verify,20,2,1463,2984,2984
verify,20,2,1464,3002,3002
verify,20,2,1465,3002,3002
verify,20,2,1466,3062,3062
verify,20,2,1467,3000,3000
verify,20,2,1468,3044,3044
verify,20,2,1469,2998,2998
verify,20,2,1470,2980,2980
verify,20,2,1471,3002,3002
verify,20,2,1472,2982,2982
verify,20,2,1473,3054,3054
verify,20,2,1474,3006,3006
verify,20,2,1475,3016,3016
verify,20,2,1476,2984,2984
verify,20,2,1477,2990,2990
verify,20,2,1478,2996,2996
verify,20,2,1479,2978,2978
verify,20,2,1480,3020,3020
verify,20,2,1481,3040,3040
verify,20,2,1482,3010,3010
verify,20,2,1483,2976,2976
verify,20,2,1484,2980,2980
verify,20,2,1485,2976,2976
verify,20,2,1486,2980,2980
verify,20,2,1487,3060,3060
verify,20,2,1488,3026,3026
verify,20,2,1489,3012,3012
verify,20,2,1490,2998,2998
verify,20,2,1491,2984,2984
verify,20,2,1492,3014,3014
verify,20,2,1493,3020,3020
verify,20,2,1494,3018,3018
verify,20,2,1495,2980,2980
verify,20,2,1496,3048,3048
verify,20,2,1497,2982,2982
verify,20,2,1498,3034,3034
verify,20,2,1499,3014,3014
verify,20,2,1500,3036,3036
verify,20,2,1501,3010,3010
verify,20,2,1502,3034,3034
verify,20,2,1503,2984,2984
verify,20,2,1504,3018,3018
verify,20,2,1505,3028,3028
verify,20,2,1506,3066,3066
verify,20,2,1507,3000,3000
verify,20,2,1508,3036,3036
verify,20,2,1509,3000,3000
verify,20,2,1510,3026,3026
verify,20,2,1511,3008,3008
verify,20,2,1512,3016,3016
verify,20,2,1513,2992,2992
verify,20,2,1514,3054,3054
verify,20,2,1515,3080,3080
verify,20,2,1516,2990,2990
verify,20,2,1517,2992,2992
verify,20,2,1518,2980,2980
verify,20,2,1519,2976,2976
verify,20,2,1520,3004,3004
verify,20,2,1521,2992,2992
verify,20,2,1522,2968,2968
verify,20,2,1523,3000,3000
verify,20,2,1524,3000,3000
verify,20,2,1525,3080,3080
verify,20,2,1526,3014,3014
verify,20,2,1527,3026,3026
verify,20,2,1528,2980,2980
verify,20,2,1529,2994,2994
verify,20,2,1530,2976,2976
verify,20,2,1531,2974,2974
verify,20,2,1532,2972,2972
verify,20,2,1533,3056,3056
verify,20,2,1534,3018,3018
verify,20,2,1535,3010,3010
verify,20,2,1536,3030,3030
verify,20,2,1537,2976,2976
verify,20,2,1538,3012,3012
verify,20,2,1539,3020,3020
verify,20,2,1540,3020,3020
verify,20,2,1541,2964,2964
verify,20,2,1542,3050,3050
verify,20,2,1543,2998,2998
verify,20,2,1544,3002,3002
verify,20,2,1545,3006,3006
verify,20,2,1546,3022,3022
verify,20,2,1547,3002,3002
verify,20,2,1548,3060,3060
verify,20,2,1549,3052,3052
verify,20,2,1550,2994,2994
verify,20,2,1551,2982,2982
verify,20,2,1552,3010,3010
verify,20,2,1553,2974,2974
verify,20,2,1554,3006,3006
verify,20,2,1555,2994,2994
verify,20,2,1556,3014,3014
verify,20,2,1557,3086,3086
verify,20,2,1558,2988,2988
verify,20,2,1559,2982,2982
verify,20,2,1560,2988,2988
verify,20,2,1561,2988,2988
verify,20,2,1562,3000,3000
verify,20,2,1563,3016,3016
verify,20,2,1564,3006,3006
verify,20,2,1565,2984,2984
verify,20,2,1566,2990,2990
verify,20,2,1567,3058,3058
verify,20,2,1568,2986,2986
verify,20,2,1569,2982,2982
verify,20,2,1570,3010,3010
verify,20,2,1571,2994,2994
verify,20,2,1572,2994,2994
verify,20,2,1573,2976,2976
verify,20,2,1574,3018,3018
verify,20,2,1575,2986,2986
verify,20,2,1576,3040,3040
verify,20,2,1577,2980,2980
verify,20,2,1578,2994,2994
verify,20,2,1579,3016,3016
verify,20,2,1580,3020,3020
verify,20,2,1581,2988,2988
verify,20,2,1582,3080,3080
verify,20,2,1583,3036,3036
verify,20,2,1584,3008,3008
verify,20,2,1585,2994,2994
verify,20,2,1586,2972,2972
verify,20,2,1587,3010,3010
verify,20,2,1588,2986,2986
verify,20,2,1589,2980,2980
verify,20,2,1590,2988,2988
verify,20,2,1591,2978,2978
verify,20,2,1592,2980,2980
verify,20,2,1593,2996,2996
verify,20,2,1594,3032,3032
verify,20,2,1595,3008,3008
verify,20,2,1596,2966,2966
verify,20,2,1597,3034,3034
verify,20,2,1598,3014,3014
verify,20,2,1599,3008,3008
verify,20,2,1600,3000,3000
verify,20,2,1601,2992,2992
verify,20,2,1602,2988,2988
verify,20,2,1603,3028,3028
verify,20,2,1604,3024,3024
verify,20,2,1605,3004,3004
verify,20,2,1606,3002,3002
verify,20,2,1607,3006,3006
verify,20,2,1608,3122,3122
verify,20,2,1609,3018,3018
verify,20,2,1610,2998,2998
verify,20,2,1611,3064,3064
verify,20,2,1612,3010,3010
verify,20,2,1613,3014,3014
verify,20,2,1614,2994,2994
verify,20,2,1615,2996,2996
verify,20,2,1616,2992,2992
verify,20,2,1617,3012,3012
verify,20,2,1618,3096,3096
verify,20,2,1619,2994,2994
verify,20,2,1620,2978,2978
verify,20,2,1621,2988,2988
verify,20,2,1622,2996,2996
verify,20,2,1623,3004,3004
verify,20,2,1624,3074,3074
verify,20,2,1625,2992,2992
verify,20,2,1626,3024,3024
verify,20,2,1627,3004,3004
verify,20,2,1628,3050,3050
verify,20,2,1629,3008,3008
verify,20,2,1630,3048,3048
verify,20,2,1631,3014,3014
verify,20,2,1632,3000,3000
verify,20,2,1633,3006,3006
verify,20,2,1634,3000,3000
verify,20,2,1635,2988,2988
verify,20,2,1636,3018,3018
verify,20,2,1637,2988,2988
verify,20,2,1638,3038,3038
verify,20,2,1639,3000,3000
verify,20,2,1640,2992,2992
verify,20,2,1641,3048,3048
verify,20,2,1642,3024,3024
verify,20,2,1643,3010,3010
verify,20,2,1644,3020,3020
verify,20,2,1645,3002,3002
verify,20,2,1646,3020,3020
verify,20,2,1647,3042,3042
verify,20,2,1648,2994,2994
verify,20,2,1649,2978,2978
verify,20,2,1650,2994,2994
verify,20,2,1651,3016,3016
verify,20,2,1652,3018,3018
verify,20,2,1653,3042,3042
verify,20,2,1654,3008,3008
verify,20,2,1655,2966,2966
verify,20,2,1656,2982,2982
verify,20,2,1657,3028,3028
verify,20,2,1658,3012,3012
verify,20,2,1659,3012,3012
verify,20,2,1660,3016,3016
verify,20,2,1661,3030,3030
verify,20,2,1662,2980,2980
verify,20,2,1663,2990,2990
verify,20,2,1664,2998,2998
verify,20,2,1665,3098,3098
verify,20,2,1666,3010,3010
verify,20,2,1667,2998,2998
verify,20,2,1668,2978,2978
verify,20,2,1669,2996,2996
verify,20,2,1670,2992,2992
verify,20,2,1671,2970,2970
verify,20,2,1672,3024,3024
verify,20,2,1673,3002,3002
verify,20,2,1674,3020,3020
verify,20,2,1675,2970,2970
verify,20,2,1676,2996,2996
verify,20,2,1677,3044,3044
verify,20,2,1678,2986,2986
verify,20,2,1679,3044,3044
verify,20,2,1680,2990,2990
verify,20,2,1681,2976,2976
verify,20,2,1682,2978,2978
verify,20,2,1683,2984,2984
verify,20,2,1684,3088,3088
verify,20,2,1685,3028,3028
verify,20,2,1686,3066,3066
verify,20,2,1687,3046,3046
verify,20,2,1688,2996,2996
verify,20,2,1689,2990,2990
verify,20,2,1690,3014,3014
verify,20,2,1691,3002,3002
verify,20,2,1692,2986,2986
verify,20,2,1693,3006,3006
verify,20,2,1694,3012,3012
verify,20,2,1695,2982,2982
verify,20,2,1696,2990,2990
verify,20,2,1697,3048,3048
verify,20,2,1698,3016,3016
verify,20,2,1699,2978,2978
verify,20,2,1700,3030,3030
verify,20,2,1701,3042,3042
verify,20,2,1702,2968,2968
verify,20,2,1703,3004,3004
verify,20,2,1704,3008,3008
verify,20,2,1705,2992,2992
verify,20,2,1706,2998,2998
verify,20,2,1707,3032,3032
verify,20,2,1708,3036,3036
verify,20,2,1709,3016,3016
verify,20,2,1710,2976,2976
verify,20,2,1711,3056,3056
verify,20,2,1712,3044,3044
verify,20,2,1713,2994,2994
verify,20,2,1714,3044,3044
verify,20,2,1715,9004,9004
verify,20,2,1716,2982,2982
verify,20,2,1717,3020,3020
verify,20,2,1718,2992,2992
verify,20,2,1719,2996,2996
verify,20,2,1720,2986,2986
verify,20,2,1721,3128,3128
verify,20,2,1722,2990,2990
verify,20,2,1723,2982,2982
verify,20,2,1724,2970,2970
verify,20,2,1725,2990,2990
verify,20,2,1726,2960,2960
verify,20,2,1727,3018,3018
verify,20,2,1728,2992,2992
verify,20,2,1729,2996,2996
verify,20,2,1730,3066,3066
verify,20,2,1731,2984,2984
verify,20,2,1732,2972,2972
verify,20,2,1733,3004,3004
verify,20,2,1734,3038,3038
verify,20,2,1735,2978,2978
verify,20,2,1736,2964,2964
verify,20,2,1737,3000,3000
verify,20,2,1738,3004,3004
verify,20,2,1739,2994,2994
verify,20,2,1740,2996,2996
verify,20,2,1741,2978,2978
verify,20,2,1742,2994,2994
verify,20,2,1743,3022,3022
verify,20,2,1744,3044,3044
verify,20,2,1745,2984,2984
verify,20,2,1746,3006,3006
verify,20,2,1747,2994,2994
verify,20,2,1748,2978,2978
verify,20,2,1749,3020,3020
verify,20,2,1750,2992,2992
verify,20,2,1751,3026,3026
verify,20,2,1752,2978,2978
verify,20,2,1753,2966,2966
verify,20,2,1754,3024,3024
verify,20,2,1755,2996,2996
verify,20,2,1756,3000,3000
verify,20,2,1757,2992,2992
verify,20,2,1758,2984,2984
verify,20,2,1759,2996,2996
verify,20,2,1760,2994,2994
verify,20,2,1761,2994,2994
verify,20,2,1762,2972,2972
verify,20,2,1763,2966,2966
verify,20,2,1764,3004,3004
verify,20,2,1765,3060,3060
verify,20,2,1766,2998,2998
verify,20,2,1767,2980,2980
verify,20,2,1768,2976,2976
verify,20,2,1769,2980,2980
verify,20,2,1770,3002,3002
verify,20,2,1771,2986,2986
verify,20,2,1772,3002,3002
verify,20,2,1773,3008,3008
verify,20,2,1774,3020,3020
verify,20,2,1775,3018,3018
verify,20,2,1776,3000,3000
verify,20,2,1777,3038,3038
verify,20,2,1778,2978,2978
verify,20,2,1779,3042,3042
verify,20,2,1780,3044,3044
verify,20,2,1781,3026,3026
verify,20,2,1782,3026,3026
verify,20,2,1783,3006,3006
verify,20,2,1784,2974,2974
verify,20,2,1785,2982,2982
verify,20,2,1786,3014,3014
verify,20,2,1787,3000,3000
verify,20,2,1788,3052,3052
verify,20,2,1789,3000,3000
verify,20,2,1790,2978,2978
verify,20,2,1791,3022,3022
verify,20,2,1792,2990,2990
verify,20,2,1793,3000,3000
verify,20,2,1794,3040,3040
verify,20,2,1795,3028,3028
verify,20,2,1796,3028,3028
verify,20,2,1797,2996,2996
verify,20,2,1798,3016,3016
verify,20,2,1799,3000,3000
verify,20,2,1800,2994,2994
verify,20,2,1801,3030,3030
verify,20,2,1802,3014,3014
verify,20,2,1803,2996,2996
verify,20,2,1804,2988,2988
verify,20,2,1805,2980,2980
verify,20,2,1806,3068,3068
verify,20,2,1807,3000,3000
verify,20,2,1808,2996,2996
verify,20,2,1809,2974,2974
verify,20,2,1810,2986,2986
verify,20,2,1811,2958,2958
verify,20,2,1812,2974,2974
verify,20,2,1813,3034,3034
verify,20,2,1814,3020,3020
verify,20,2,1815,3010,3010
verify,20,2,1816,3000,3000
verify,20,2,1817,2984,2984
verify,20,2,1818,3032,3032
verify,20,2,1819,3016,3016
verify,20,2,1820,3016,3016
verify,20,2,1821,2996,2996
verify,20,2,1822,2992,2992
verify,20,2,1823,3028,3028
verify,20,2,1824,2988,2988
verify,20,2,1825,2956,2956
verify,20,2,1826,2960,2960
verify,20,2,1827,2974,2974
verify,20,2,1828,2952,2952
verify,20,2,1829,3030,3030
verify,20,2,1830,3046,3046
verify,20,2,1831,3034,3034
verify,20,2,1832,3014,3014
verify,20,2,1833,2998,2998
verify,20,2,1834,3046,3046
verify,20,2,1835,2994,2994
verify,20,2,1836,3028,3028
verify,20,2,1837,3072,3072
verify,20,2,1838,3016,3016
verify,20,2,1839,3120,3120
verify,20,2,1840,3010,3010
verify,20,2,1841,3022,3022
verify,20,2,1842,3014,3014
verify,20,2,1843,3046,3046
verify,20,2,1844,2994,2994
verify,20,2,1845,3016,3016
verify,20,2,1846,3002,3002
verify,20,2,1847,2976,2976
verify,20,2,1848,3000,3000
verify,20,2,1849,3002,3002
verify,20,2,1850,2984,2984
verify,20,2,1851,3018,3018
verify,20,2,1852,3132,3132
verify,20,2,1853,2988,2988
verify,20,2,1854,2978,2978
verify,20,2,1855,3036,3036
verify,20,2,1856,2976,2976
verify,20,2,1857,2996,2996
verify,20,2,1858,2970,2970
verify,20,2,1859,3048,3048
verify,20,2,1860,3008,3008
verify,20,2,1861,2988,2988
verify,20,2,1862,3004,3004
verify,20,2,1863,3058,3058
verify,20,2,1864,3006,3006
verify,20,2,1865,3058,3058
verify,20,2,1866,3010,3010
verify,20,2,1867,3012,3012
verify,20,2,1868,3006,3006
verify,20,2,1869,3012,3012
verify,20,2,1870,2974,2974
verify,20,2,1871,2960,2960
verify,20,2,1872,2982,2982
verify,20,2,1873,2984,2984
verify,20,2,1874,3010,3010
verify,20,2,1875,3010,3010
verify,20,2,1876,3010,3010
verify,20,2,1877,3016,3016
verify,20,2,1878,2974,2974
verify,20,2,1879,2994,2994
verify,20,2,1880,3008,3008
verify,20,2,1881,3050,3050
verify,20,2,1882,3030,3030
verify,20,2,1883,2988,2988
verify,20,2,1884,3062,3062
verify,20,2,1885,2984,2984
verify,20,2,1886,3018,3018
verify,20,2,1887,3000,3000
verify,20,2,1888,2980,2980
verify,20,2,1889,2994,2994
verify,20,2,1890,3042,3042
verify,20,2,1891,2980,2980
verify,20,2,1892,3002,3002
verify,20,2,1893,3062,3062
verify,20,2,1894,2998,2998
verify,20,2,1895,3014,3014
verify,20,2,1896,3058,3058
verify,20,2,1897,2984,2984
verify,20,2,1898,3032,3032
verify,20,2,1899,3012,3012
verify,20,2,1900,2976,2976
verify,20,2,1901,3044,3044
verify,20,2,1902,2998,2998
verify,20,2,1903,2988,2988
verify,20,2,1904,3014,3014
verify,20,2,1905,3000,3000
verify,20,2,1906,3004,3004
verify,20,2,1907,3014,3014
verify,20,2,1908,3042,3042
verify,20,2,1909,3006,3006
verify,20,2,1910,3024,3024
verify,20,2,1911,3000,3000
verify,20,2,1912,3060,3060
verify,20,2,1913,3004,3004
verify,20,2,1914,3018,3018
verify,20,2,1915,2972,2972
verify,20,2,1916,3014,3014
verify,20,2,1917,3020,3020
verify,20,2,1918,3000,3000
verify,20,2,1919,2982,2982
verify,20,2,1920,2988,2988
verify,20,2,1921,3100,3100
verify,20,2,1922,3008,3008
verify,20,2,1923,3020,3020
verify,20,2,1924,2982,2982
verify,20,2,1925,2982,2982
verify,20,2,1926,3042,3042
verify,20,2,1927,3006,3006
verify,20,2,1928,2990,2990
verify,20,2,1929,2966,2966
verify,20,2,1930,2996,2996
verify,20,2,1931,3006,3006
verify,20,2,1932,2982,2982
verify,20,2,1933,2988,2988
verify,20,2,1934,3034,3034
verify,20,2,1935,3000,3000
verify,20,2,1936,3008,3008
verify,20,2,1937,3016,3016
verify,20,2,1938,3004,3004
verify,20,2,1939,3000,3000
verify,20,2,1940,2992,2992
verify,20,2,1941,2982,2982
verify,20,2,1942,3012,3012
verify,20,2,1943,3012,3012
verify,20,2,1944,3000,3000
verify,20,2,1945,2986,2986
verify,20,2,1946,3018,3018
verify,20,2,1947,2992,2992
verify,20,2,1948,2984,2984
verify,20,2,1949,3036,3036
verify,20,2,1950,3030,3030
verify,20,2,1951,3002,3002
verify,20,2,1952,2978,2978
verify,20,2,1953,2992,2992
verify,20,2,1954,2996,2996
verify,20,2,1955,3006,3006
verify,20,2,1956,2984,2984
verify,20,2,1957,2994,2994
verify,20,2,1958,3030,3030
verify,20,2,1959,3010,3010
verify,20,2,1960,2996,2996
verify,20,2,1961,3082,3082
verify,20,2,1962,3058,3058
verify,20,2,1963,3006,3006
verify,20,2,1964,3002,3002
verify,20,2,1965,3002,3002
verify,20,2,1966,3070,3070
verify,20,2,1967,3016,3016
verify,20,2,1968,2984,2984
verify,20,2,1969,2978,2978
verify,20,2,1970,2986,2986
verify,20,2,1971,3020,3020
verify,20,2,1972,2992,2992
verify,20,2,1973,2994,2994
verify,20,2,1974,2994,2994
verify,20,2,1975,3000,3000
verify,20,2,1976,3022,3022
verify,20,2,1977,2982,2982
verify,20,2,1978,3108,3108
verify,20,2,1979,3000,3000
verify,20,2,1980,3012,3012
verify,20,2,1981,2980,2980
verify,20,2,1982,3042,3042
verify,20,2,1983,3048,3048
verify,20,2,1984,3026,3026
verify,20,2,1985,2996,2996
verify,20,2,1986,3028,3028
verify,20,2,1987,3038,3038
verify,20,2,1988,3040,3040
verify,20,2,1989,2990,2990
verify,20,2,1990,3010,3010
verify,20,2,1991,2980,2980
verify,20,2,1992,2992,2992
verify,20,2,1993,3010,3010
verify,20,2,1994,2998,2998
verify,20,2,1995,3032,3032
verify,20,2,1996,2992,2992
verify,20,2,1997,2984,2984
verify,20,2,1998,3006,3006
verify,20,2,1999,2998,2998
verify,20,2,2000,2982,2982
protect,36,3,1,3978,3978
protect,36,3,2,3930,3930
protect,36,3,3,3940,3940
protect,36,3,4,3976,3976
protect,36,3,5,3920,3920
protect,36,3,6,3878,3878
protect,36,3,7,3980,3980
protect,36,3,8,3966,3966
protect,36,3,9,3906,3906
protect,36,3,10,3916,3916
protect,36,3,11,3936,3936
protect,36,3,12,3912,3912
protect,36,3,13,3930,3930
protect,36,3,14,3946,3946
protect,36,3,15,3900,3900
protect,36,3,16,3908,3908
protect,36,3,17,3912,3912
protect,36,3,18,3910,3910
protect,36,3,19,16082,16082
protect,36,3,20,3998,3998
protect,36,3,21,3996,3996
protect,36,3,22,4130,4130
protect,36,3,23,3970,3970
protect,36,3,24,3964,3964
protect,36,3,25,4000,4000
protect,36,3,26,3996,3996
protect,36,3,27,3968,3968
protect,36,3,28,3978,3978
protect,36,3,29,3956,3956
protect,36,3,30,3954,3954
protect,36,3,31,3940,3940
protect,36,3,32,3948,3948
protect,36,3,33,4022,4022
protect,36,3,34,3974,3974
protect,36,3,35,4024,4024
protect,36,3,36,3958,3958
protect,36,3,37,4052,4052
protect,36,3,38,3968,3968
protect,36,3,39,3992,3992
protect,36,3,40,4012,4012
protect,36,3,41,3982,3982
protect,36,3,42,3964,3964
protect,36,3,43,3944,3944
protect,36,3,44,3964,3964
protect,36,3,45,3950,3950
protect,36,3,46,3966,3966
protect,36,3,47,3978,3978
protect,36,3,48,3948,3948
protect,36,3,49,3974,3974
protect,36,3,50,3976,3976
protect,36,3,51,4002,4002
protect,36,3,52,3966,3966
protect,36,3,53,3980,3980
protect,36,3,54,3966,3966
protect,36,3,55,4046,4046
protect,36,3,56,3994,3994
protect,36,3,57,3960,3960
protect,36,3,58,3970,3970
protect,36,3,59,3968,3968
protect,36,3,60,3966,3966
protect,36,3,61,3960,3960
protect,36,3,62,4036,4036
protect,36,3,63,4018,4018
protect,36,3,64,3992,3992
protect,36,3,65,4004,4004
protect,36,3,66,4010,4010
protect,36,3,67,3978,3978
protect,36,3,68,3970,3970
protect,36,3,69,3960,3960
protect,36,3,70,3972,3972
protect,36,3,71,3986,3986
protect,36,3,72,3994,3994
protect,36,3,73,4010,4010
protect,36,3,74,3980,3980
protect,36,3,75,3992,3992
protect,36,3,76,3968,3968
protect,36,3,77,4012,4012
protect,36,3,78,3962,3962
protect,36,3,79,4016,4016
protect,36,3,80,3954,3954
protect,36,3,81,3990,3990
protect,36,3,82,3952,3952
protect,36,3,83,3970,3970
protect,36,3,84,3966,3966
protect,36,3,85,3990,3990
protect,36,3,86,3998,3998
protect,36,3,87,4024,4024
protect,36,3,88,3996,3996
protect,36,3,89,3968,3968
protect,36,3,90,3986,3986
protect,36,3,91,4030,4030
protect,36,3,92,4032,4032
protect,36,3,93,3954,3954
protect,36,3,94,3978,3978
protect,36,3,95,3962,3962
protect,36,3,96,3990,3990
protect,36,3,97,3990,3990
protect,36,3,98,4004,4004
protect,36,3,99,4044,4044
protect,36,3,100,3966,3966
protect,36,3,101,4014,4014
protect,36,3,102,3976,3976
protect,36,3,103,3996,3996
protect,36,3,104,3984,3984
protect,36,3,105,4018,4018
protect,36,3,106,3990,3990
protect,36,3,107,3988,3988
protect,36,3,108,3974,3974
protect,36,3,109,4080,4080
protect,36,3,110,3990,3990
protect,36,3,111,3980,3980
protect,36,3,112,4038,4038
protect,36,3,113,4020,4020
protect,36,3,114,3960,3960
protect,36,3,115,3990,3990
protect,36,3,116,4036,4036
protect,36,3,117,3978,3978
protect,36,3,118,3958,3958
protect,36,3,119,3980,3980
protect,36,3,120,3968,3968
protect,36,3,121,3982,3982
protect,36,3,122,3992,3992
protect,36,3,123,3976,3976
protect,36,3,124,4046,4046
protect,36,3,125,3994,3994
protect,36,3,126,3962,3962
protect,36,3,127,3950,3950
protect,36,3,128,3996,3996
protect,36,3,129,4010,4010
protect,36,3,130,4046,4046
protect,36,3,131,3964,3964
protect,36,3,132,3994,3994
protect,36,3,133,3984,3984
protect,36,3,134,3978,3978
protect,36,3,135,4000,4000
protect,36,3,136,4020,4020
protect,36,3,137,3972,3972
protect,36,3,138,4008,4008
protect,36,3,139,3998,3998
protect,36,3,140,3986,3986
protect,36,3,141,4002,4002
protect,36,3,142,3996,3996
protect,36,3,143,3956,3956
protect,36,3,144,3952,3952
protect,36,3,145,4000,4000
protect,36,3,146,3976,3976
protect,36,3,147,4002,4002
protect,36,3,148,4038,4038
protect,36,3,149,3960,3960
protect,36,3,150,3970,3970
protect,36,3,151,3986,3986
protect,36,3,152,3974,3974
protect,36,3,153,3970,3970
protect,36,3,154,3962,3962
protect,36,3,155,3980,3980
protect,36,3,156,3962,3962
protect,36,3,157,3962,3962
protect,36,3,158,3966,3966
protect,36,3,159,4012,4012
protect,36,3,160,3984,3984
protect,36,3,161,3992,3992
protect,36,3,162,3966,3966
protect,36,3,163,4028,4028
protect,36,3,164,3998,3998
protect,36,3,165,4046,4046
protect,36,3,166,4030,4030
protect,36,3,167,3966,3966
protect,36,3,168,3922,3922
protect,36,3,169,4000,4000
protect,36,3,170,4012,4012
protect,36,3,171,3914,3914
protect,36,3,172,3946,3946
protect,36,3,173,3960,3960
protect,36,3,174,3912,3912
protect,36,3,175,3916,3916
protect,36,3,176,3948,3948
protect,36,3,177,3902,3902
protect,36,3,178,3998,3998
protect,36,3,179,3904,3904
protect,36,3,180,3938,3938
protect,36,3,181,3908,3908
protect,36,3,182,3902,3902
protect,36,3,183,3884,3884
protect,36,3,184,3950,3950
protect,36,3,185,3916,3916
protect,36,3,186,3938,3938
protect,36,3,187,3908,3908
protect,36,3,188,3938,3938
protect,36,3,189,3950,3950
protect,36,3,190,3928,3928
protect,36,3,191,3966,3966
protect,36,3,192,3938,3938
protect,36,3,193,3890,3890
protect,36,3,194,3922,3922
protect,36,3,195,3956,3956
protect,36,3,196,3910,3910
protect,36,3,197,3894,3894
protect,36,3,198,3936,3936
protect,36,3,199,3940,3940
protect,36,3,200,3896,3896
protect,36,3,201,3912,3912
protect,36,3,202,3896,3896
protect,36,3,203,3936,3936
protect,36,3,204,3918,3918
protect,36,3,205,3968,3968
protect,36,3,206,3902,3902
protect,36,3,207,3896,3896
protect,36,3,208,3992,3992
protect,36,3,209,3882,3882
protect,36,3,210,3912,3912
protect,36,3,211,3946,3946
protect,36,3,212,3968,3968
protect,36,3,213,3888,3888
protect,36,3,214,3934,3934
protect,36,3,215,3894,3894
protect,36,3,216,3888,3888
protect,36,3,217,3900,3900
protect,36,3,218,3894,3894
protect,36,3,219,3904,3904
protect,36,3,220,3898,3898
protect,36,3,221,3886,3886
protect,36,3,222,3888,3888
protect,36,3,223,3956,3956
protect,36,3,224,3940,3940
protect,36,3,225,3946,3946
protect,36,3,226,3986,3986
protect,36,3,227,3944,3944
protect,36,3,228,3940,3940
protect,36,3,229,3932,3932
protect,36,3,230,3904,3904
protect,36,3,231,3898,3898
protect,36,3,232,3940,3940
protect,36,3,233,3916,3916
protect,36,3,234,3896,3896
protect,36,3,235,3948,3948
protect,36,3,236,3970,3970
protect,36,3,237,3942,3942
protect,36,3,238,3916,3916
protect,36,3,239,3910,3910
protect,36,3,240,3976,3976
protect,36,3,241,3920,3920
protect,36,3,242,3948,3948
protect,36,3,243,3934,3934
protect,36,3,244,3936,3936
protect,36,3,245,4006,4006
protect,36,3,246,3922,3922
protect,36,3,247,3882,3882
protect,36,3,248,3886,3886
protect,36,3,249,3878,3878
protect,36,3,250,3960,3960
protect,36,3,251,3912,3912
protect,36,3,252,3914,3914
protect,36,3,253,3910,3910
protect,36,3,254,3944,3944
protect,36,3,255,3916,3916
protect,36,3,256,3888,3888
protect,36,3,257,4008,4008
protect,36,3,258,3912,3912
protect,36,3,259,3910,3910
protect,36,3,260,3902,3902
protect,36,3,261,3892,3892
protect,36,3,262,3968,3968
protect,36,3,263,3950,3950
protect,36,3,264,3904,3904
protect,36,3,265,3904,3904
protect,36,3,266,3902,3902
protect,36,3,267,3900,3900
protect,36,3,268,3916,3916
protect,36,3,269,3910,3910
protect,36,3,270,3904,3904
protect,36,3,271,3974,3974
protect,36,3,272,3928,3928
protect,36,3,273,3964,3964
protect,36,3,274,3946,3946
protect,36,3,275,3922,3922
protect,36,3,276,3924,3924
protect,36,3,277,3920,3920
protect,36,3,278,3978,3978
protect,36,3,279,3884,3884
protect,36,3,280,3908,3908
protect,36,3,281,3932,3932
protect,36,3,282,3896,3896
protect,36,3,283,3964,3964
protect,36,3,284,3904,3904
protect,36,3,285,3924,3924
protect,36,3,286,3908,3908
protect,36,3,287,3958,3958
protect,36,3,288,3906,3906
protect,36,3,289,3880,3880
protect,36,3,290,3922,3922
protect,36,3,291,3944,3944
protect,36,3,292,3996,3996
protect,36,3,293,3946,3946
protect,36,3,294,3922,3922
protect,36,3,295,3874,3874
protect,36,3,296,3866,3866
protect,36,3,297,3896,3896
protect,36,3,298,3936,3936
protect,36,3,299,3906,3906
protect,36,3,300,3916,3916
protect,36,3,301,3888,3888
protect,36,3,302,3878,3878
protect,36,3,303,3922,3922
protect,36,3,304,3992,3992
protect,36,3,305,3954,3954
protect,36,3,306,3892,3892
protect,36,3,307,3938,3938
protect,36,3,308,3966,3966
protect,36,3,309,3888,3888
protect,36,3,310,3986,3986
protect,36,3,311,3950,3950
protect,36,3,312,3908,3908
protect,36,3,313,3860,3860
protect,36,3,314,3966,3966
protect,36,3,315,3898,3898
protect,36,3,316,3968,3968
protect,36,3,317,3926,3926
protect,36,3,318,3960,3960
protect,36,3,319,3948,3948
protect,36,3,320,3956,3956
protect,36,3,321,3866,3866
protect,36,3,322,3880,3880
protect,36,3,323,3870,3870
protect,36,3,324,3894,3894
protect,36,3,325,3886,3886
protect,36,3,326,3930,3930
protect,36,3,327,3900,3900
protect,36,3,328,3896,3896
protect,36,3,329,3910,3910
protect,36,3,330,3954,3954
protect,36,3,331,3902,3902
protect,36,3,332,3930,3930
protect,36,3,333,3912,3912
protect,36,3,334,3968,3968
protect,36,3,335,3898,3898
protect,36,3,336,3894,3894
protect,36,3,337,3952,3952
protect,36,3,338,3880,3880
protect,36,3,339,3954,3954
protect,36,3,340,3882,3882
protect,36,3,341,3914,3914
protect,36,3,342,3958,3958
protect,36,3,343,3902,3902
protect,36,3,344,3902,3902
protect,36,3,345,3948,3948
protect,36,3,346,3992,3992
protect,36,3,347,3912,3912
protect,36,3,348,3908,3908
protect,36,3,349,3872,3872
protect,36,3,350,3998,3998
protect,36,3,351,3946,3946
protect,36,3,352,3938,3938
protect,36,3,353,3920,3920
protect,36,3,354,3940,3940
protect,36,3,355,3954,3954
protect,36,3,356,3912,3912
protect,36,3,357,3954,3954
protect,36,3,358,3894,3894
protect,36,3,359,3904,3904
protect,36,3,360,3892,3892
protect,36,3,361,3964,3964
protect,36,3,362,3924,3924
protect,36,3,363,3928,3928
protect,36,3,364,3954,3954
protect,36,3,365,3974,3974
protect,36,3,366,3924,3924
protect,36,3,367,3900,3900
protect,36,3,368,3972,3972
protect,36,3,369,3930,3930
protect,36,3,370,3900,3900
protect,36,3,371,3948,3948
protect,36,3,372,3876,3876
protect,36,3,373,3948,3948
protect,36,3,374,3884,3884
protect,36,3,375,3952,3952
protect,36,3,376,3910,3910
protect,36,3,377,3894,3894
protect,36,3,378,3906,3906
protect,36,3,379,3964,3964
protect,36,3,380,3928,3928
protect,36,3,381,3958,3958
protect,36,3,382,3940,3940
protect,36,3,383,3904,3904
protect,36,3,384,3874,3874
protect,36,3,385,3952,3952
protect,36,3,386,3902,3902
protect,36,3,387,3870,3870
protect,36,3,388,3924,3924
protect,36,3,389,3976,3976
protect,36,3,390,3914,3914
protect,36,3,391,3924,3924
protect,36,3,392,3900,3900
protect,36,3,393,3898,3898
protect,36,3,394,3900,3900
protect,36,3,395,3954,3954
protect,36,3,396,3924,3924
protect,36,3,397,3908,3908
protect,36,3,398,3954,3954
protect,36,3,399,3934,3934
protect,36,3,400,3896,3896
protect,36,3,401,3952,3952
protect,36,3,402,3910,3910
protect,36,3,403,3932,3932
protect,36,3,404,3904,3904
protect,36,3,405,3990,3990
protect,36,3,406,3894,3894
protect,36,3,407,3932,3932
protect,36,3,408,3884,3884
protect,36,3,409,3914,3914
protect,36,3,410,3968,3968
protect,36,3,411,3934,3934
protect,36,3,412,3910,3910
protect,36,3,413,3970,3970
protect,36,3,414,3932,3932
protect,36,3,415,3928,3928
protect,36,3,416,3922,3922
protect,36,3,417,3936,3936
protect,36,3,418,3936,3936
protect,36,3,419,3922,3922
protect,36,3,420,3922,3922
protect,36,3,421,3908,3908
protect,36,3,422,3910,3910
protect,36,3,423,3956,3956
protect,36,3,424,3954,3954
protect,36,3,425,3886,3886
protect,36,3,426,3910,3910
protect,36,3,427,3916,3916
protect,36,3,428,3880,3880
protect,36,3,429,3974,3974
protect,36,3,430,3888,3888
protect,36,3,431,3916,3916
protect,36,3,432,3934,3934
protect,36,3,433,3974,3974
protect,36,3,434,3910,3910
protect,36,3,435,3906,3906
protect,36,3,436,3906,3906
protect,36,3,437,4028,4028
protect,36,3,438,3886,3886
protect,36,3,439,3878,3878
protect,36,3,440,3950,3950
protect,36,3,441,3932,3932
protect,36,3,442,3916,3916
protect,36,3,443,3936,3936
protect,36,3,444,3950,3950
protect,36,3,445,3906,3906
protect,36,3,446,3896,3896
protect,36,3,447,3968,3968
protect,36,3,448,3914,3914
protect,36,3,449,3902,3902
protect,36,3,450,3902,3902
protect,36,3,451,3914,3914
protect,36,3,452,3936,3936
protect,36,3,453,3996,3996
protect,36,3,454,3898,3898
protect,36,3,455,3894,3894
protect,36,3,456,3958,3958
protect,36,3,457,3858,3858
protect,36,3,458,3894,3894
protect,36,3,459,3916,3916
protect,36,3,460,3914,3914
protect,36,3,461,3996,3996
protect,36,3,462,3922,3922
protect,36,3,463,3930,3930
protect,36,3,464,3962,3962
protect,36,3,465,3918,3918
protect,36,3,466,3906,3906
protect,36,3,467,3972,3972
protect,36,3,468,3944,3944
protect,36,3,469,3894,3894
protect,36,3,470,4048,4048
protect,36,3,471,3916,3916
protect,36,3,472,3878,3878
protect,36,3,473,3938,3938
protect,36,3,474,3894,3894
protect,36,3,475,3964,3964
protect,36,3,476,3896,3896
protect,36,3,477,3914,3914
protect,36,3,478,3956,3956
protect,36,3,479,3930,3930
protect,36,3,480,3882,3882
protect,36,3,481,3938,3938
protect,36,3,482,3946,3946
protect,36,3,483,3898,3898
protect,36,3,484,3940,3940
protect,36,3,485,4004,4004
protect,36,3,486,3884,3884
protect,36,3,487,3904,3904
protect,36,3,488,3962,3962
protect,36,3,489,3940,3940
protect,36,3,490,3946,3946
protect,36,3,491,3938,3938
protect,36,3,492,3904,3904
protect,36,3,493,3906,3906
protect,36,3,494,3880,3880
protect,36,3,495,3964,3964
protect,36,3,496,3904,3904
protect,36,3,497,3930,3930
protect,36,3,498,3864,3864
protect,36,3,499,3936,3936
protect,36,3,500,3930,3930
protect,36,3,501,3874,3874
protect,36,3,502,3882,3882
protect,36,3,503,3962,3962
protect,36,3,504,3890,3890
protect,36,3,505,3930,3930
protect,36,3,506,3948,3948
protect,36,3,507,3898,3898
protect,36,3,508,3972,3972
protect,36,3,509,3924,3924
protect,36,3,510,3920,3920
protect,36,3,511,3922,3922
protect,36,3,512,3924,3924
protect,36,3,513,3986,3986
protect,36,3,514,3864,3864
protect,36,3,515,3874,3874
protect,36,3,516,3922,3922
protect,36,3,517,3982,3982
protect,36,3,518,15474,15474
protect,36,3,519,3968,3968
protect,36,3,520,3956,3956
protect,36,3,521,3922,3922
protect,36,3,522,3926,3926
protect,36,3,523,3948,3948
protect,36,3,524,4058,4058
protect,36,3,525,3974,3974
protect,36,3,526,3924,3924
protect,36,3,527,3966,3966
protect,36,3,528,3936,3936
protect,36,3,529,3942,3942
protect,36,3,530,4002,4002
protect,36,3,531,3976,3976
protect,36,3,532,3972,3972
protect,36,3,533,3940,3940
protect,36,3,534,3910,3910
protect,36,3,535,3980,3980
protect,36,3,536,3956,3956
protect,36,3,537,3968,3968
protect,36,3,538,3948,3948
protect,36,3,539,3962,3962
protect,36,3,540,3998,3998
protect,36,3,541,3928,3928
protect,36,3,542,4000,4000
protect,36,3,543,3936,3936
protect,36,3,544,4022,4022
protect,36,3,545,3954,3954
protect,36,3,546,3916,3916
protect,36,3,547,3998,3998
protect,36,3,548,3956,3956
protect,36,3,549,3936,3936
protect,36,3,550,3954,3954
protect,36,3,551,3970,3970
protect,36,3,552,3958,3958
protect,36,3,553,3950,3950
protect,36,3,554,3946,3946
protect,36,3,555,3942,3942
protect,36,3,556,3940,3940
protect,36,3,557,3958,3958
protect,36,3,558,4002,4002
protect,36,3,559,3946,3946
protect,36,3,560,3956,3956
protect,36,3,561,3950,3950
protect,36,3,562,3942,3942
protect,36,3,563,3942,3942
protect,36,3,564,3966,3966
protect,36,3,565,3916,3916
protect,36,3,566,3950,3950
protect,36,3,567,3952,3952
protect,36,3,568,4024,4024
protect,36,3,569,3992,3992
protect,36,3,570,4008,4008
protect,36,3,571,3934,3934
protect,36,3,572,3978,3978
protect,36,3,573,3952,3952
protect,36,3,574,3936,3936
protect,36,3,575,3958,3958
protect,36,3,576,3954,3954
protect,36,3,577,3944,3944
protect,36,3,578,3926,3926
protect,36,3,579,3932,3932
protect,36,3,580,4010,4010
protect,36,3,581,3956,3956
protect,36,3,582,3946,3946
protect,36,3,583,3932,3932
protect,36,3,584,3954,3954
protect,36,3,585,3944,3944
protect,36,3,586,3952,3952
protect,36,3,587,4010,4010
protect,36,3,588,3954,3954
protect,36,3,589,3966,3966
protect,36,3,590,3978,3978
protect,36,3,591,3940,3940
protect,36,3,592,3980,3980
protect,36,3,593,3962,3962
protect,36,3,594,3948,3948
protect,36,3,595,3914,3914
protect,36,3,596,3928,3928
protect,36,3,597,3966,3966
protect,36,3,598,3956,3956
protect,36,3,599,4066,4066
protect,36,3,600,3946,3946
protect,36,3,601,3966,3966
protect,36,3,602,3952,3952
protect,36,3,603,3904,3904
protect,36,3,604,3940,3940
protect,36,3,605,3964,3964
protect,36,3,606,4002,4002
protect,36,3,607,3972,3972
protect,36,3,608,3970,3970
protect,36,3,609,3952,3952
protect,36,3,610,3946,3946
protect,36,3,611,3910,3910
protect,36,3,612,4032,4032
protect,36,3,613,3952,3952
protect,36,3,614,3976,3976
protect,36,3,615,3956,3956
protect,36,3,616,3916,3916
protect,36,3,617,3972,3972
protect,36,3,618,3946,3946
protect,36,3,619,3960,3960
protect,36,3,620,3926,3926
protect,36,3,621,3908,3908
protect,36,3,622,3904,3904
protect,36,3,623,3922,3922
protect,36,3,624,3912,3912
protect,36,3,625,3910,3910
protect,36,3,626,3892,3892
protect,36,3,627,3926,3926
protect,36,3,628,3918,3918
protect,36,3,629,3978,3978
protect,36,3,630,3902,3902
protect,36,3,631,3982,3982
protect,36,3,632,3968,3968
protect,36,3,633,3908,3908
protect,36,3,634,3918,3918
protect,36,3,635,3924,3924
protect,36,3,636,3906,3906
protect,36,3,637,3862,3862
protect,36,3,638,3890,3890
protect,36,3,639,3936,3936
protect,36,3,640,3928,3928
protect,36,3,641,3928,3928
protect,36,3,642,3886,3886
protect,36,3,643,3888,3888
protect,36,3,644,3890,3890
protect,36,3,645,3930,3930
protect,36,3,646,3954,3954
protect,36,3,647,3890,3890
protect,36,3,648,3934,3934
protect,36,3,649,3890,3890
protect,36,3,650,3918,3918
protect,36,3,651,3964,3964
protect,36,3,652,3898,3898
protect,36,3,653,3904,3904
protect,36,3,654,3874,3874
protect,36,3,655,3948,3948
protect,36,3,656,3924,3924
protect,36,3,657,3964,3964
protect,36,3,658,3946,3946
protect,36,3,659,3914,3914
protect,36,3,660,3880,3880
protect,36,3,661,3990,3990
protect,36,3,662,3906,3906
protect,36,3,663,3888,3888
protect,36,3,664,3908,3908
protect,36,3,665,3916,3916
protect,36,3,666,4006,4006
protect,36,3,667,3890,3890
protect,36,3,668,3910,3910
protect,36,3,669,3916,3916
protect,36,3,670,3924,3924
protect,36,3,671,3964,3964
protect,36,3,672,3858,3858
protect,36,3,673,3902,3902
protect,36,3,674,3864,3864
protect,36,3,675,3922,3922
protect,36,3,676,3950,3950
protect,36,3,677,3888,3888
protect,36,3,678,3932,3932
protect,36,3,679,3926,3926
protect,36,3,680,3942,3942
protect,36,3,681,3904,3904
protect,36,3,682,3888,3888
protect,36,3,683,3950,3950
protect,36,3,684,3890,3890
protect,36,3,685,3894,3894
protect,36,3,686,3954,3954
protect,36,3,687,3920,3920
protect,36,3,688,3898,3898
protect,36,3,689,3948,3948
protect,36,3,690,3926,3926
protect,36,3,691,3986,3986
protect,36,3,692,3928,3928
protect,36,3,693,3908,3908
protect,36,3,694,3968,3968
protect,36,3,695,3924,3924
protect,36,3,696,3964,3964
protect,36,3,697,3904,3904
protect,36,3,698,3898,3898
protect,36,3,699,3920,3920
protect,36,3,700,3904,3904
protect,36,3,701,3922,3922
protect,36,3,702,3912,3912
protect,36,3,703,3930,3930
protect,36,3,704,3942,3942
protect,36,3,705,3970,3970
protect,36,3,706,3944,3944
protect,36,3,707,3934,3934
protect,36,3,708,3916,3916
protect,36,3,709,3942,3942
protect,36,3,710,3948,3948
protect,36,3,711,3916,3916
protect,36,3,712,3942,3942
protect,36,3,713,3932,3932
protect,36,3,714,3914,3914
protect,36,3,715,3940,3940
protect,36,3,716,3898,3898
protect,36,3,717,3984,3984
protect,36,3,718,3918,3918
protect,36,3,719,3932,3932
protect,36,3,720,3910,3910
protect,36,3,721,3940,3940
protect,36,3,722,3908,3908
protect,36,3,723,3936,3936
protect,36,3,724,3910,3910
protect,36,3,725,3932,3932
protect,36,3,726,3896,3896
protect,36,3,727,3930,3930
protect,36,3,728,3950,3950
protect,36,3,729,3986,3986
protect,36,3,730,3912,3912
protect,36,3,731,3930,3930
protect,36,3,732,3936,3936
protect,36,3,733,3930,3930
protect,36,3,734,3942,3942
protect,36,3,735,3934,3934
protect,36,3,736,3930,3930
protect,36,3,737,3920,3920
protect,36,3,738,3932,3932
protect,36,3,739,3980,3980
protect,36,3,740,3934,3934
protect,36,3,741,3960,3960
protect,36,3,742,3942,3942
protect,36,3,743,3906,3906
protect,36,3,744,3962,3962
protect,36,3,745,3968,3968
protect,36,3,746,3924,3924
protect,36,3,747,3918,3918
protect,36,3,748,3936,3936
protect,36,3,749,3924,3924
protect,36,3,750,3926,3926
protect,36,3,751,3934,3934
protect,36,3,752,3934,3934
protect,36,3,753,3934,3934
protect,36,3,754,3930,3930
protect,36,3,755,3966,3966
protect,36,3,756,3956,3956
protect,36,3,757,3984,3984
protect,36,3,758,3916,3916
protect,36,3,759,3940,3940
protect,36,3,760,3928,3928
protect,36,3,761,3922,3922
protect,36,3,762,3906,3906
protect,36,3,763,3952,3952
protect,36,3,764,3912,3912
protect,36,3,765,3900,3900
protect,36,3,766,3924,3924
protect,36,3,767,3896,3896
protect,36,3,768,3940,3940
protect,36,3,769,3894,3894
protect,36,3,770,3926,3926
protect,36,3,771,3928,3928
protect,36,3,772,3996,3996
protect,36,3,773,3944,3944
protect,36,3,774,3930,3930
protect,36,3,775,3926,3926
protect,36,3,776,3994,3994
protect,36,3,777,3964,3964
protect,36,3,778,3974,3974
protect,36,3,779,3958,3958
protect,36,3,780,3932,3932
protect,36,3,781,3930,3930
protect,36,3,782,3920,3920
protect,36,3,783,3946,3946
protect,36,3,784,4012,4012
protect,36,3,785,3938,3938
protect,36,3,786,3932,3932
protect,36,3,787,3912,3912
protect,36,3,788,3972,3972
protect,36,3,789,3956,3956
protect,36,3,790,3914,3914
protect,36,3,791,3956,3956
protect,36,3,792,3988,3988
protect,36,3,793,3936,3936
protect,36,3,794,3952,3952
protect,36,3,795,3982,3982
protect,36,3,796,3932,3932
protect,36,3,797,3908,3908
protect,36,3,798,4134,4134
protect,36,3,799,3916,3916
protect,36,3,800,3934,3934
protect,36,3,801,3944,3944
protect,36,3,802,3934,3934
protect,36,3,803,3912,3912
protect,36,3,804,3928,3928
protect,36,3,805,3950,3950
protect,36,3,806,3916,3916
protect,36,3,807,3970,3970
protect,36,3,808,3922,3922
protect,36,3,809,4020,4020
protect,36,3,810,3954,3954
protect,36,3,811,3966,3966
protect,36,3,812,3980,3980
protect,36,3,813,3964,3964
protect,36,3,814,3992,3992
protect,36,3,815,3964,3964
protect,36,3,816,3910,3910
protect,36,3,817,3982,3982
protect,36,3,818,3942,3942
protect,36,3,819,3996,3996
protect,36,3,820,3946,3946
protect,36,3,821,3968,3968
protect,36,3,822,3930,3930
protect,36,3,823,3920,3920
protect,36,3,824,3930,3930
protect,36,3,825,3954,3954
protect,36,3,826,3952,3952
protect,36,3,827,3934,3934
protect,36,3,828,3942,3942
protect,36,3,829,3908,3908
protect,36,3,830,3954,3954
protect,36,3,831,3922,3922
protect,36,3,832,3966,3966
protect,36,3,833,3944,3944
protect,36,3,834,3946,3946
protect,36,3,835,4020,4020
protect,36,3,836,3950,3950
protect,36,3,837,3992,3992
protect,36,3,838,3938,3938
protect,36,3,839,3934,3934
protect,36,3,840,3974,3974
protect,36,3,841,3928,3928
protect,36,3,842,3938,3938
protect,36,3,843,3926,3926
protect,36,3,844,3912,3912
protect,36,3,845,3920,3920
protect,36,3,846,3978,3978
protect,36,3,847,3924,3924
protect,36,3,848,3912,3912
protect,36,3,849,3944,3944
protect,36,3,850,3934,3934
protect,36,3,851,3924,3924
protect,36,3,852,3992,3992
protect,36,3,853,3940,3940
protect,36,3,854,3946,3946
protect,36,3,855,3934,3934
protect,36,3,856,3930,3930
protect,36,3,857,3950,3950
protect,36,3,858,3986,3986
protect,36,3,859,3910,3910
protect,36,3,860,3996,3996
protect,36,3,861,3982,3982
protect,36,3,862,3976,3976
protect,36,3,863,3926,3926
protect,36,3,864,3938,3938
protect,36,3,865,3990,3990
protect,36,3,866,3950,3950
protect,36,3,867,3952,3952
protect,36,3,868,3970,3970
protect,36,3,869,3976,3976
protect,36,3,870,3978,3978
protect,36,3,871,3936,3936
protect,36,3,872,3950,3950
protect,36,3,873,3954,3954
protect,36,3,874,3984,3984
protect,36,3,875,3932,3932
protect,36,3,876,3906,3906
protect,36,3,877,3986,3986
protect,36,3,878,4088,4088
protect,36,3,879,3948,3948
protect,36,3,880,3954,3954
protect,36,3,881,3926,3926
protect,36,3,882,3954,3954
protect,36,3,883,3934,3934
protect,36,3,884,3948,3948
protect,36,3,885,3952,3952
protect,36,3,886,3918,3918
protect,36,3,887,3930,3930
protect,36,3,888,3926,3926
protect,36,3,889,3916,3916
protect,36,3,890,3948,3948
protect,36,3,891,3934,3934
protect,36,3,892,3908,3908
protect,36,3,893,3990,3990
protect,36,3,894,3938,3938
protect,36,3,895,3958,3958
protect,36,3,896,3944,3944
protect,36,3,897,3920,3920
protect,36,3,898,4004,4004
protect,36,3,899,3970,3970
protect,36,3,900,3956,3956
protect,36,3,901,3916,3916
protect,36,3,902,3940,3940
protect,36,3,903,3996,3996
protect,36,3,904,3974,3974
protect,36,3,905,4012,4012
protect,36,3,906,3956,3956
protect,36,3,907,3912,3912
protect,36,3,908,3896,3896
protect,36,3,909,3922,3922
protect,36,3,910,3930,3930
protect,36,3,911,3932,3932
protect,36,3,912,3936,3936
protect,36,3,913,3968,3968
protect,36,3,914,4000,4000
protect,36,3,915,3960,3960
protect,36,3,916,3938,3938
protect,36,3,917,3988,3988
protect,36,3,918,3990,3990
protect,36,3,919,3990,3990
protect,36,3,920,3940,3940
protect,36,3,921,3942,3942
protect,36,3,922,3914,3914
protect,36,3,923,3968,3968
protect,36,3,924,3934,3934
protect,36,3,925,3948,3948
protect,36,3,926,3982,3982
protect,36,3,927,3944,3944
protect,36,3,928,4014,4014
protect,36,3,929,3932,3932
protect,36,3,930,4000,4000
protect,36,3,931,3926,3926
protect,36,3,932,3912,3912
protect,36,3,933,3930,3930
protect,36,3,934,3984,3984
protect,36,3,935,3946,3946
protect,36,3,936,3968,3968
protect,36,3,937,3936,3936
protect,36,3,938,3932,3932
protect,36,3,939,3914,3914
protect,36,3,940,3916,3916
protect,36,3,941,4024,4024
protect,36,3,942,3974,3974
protect,36,3,943,3934,3934
protect,36,3,944,3940,3940
protect,36,3,945,3924,3924
protect,36,3,946,3946,3946
protect,36,3,947,3924,3924
protect,36,3,948,3944,3944
protect,36,3,949,3906,3906
protect,36,3,950,3948,3948
protect,36,3,951,3926,3926
protect,36,3,952,3928,3928
protect,36,3,953,4030,4030
protect,36,3,954,3956,3956
protect,36,3,955,3928,3928
protect,36,3,956,3980,3980
protect,36,3,957,3952,3952
protect,36,3,958,3984,3984
protect,36,3,959,3954,3954
protect,36,3,960,3936,3936
protect,36,3,961,3914,3914
protect,36,3,962,3898,3898
protect,36,3,963,3922,3922
protect,36,3,964,3918,3918
protect,36,3,965,3974,3974
protect,36,3,966,3960,3960
protect,36,3,967,3914,3914
protect,36,3,968,3928,3928
protect,36,3,969,4010,4010
protect,36,3,970,3954,3954
protect,36,3,971,3948,3948
protect,36,3,972,3938,3938
protect,36,3,973,3944,3944
protect,36,3,974,3908,3908
protect,36,3,975,3934,3934
protect,36,3,976,3970,3970
protect,36,3,977,3894,3894
protect,36,3,978,4040,4040
protect,36,3,979,3938,3938
protect,36,3,980,3956,3956
protect,36,3,981,3918,3918
protect,36,3,982,3944,3944
protect,36,3,983,3996,3996
protect,36,3,984,3928,3928
protect,36,3,985,3916,3916
protect,36,3,986,3992,3992
protect,36,3,987,3972,3972
protect,36,3,988,3946,3946
protect,36,3,989,3956,3956
protect,36,3,990,4002,4002
protect,36,3,991,3952,3952
protect,36,3,992,3946,3946
protect,36,3,993,3904,3904
protect,36,3,994,3924,3924
protect,36,3,995,3946,3946
protect,36,3,996,3956,3956
protect,36,3,997,3936,3936
protect,36,3,998,3976,3976
protect,36,3,999,3918,3918
protect,36,3,1000,3996,3996
protect,36,3,1001,3926,3926
protect,36,3,1002,3986,3986
protect,36,3,1003,3940,3940
protect,36,3,1004,3962,3962
protect,36,3,1005,3972,3972
protect,36,3,1006,3940,3940
protect,36,3,1007,3968,3968
protect,36,3,1008,3970,3970
protect,36,3,1009,3980,3980
protect,36,3,1010,3970,3970
protect,36,3,1011,3962,3962
protect,36,3,1012,3938,3938
protect,36,3,1013,3954,3954
protect,36,3,1014,3956,3956
protect,36,3,1015,3950,3950
protect,36,3,1016,3930,3930
protect,36,3,1017,9866,9866
protect,36,3,1018,3928,3928
protect,36,3,1019,3932,3932
protect,36,3,1020,3866,3866
protect,36,3,1021,3970,3970
protect,36,3,1022,3924,3924
protect,36,3,1023,3964,3964
protect,36,3,1024,3908,3908
protect,36,3,1025,3940,3940
protect,36,3,1026,3880,3880
protect,36,3,1027,3904,3904
protect,36,3,1028,3892,3892
protect,36,3,1029,3846,3846
protect,36,3,1030,3922,3922
protect,36,3,1031,3874,3874
protect,36,3,1032,3888,3888
protect,36,3,1033,3982,3982
protect,36,3,1034,3914,3914
protect,36,3,1035,3956,3956
protect,36,3,1036,3922,3922
protect,36,3,1037,3920,3920
protect,36,3,1038,3978,3978
protect,36,3,1039,3926,3926
protect,36,3,1040,3906,3906
protect,36,3,1041,3952,3952
protect,36,3,1042,3894,3894
protect,36,3,1043,3896,3896
protect,36,3,1044,3928,3928
protect,36,3,1045,3928,3928
protect,36,3,1046,3916,3916
protect,36,3,1047,3932,3932
protect,36,3,1048,3956,3956
protect,36,3,1049,3936,3936
protect,36,3,1050,3962,3962
protect,36,3,1051,3898,3898
protect,36,3,1052,3910,3910
protect,36,3,1053,3892,3892
protect,36,3,1054,4042,4042
protect,36,3,1055,3916,3916
protect,36,3,1056,3980,3980
protect,36,3,1057,3900,3900
protect,36,3,1058,3908,3908
protect,36,3,1059,3898,3898
protect,36,3,1060,3872,3872
protect,36,3,1061,3878,3878
protect,36,3,1062,3888,3888
protect,36,3,1063,3968,3968
protect,36,3,1064,3904,3904
protect,36,3,1065,3864,3864
protect,36,3,1066,3926,3926
protect,36,3,1067,3982,3982
protect,36,3,1068,3920,3920
protect,36,3,1069,3874,3874
protect,36,3,1070,3888,3888
protect,36,3,1071,3876,3876
protect,36,3,1072,4014,4014
protect,36,3,1073,3960,3960
protect,36,3,1074,4000,4000
protect,36,3,1075,3926,3926
protect,36,3,1076,4014,4014
protect,36,3,1077,4004,4004
protect,36,3,1078,4020,4020
protect,36,3,1079,3928,3928
protect,36,3,1080,4014,4014
protect,36,3,1081,4012,4012
protect,36,3,1082,3932,3932
protect,36,3,1083,3920,3920
protect,36,3,1084,3980,3980
protect,36,3,1085,3920,3920
protect,36,3,1086,3932,3932
protect,36,3,1087,3938,3938
protect,36,3,1088,3980,3980
protect,36,3,1089,3966,3966
protect,36,3,1090,3930,3930
protect,36,3,1091,3920,3920
protect,36,3,1092,3928,3928
protect,36,3,1093,3950,3950
protect,36,3,1094,3958,3958
protect,36,3,1095,3936,3936
protect,36,3,1096,3946,3946
protect,36,3,1097,3940,3940
protect,36,3,1098,3950,3950
protect,36,3,1099,3940,3940
protect,36,3,1100,3996,3996
protect,36,3,1101,3952,3952
protect,36,3,1102,3948,3948
protect,36,3,1103,3936,3936
protect,36,3,1104,3964,3964
protect,36,3,1105,3918,3918
protect,36,3,1106,3922,3922
protect,36,3,1107,3926,3926
protect,36,3,1108,3944,3944
protect,36,3,1109,3954,3954
protect,36,3,1110,4000,4000
protect,36,3,1111,3942,3942
protect,36,3,1112,4016,4016
protect,36,3,1113,3972,3972
protect,36,3,1114,3964,3964
protect,36,3,1115,3984,3984
protect,36,3,1116,4000,4000
protect,36,3,1117,3946,3946
protect,36,3,1118,3952,3952
protect,36,3,1119,3954,3954
protect,36,3,1120,3936,3936
protect,36,3,1121,3950,3950
protect,36,3,1122,3950,3950
protect,36,3,1123,3904,3904
protect,36,3,1124,3938,3938
protect,36,3,1125,3944,3944
protect,36,3,1126,3928,3928
protect,36,3,1127,4006,4006
protect,36,3,1128,3932,3932
protect,36,3,1129,3934,3934
protect,36,3,1130,3960,3960
protect,36,3,1131,4006,4006
protect,36,3,1132,3986,3986
protect,36,3,1133,3914,3914
protect,36,3,1134,3924,3924
protect,36,3,1135,3926,3926
protect,36,3,1136,3964,3964
protect,36,3,1137,3918,3918
protect,36,3,1138,3936,3936
protect,36,3,1139,3932,3932
protect,36,3,1140,4032,4032
protect,36,3,1141,3978,3978
protect,36,3,1142,3954,3954
protect,36,3,1143,4016,4016
protect,36,3,1144,3950,3950
protect,36,3,1145,3928,3928
protect,36,3,1146,3946,3946
protect,36,3,1147,3956,3956
protect,36,3,1148,3940,3940
protect,36,3,1149,3990,3990
protect,36,3,1150,3950,3950
protect,36,3,1151,3978,3978
protect,36,3,1152,3930,3930
protect,36,3,1153,3936,3936
protect,36,3,1154,4006,4006
protect,36,3,1155,3970,3970
protect,36,3,1156,3936,3936
protect,36,3,1157,3930,3930
protect,36,3,1158,3958,3958
protect,36,3,1159,3932,3932
protect,36,3,1160,3976,3976
protect,36,3,1161,3972,3972
protect,36,3,1162,4024,4024
protect,36,3,1163,3974,3974
protect,36,3,1164,3980,3980
protect,36,3,1165,3950,3950
protect,36,3,1166,3918,3918
protect,36,3,1167,3940,3940
protect,36,3,1168,3944,3944
protect,36,3,1169,3922,3922
protect,36,3,1170,3936,3936
protect,36,3,1171,3908,3908
protect,36,3,1172,3938,3938
protect,36,3,1173,3918,3918
protect,36,3,1174,3956,3956
protect,36,3,1175,3988,3988
protect,36,3,1176,3982,3982
protect,36,3,1177,3958,3958
protect,36,3,1178,3984,3984
protect,36,3,1179,3932,3932
protect,36,3,1180,3924,3924
protect,36,3,1181,3972,3972
protect,36,3,1182,3936,3936
protect,36,3,1183,3944,3944
protect,36,3,1184,3940,3940
protect,36,3,1185,3944,3944
protect,36,3,1186,3936,3936
protect,36,3,1187,3920,3920
protect,36,3,1188,4002,4002
protect,36,3,1189,3954,3954
protect,36,3,1190,4016,4016
protect,36,3,1191,3952,3952
protect,36,3,1192,3950,3950
protect,36,3,1193,3990,3990
protect,36,3,1194,3984,3984
protect,36,3,1195,3970,3970
protect,36,3,1196,3972,3972
protect,36,3,1197,3958,3958
protect,36,3,1198,3988,3988
protect,36,3,1199,3946,3946
protect,36,3,1200,4000,4000
protect,36,3,1201,3996,3996
protect,36,3,1202,3980,3980
protect,36,3,1203,3930,3930
protect,36,3,1204,3942,3942
protect,36,3,1205,3958,3958
protect,36,3,1206,3942,3942
protect,36,3,1207,3966,3966
protect,36,3,1208,3958,3958
protect,36,3,1209,3928,3928
protect,36,3,1210,3958,3958
protect,36,3,1211,4006,4006
protect,36,3,1212,3966,3966
protect,36,3,1213,3978,3978
protect,36,3,1214,4010,4010
protect,36,3,1215,3936,3936
protect,36,3,1216,3984,3984
protect,36,3,1217,3956,3956
protect,36,3,1218,3926,3926
protect,36,3,1219,3936,3936
protect,36,3,1220,4030,4030
protect,36,3,1221,3902,3902
protect,36,3,1222,3940,3940
protect,36,3,1223,3918,3918
protect,36,3,1224,3920,3920
protect,36,3,1225,3886,3886
protect,36,3,1226,3924,3924
protect,36,3,1227,3880,3880
protect,36,3,1228,3886,3886
protect,36,3,1229,3932,3932
protect,36,3,1230,3902,3902
protect,36,3,1231,3868,3868
protect,36,3,1232,3902,3902
protect,36,3,1233,3942,3942
protect,36,3,1234,3934,3934
protect,36,3,1235,3970,3970
protect,36,3,1236,3942,3942
protect,36,3,1237,3924,3924
protect,36,3,1238,3934,3934
protect,36,3,1239,3908,3908
protect,36,3,1240,3946,3946
protect,36,3,1241,3954,3954
protect,36,3,1242,3890,3890
protect,36,3,1243,3866,3866
protect,36,3,1244,3886,3886
protect,36,3,1245,3936,3936
protect,36,3,1246,3926,3926
protect,36,3,1247,3910,3910
protect,36,3,1248,3898,3898
protect,36,3,1249,3888,3888
protect,36,3,1250,3930,3930
protect,36,3,1251,3936,3936
protect,36,3,1252,3910,3910
protect,36,3,1253,3940,3940
protect,36,3,1254,3960,3960
protect,36,3,1255,3936,3936
protect,36,3,1256,3930,3930
protect,36,3,1257,3900,3900
protect,36,3,1258,3916,3916
protect,36,3,1259,3946,3946
protect,36,3,1260,3956,3956
protect,36,3,1261,3884,3884
protect,36,3,1262,3860,3860
protect,36,3,1263,3936,3936
protect,36,3,1264,3876,3876
protect,36,3,1265,3870,3870
protect,36,3,1266,3886,3886
protect,36,3,1267,3914,3914
protect,36,3,1268,4002,4002
protect,36,3,1269,3910,3910
protect,36,3,1270,3924,3924
protect,36,3,1271,3884,3884
protect,36,3,1272,3928,3928
protect,36,3,1273,3890,3890
protect,36,3,1274,3948,3948
protect,36,3,1275,3870,3870
protect,36,3,1276,3952,3952
protect,36,3,1277,3894,3894
protect,36,3,1278,3956,3956
protect,36,3,1279,3964,3964
protect,36,3,1280,3888,3888
protect,36,3,1281,3942,3942
protect,36,3,1282,3900,3900
protect,36,3,1283,3896,3896
protect,36,3,1284,3904,3904
protect,36,3,1285,3912,3912
protect,36,3,1286,3970,3970
protect,36,3,1287,3890,3890
protect,36,3,1288,3920,3920
protect,36,3,1289,3958,3958
protect,36,3,1290,3932,3932
protect,36,3,1291,3958,3958
protect,36,3,1292,3954,3954
protect,36,3,1293,3936,3936
protect,36,3,1294,3962,3962
protect,36,3,1295,3900,3900
protect,36,3,1296,3976,3976
protect,36,3,1297,3912,3912
protect,36,3,1298,3924,3924
protect,36,3,1299,3928,3928
protect,36,3,1300,3918,3918
protect,36,3,1301,3884,3884
protect,36,3,1302,3922,3922
protect,36,3,1303,3890,3890
protect,36,3,1304,3914,3914
protect,36,3,1305,3882,3882
protect,36,3,1306,3906,3906
protect,36,3,1307,3906,3906
protect,36,3,1308,3896,3896
protect,36,3,1309,3872,3872
protect,36,3,1310,3974,3974
protect,36,3,1311,3944,3944
protect,36,3,1312,3902,3902
protect,36,3,1313,3920,3920
protect,36,3,1314,3930,3930
protect,36,3,1315,3872,3872
protect,36,3,1316,3894,3894
protect,36,3,1317,3944,3944
protect,36,3,1318,3950,3950
protect,36,3,1319,3892,3892
protect,36,3,1320,3912,3912
protect,36,3,1321,3976,3976
protect,36,3,1322,4000,4000
protect,36,3,1323,3920,3920
protect,36,3,1324,3916,3916
protect,36,3,1325,3948,3948
protect,36,3,1326,3936,3936
protect,36,3,1327,3864,3864
protect,36,3,1328,3892,3892
protect,36,3,1329,3944,3944
protect,36,3,1330,3876,3876
protect,36,3,1331,3996,3996
protect,36,3,1332,3984,3984
protect,36,3,1333,3948,3948
protect,36,3,1334,3936,3936
protect,36,3,1335,3902,3902
protect,36,3,1336,3886,3886
protect,36,3,1337,3944,3944
protect,36,3,1338,3930,3930
protect,36,3,1339,3934,3934
protect,36,3,1340,3882,3882
protect,36,3,1341,3882,3882
protect,36,3,1342,3918,3918
protect,36,3,1343,3930,3930
protect,36,3,1344,3876,3876
protect,36,3,1345,3910,3910
protect,36,3,1346,3966,3966
protect,36,3,1347,3936,3936
protect,36,3,1348,3958,3958
protect,36,3,1349,3910,3910
protect,36,3,1350,3970,3970
protect,36,3,1351,3920,3920
protect,36,3,1352,3914,3914
protect,36,3,1353,3916,3916
protect,36,3,1354,3952,3952
protect,36,3,1355,3930,3930
protect,36,3,1356,3878,3878
protect,36,3,1357,3954,3954
protect,36,3,1358,3906,3906
protect,36,3,1359,3882,3882
protect,36,3,1360,3960,3960
protect,36,3,1361,3890,3890
protect,36,3,1362,3886,3886
protect,36,3,1363,3866,3866
protect,36,3,1364,3972,3972
protect,36,3,1365,3924,3924
protect,36,3,1366,3976,3976
protect,36,3,1367,3968,3968
protect,36,3,1368,3948,3948
protect,36,3,1369,3944,3944
protect,36,3,1370,3902,3902
protect,36,3,1371,3930,3930
protect,36,3,1372,3968,3968
protect,36,3,1373,3940,3940
protect,36,3,1374,3936,3936
protect,36,3,1375,3928,3928
protect,36,3,1376,3878,3878
protect,36,3,1377,3934,3934
protect,36,3,1378,3888,3888
protect,36,3,1379,3926,3926
protect,36,3,1380,3928,3928
protect,36,3,1381,3910,3910
protect,36,3,1382,3942,3942
protect,36,3,1383,3998,3998
protect,36,3,1384,3896,3896
protect,36,3,1385,3926,3926
protect,36,3,1386,3896,3896
protect,36,3,1387,3944,3944
protect,36,3,1388,3896,3896
protect,36,3,1389,3888,3888
protect,36,3,1390,3904,3904
protect,36,3,1391,3952,3952
protect,36,3,1392,3896,3896
protect,36,3,1393,3866,3866
protect,36,3,1394,3938,3938
protect,36,3,1395,3916,3916
protect,36,3,1396,3906,3906
protect,36,3,1397,3892,3892
protect,36,3,1398,3896,3896
protect,36,3,1399,3868,3868
protect,36,3,1400,3954,3954
protect,36,3,1401,3938,3938
protect,36,3,1402,3872,3872
protect,36,3,1403,3896,3896
protect,36,3,1404,3958,3958
protect,36,3,1405,3930,3930
protect,36,3,1406,3988,3988
protect,36,3,1407,3884,3884
protect,36,3,1408,3956,3956
protect,36,3,1409,3916,3916
protect,36,3,1410,3974,3974
protect,36,3,1411,3920,3920
protect,36,3,1412,3970,3970
protect,36,3,1413,3908,3908
protect,36,3,1414,3944,3944
protect,36,3,1415,3922,3922
protect,36,3,1416,3918,3918
protect,36,3,1417,3904,3904
protect,36,3,1418,3892,3892
protect,36,3,1419,3944,3944
protect,36,3,1420,3892,3892
protect,36,3,1421,3894,3894
protect,36,3,1422,3872,3872
protect,36,3,1423,3994,3994
protect,36,3,1424,3898,3898
protect,36,3,1425,3922,3922
protect,36,3,1426,3958,3958
protect,36,3,1427,3888,3888
protect,36,3,1428,3968,3968
protect,36,3,1429,3926,3926
protect,36,3,1430,3918,3918
protect,36,3,1431,3888,3888
protect,36,3,1432,3896,3896
protect,36,3,1433,3894,3894
protect,36,3,1434,3878,3878
protect,36,3,1435,3932,3932
protect,36,3,1436,3918,3918
protect,36,3,1437,3902,3902
protect,36,3,1438,3892,3892
protect,36,3,1439,3890,3890
protect,36,3,1440,3982,3982
protect,36,3,1441,3964,3964
protect,36,3,1442,3912,3912
protect,36,3,1443,3942,3942
protect,36,3,1444,3922,3922
protect,36,3,1445,3968,3968
protect,36,3,1446,3934,3934
protect,36,3,1447,3878,3878
protect,36,3,1448,3918,3918
protect,36,3,1449,3916,3916
protect,36,3,1450,3882,3882
protect,36,3,1451,3882,3882
protect,36,3,1452,3978,3978
protect,36,3,1453,3894,3894
protect,36,3,1454,3942,3942
protect,36,3,1455,3986,3986
protect,36,3,1456,3906,3906
protect,36,3,1457,3886,3886
protect,36,3,1458,3960,3960
protect,36,3,1459,3924,3924
protect,36,3,1460,3952,3952
protect,36,3,1461,3884,3884
protect,36,3,1462,3954,3954
protect,36,3,1463,3974,3974
protect,36,3,1464,3906,3906
protect,36,3,1465,3954,3954
protect,36,3,1466,3910,3910
protect,36,3,1467,3960,3960
protect,36,3,1468,3914,3914
protect,36,3,1469,3942,3942
protect,36,3,1470,3906,3906
protect,36,3,1471,3874,3874
protect,36,3,1472,3896,3896
protect,36,3,1473,3924,3924
protect,36,3,1474,3914,3914
protect,36,3,1475,3906,3906
protect,36,3,1476,3900,3900
protect,36,3,1477,3940,3940
protect,36,3,1478,3908,3908
protect,36,3,1479,3972,3972
protect,36,3,1480,3976,3976
protect,36,3,1481,3892,3892
protect,36,3,1482,3890,3890
protect,36,3,1483,3886,3886
protect,36,3,1484,3902,3902
protect,36,3,1485,3936,3936
protect,36,3,1486,3916,3916
protect,36,3,1487,3952,3952
protect,36,3,1488,3954,3954
protect,36,3,1489,3892,3892
protect,36,3,1490,3896,3896
protect,36,3,1491,3996,3996
protect,36,3,1492,3962,3962
protect,36,3,1493,3924,3924
protect,36,3,1494,3994,3994
protect,36,3,1495,3978,3978
protect,36,3,1496,3920,3920
protect,36,3,1497,3886,3886
protect,36,3,1498,3976,3976
protect,36,3,1499,3864,3864
protect,36,3,1500,3912,3912
protect,36,3,1501,3942,3942
protect,36,3,1502,4002,4002
protect,36,3,1503,3924,3924
protect,36,3,1504,3884,3884
protect,36,3,1505,3954,3954
protect,36,3,1506,3932,3932
protect,36,3,1507,3968,3968
protect,36,3,1508,3924,3924
protect,36,3,1509,3894,3894
protect,36,3,1510,3916,3916
protect,36,3,1511,3884,3884
protect,36,3,1512,3934,3934
protect,36,3,1513,3902,3902
protect,36,3,1514,4010,4010
protect,36,3,1515,3920,3920
protect,36,3,1516,10066,10066
protect,36,3,1517,3944,3944
protect,36,3,1518,3936,3936
protect,36,3,1519,3954,3954
protect,36,3,1520,3922,3922
protect,36,3,1521,4012,4012
protect,36,3,1522,3910,3910
protect,36,3,1523,3918,3918
protect,36,3,1524,3908,3908
protect,36,3,1525,3900,3900
protect,36,3,1526,3890,3890
protect,36,3,1527,3900,3900
protect,36,3,1528,3902,3902
protect,36,3,1529,3934,3934
protect,36,3,1530,3928,3928
protect,36,3,1531,3876,3876
protect,36,3,1532,3916,3916
protect,36,3,1533,3958,3958
protect,36,3,1534,3902,3902
protect,36,3,1535,3898,3898
protect,36,3,1536,3902,3902
protect,36,3,1537,3952,3952
protect,36,3,1538,3904,3904
protect,36,3,1539,3954,3954
protect,36,3,1540,3922,3922
protect,36,3,1541,3958,3958
protect,36,3,1542,3902,3902
protect,36,3,1543,3912,3912
protect,36,3,1544,3888,3888
protect,36,3,1545,3912,3912
protect,36,3,1546,3960,3960
protect,36,3,1547,3930,3930
protect,36,3,1548,3930,3930
protect,36,3,1549,3932,3932
protect,36,3,1550,3928,3928
protect,36,3,1551,3900,3900
protect,36,3,1552,3908,3908
protect,36,3,1553,3950,3950
protect,36,3,1554,3924,3924
protect,36,3,1555,3930,3930
protect,36,3,1556,3966,3966
protect,36,3,1557,3900,3900
protect,36,3,1558,3922,3922
protect,36,3,1559,3884,3884
protect,36,3,1560,3904,3904
protect,36,3,1561,3920,3920
protect,36,3,1562,3956,3956
protect,36,3,1563,3920,3920
protect,36,3,1564,3980,3980
protect,36,3,1565,3996,3996
protect,36,3,1566,3926,3926
protect,36,3,1567,3942,3942
protect,36,3,1568,3902,3902
protect,36,3,1569,3936,3936
protect,36,3,1570,3932,3932
protect,36,3,1571,3918,3918
protect,36,3,1572,3938,3938
protect,36,3,1573,3914,3914
protect,36,3,1574,3940,3940
protect,36,3,1575,3876,3876
protect,36,3,1576,3896,3896
protect,36,3,1577,3928,3928
protect,36,3,1578,3880,3880
protect,36,3,1579,3968,3968
protect,36,3,1580,3940,3940
protect,36,3,1581,3922,3922
protect,36,3,1582,3898,3898
protect,36,3,1583,3940,3940
protect,36,3,1584,3928,3928
protect,36,3,1585,3910,3910
protect,36,3,1586,3900,3900
protect,36,3,1587,3958,3958
protect,36,3,1588,3918,3918
protect,36,3,1589,3922,3922
protect,36,3,1590,3940,3940
protect,36,3,1591,3886,3886
protect,36,3,1592,3896,3896
protect,36,3,1593,3948,3948
protect,36,3,1594,3910,3910
protect,36,3,1595,3904,3904
protect,36,3,1596,3914,3914
protect,36,3,1597,3912,3912
protect,36,3,1598,3934,3934
protect,36,3,1599,3978,3978
protect,36,3,1600,3926,3926
protect,36,3,1601,3924,3924
protect,36,3,1602,3932,3932
protect,36,3,1603,3910,3910
protect,36,3,1604,3922,3922
protect,36,3,1605,3892,3892
protect,36,3,1606,3936,3936
protect,36,3,1607,3922,3922
protect,36,3,1608,3870,3870
protect,36,3,1609,3896,3896
protect,36,3,1610,3928,3928
protect,36,3,1611,3878,3878
protect,36,3,1612,3902,3902
protect,36,3,1613,3904,3904
protect,36,3,1614,3886,3886
protect,36,3,1615,3956,3956
protect,36,3,1616,3938,3938
protect,36,3,1617,3920,3920
protect,36,3,1618,3922,3922
protect,36,3,1619,3870,3870
protect,36,3,1620,3984,3984
protect,36,3,1621,3932,3932
protect,36,3,1622,3954,3954
protect,36,3,1623,3918,3918
protect,36,3,1624,3968,3968
protect,36,3,1625,3898,3898
protect,36,3,1626,3914,3914
protect,36,3,1627,3904,3904
protect,36,3,1628,3906,3906
protect,36,3,1629,3964,3964
protect,36,3,1630,3880,3880
protect,36,3,1631,3964,3964
protect,36,3,1632,3974,3974
protect,36,3,1633,3880,3880
protect,36,3,1634,3954,3954
protect,36,3,1635,3904,3904
protect,36,3,1636,3916,3916
protect,36,3,1637,3908,3908
protect,36,3,1638,3888,3888
protect,36,3,1639,3896,3896
protect,36,3,1640,3920,3920
protect,36,3,1641,3896,3896
protect,36,3,1642,3950,3950
protect,36,3,1643,3978,3978
protect,36,3,1644,3956,3956
protect,36,3,1645,3980,3980
protect,36,3,1646,3938,3938
protect,36,3,1647,3972,3972
protect,36,3,1648,3966,3966
protect,36,3,1649,3902,3902
protect,36,3,1650,3936,3936
protect,36,3,1651,3890,3890
protect,36,3,1652,3890,3890
protect,36,3,1653,3902,3902
protect,36,3,1654,3924,3924
protect,36,3,1655,3940,3940
protect,36,3,1656,3940,3940
protect,36,3,1657,3954,3954
protect,36,3,1658,3892,3892
protect,36,3,1659,3936,3936
protect,36,3,1660,3922,3922
protect,36,3,1661,3876,3876
protect,36,3,1662,3948,3948
protect,36,3,1663,3900,3900
protect,36,3,1664,3962,3962
protect,36,3,1665,3938,3938
protect,36,3,1666,3894,3894
protect,36,3,1667,3898,3898
protect,36,3,1668,3894,3894
protect,36,3,1669,3876,3876
protect,36,3,1670,3932,3932
protect,36,3,1671,3908,3908
protect,36,3,1672,3898,3898
protect,36,3,1673,3876,3876
protect,36,3,1674,3918,3918
protect,36,3,1675,3946,3946
protect,36,3,1676,3878,3878
protect,36,3,1677,3954,3954
protect,36,3,1678,3932,3932
protect,36,3,1679,3948,3948
protect,36,3,1680,3988,3988
protect,36,3,1681,3934,3934
protect,36,3,1682,3898,3898
protect,36,3,1683,3900,3900
protect,36,3,1684,3880,3880
protect,36,3,1685,3880,3880
protect,36,3,1686,3884,3884
protect,36,3,1687,3908,3908
protect,36,3,1688,3926,3926
protect,36,3,1689,3992,3992
protect,36,3,1690,3894,3894
protect,36,3,1691,3900,3900
protect,36,3,1692,3908,3908
protect,36,3,1693,3960,3960
protect,36,3,1694,4008,4008
protect,36,3,1695,3896,3896
protect,36,3,1696,3946,3946
protect,36,3,1697,3924,3924
protect,36,3,1698,3916,3916
protect,36,3,1699,3884,3884
protect,36,3,1700,3882,3882
protect,36,3,1701,3896,3896
protect,36,3,1702,3928,3928
protect,36,3,1703,3878,3878
protect,36,3,1704,3878,3878
protect,36,3,1705,3972,3972
protect,36,3,1706,3978,3978
protect,36,3,1707,3892,3892
protect,36,3,1708,3918,3918
protect,36,3,1709,3908,3908
protect,36,3,1710,3928,3928
protect,36,3,1711,3954,3954
protect,36,3,1712,3984,3984
protect,36,3,1713,3880,3880
protect,36,3,1714,3938,3938
protect,36,3,1715,3934,3934
protect,36,3,1716,3894,3894
protect,36,3,1717,3906,3906
protect,36,3,1718,3890,3890
protect,36,3,1719,3924,3924
protect,36,3,1720,3878,3878
protect,36,3,1721,3898,3898
protect,36,3,1722,3902,3902
protect,36,3,1723,3928,3928
protect,36,3,1724,3968,3968
protect,36,3,1725,3890,3890
protect,36,3,1726,3922,3922
protect,36,3,1727,3916,3916
protect,36,3,1728,3876,3876
protect,36,3,1729,3870,3870
protect,36,3,1730,3894,3894
protect,36,3,1731,3894,3894
protect,36,3,1732,3898,3898
protect,36,3,1733,4006,4006
protect,36,3,1734,3874,3874
protect,36,3,1735,3896,3896
protect,36,3,1736,3938,3938
protect,36,3,1737,3900,3900
protect,36,3,1738,3902,3902
protect,36,3,1739,3880,3880
protect,36,3,1740,3936,3936
protect,36,3,1741,3910,3910
protect,36,3,1742,3918,3918
protect,36,3,1743,3892,3892
protect,36,3,1744,3892,3892
protect,36,3,1745,3968,3968
protect,36,3,1746,3930,3930
protect,36,3,1747,3906,3906
protect,36,3,1748,3956,3956
protect,36,3,1749,3918,3918
protect,36,3,1750,3904,3904
protect,36,3,1751,3910,3910
protect,36,3,1752,3928,3928
protect,36,3,1753,3938,3938
protect,36,3,1754,3902,3902
protect,36,3,1755,3884,3884
protect,36,3,1756,3896,3896
protect,36,3,1757,3956,3956
protect,36,3,1758,3914,3914
protect,36,3,1759,3900,3900
protect,36,3,1760,3896,3896
protect,36,3,1761,3906,3906
protect,36,3,1762,3866,3866
protect,36,3,1763,3884,3884
protect,36,3,1764,3950,3950
protect,36,3,1765,3896,3896
protect,36,3,1766,3908,3908
protect,36,3,1767,3916,3916
protect,36,3,1768,3924,3924
protect,36,3,1769,3874,3874
protect,36,3,1770,3976,3976
protect,36,3,1771,3962,3962
protect,36,3,1772,3900,3900
protect,36,3,1773,3960,3960
protect,36,3,1774,3934,3934
protect,36,3,1775,3974,3974
protect,36,3,1776,3924,3924
protect,36,3,1777,3892,3892
protect,36,3,1778,3996,3996
protect,36,3,1779,3882,3882
protect,36,3,1780,3920,3920
protect,36,3,1781,3942,3942
protect,36,3,1782,3862,3862
protect,36,3,1783,3888,3888
protect,36,3,1784,3898,3898
protect,36,3,1785,3900,3900
protect,36,3,1786,3882,3882
protect,36,3,1787,3964,3964
protect,36,3,1788,3942,3942
protect,36,3,1789,3910,3910
protect,36,3,1790,3912,3912
protect,36,3,1791,3948,3948
protect,36,3,1792,3942,3942
protect,36,3,1793,3888,3888
protect,36,3,1794,3990,3990
protect,36,3,1795,3900,3900
protect,36,3,1796,3938,3938
protect,36,3,1797,3900,3900
protect,36,3,1798,3946,3946
protect,36,3,1799,3948,3948
protect,36,3,1800,3880,3880
protect,36,3,1801,3924,3924
protect,36,3,1802,3938,3938
protect,36,3,1803,3908,3908
protect,36,3,1804,3896,3896
protect,36,3,1805,3954,3954
protect,36,3,1806,3928,3928
protect,36,3,1807,3880,3880
protect,36,3,1808,3898,3898
protect,36,3,1809,3898,3898
protect,36,3,1810,3920,3920
protect,36,3,1811,3932,3932
protect,36,3,1812,3938,3938
protect,36,3,1813,3936,3936
protect,36,3,1814,3912,3912
protect,36,3,1815,3940,3940
protect,36,3,1816,3922,3922
protect,36,3,1817,3884,3884
protect,36,3,1818,3906,3906
protect,36,3,1819,3908,3908
protect,36,3,1820,3892,3892
protect,36,3,1821,3984,3984
protect,36,3,1822,3878,3878
protect,36,3,1823,3898,3898
protect,36,3,1824,3872,3872
protect,36,3,1825,3920,3920
protect,36,3,1826,3902,3902
protect,36,3,1827,3888,3888
protect,36,3,1828,3948,3948
protect,36,3,1829,3888,3888
protect,36,3,1830,3892,3892
protect,36,3,1831,3948,3948
protect,36,3,1832,3908,3908
protect,36,3,1833,3906,3906
protect,36,3,1834,3900,3900
protect,36,3,1835,3930,3930
protect,36,3,1836,3958,3958
protect,36,3,1837,3914,3914
protect,36,3,1838,3898,3898
protect,36,3,1839,3936,3936
protect,36,3,1840,3912,3912
protect,36,3,1841,3904,3904
protect,36,3,1842,3938,3938
protect,36,3,1843,3910,3910
protect,36,3,1844,3914,3914
protect,36,3,1845,3922,3922
protect,36,3,1846,3932,3932
protect,36,3,1847,3876,3876
protect,36,3,1848,3940,3940
protect,36,3,1849,3904,3904
protect,36,3,1850,3936,3936
protect,36,3,1851,4014,4014
protect,36,3,1852,3964,3964
protect,36,3,1853,3930,3930
protect,36,3,1854,3948,3948
protect,36,3,1855,3916,3916
protect,36,3,1856,3926,3926
protect,36,3,1857,3890,3890
protect,36,3,1858,3970,3970
protect,36,3,1859,3932,3932
protect,36,3,1860,3898,3898
protect,36,3,1861,3882,3882
protect,36,3,1862,3920,3920
protect,36,3,1863,3914,3914
protect,36,3,1864,3898,3898
protect,36,3,1865,3932,3932
protect,36,3,1866,3872,3872
protect,36,3,1867,3918,3918
protect,36,3,1868,3992,3992
protect,36,3,1869,4016,4016
protect,36,3,1870,3906,3906
protect,36,3,1871,3920,3920
protect,36,3,1872,3920,3920
protect,36,3,1873,3978,3978
protect,36,3,1874,3898,3898
protect,36,3,1875,3922,3922
protect,36,3,1876,3904,3904
protect,36,3,1877,3938,3938
protect,36,3,1878,3884,3884
protect,36,3,1879,3958,3958
protect,36,3,1880,3916,3916
protect,36,3,1881,3996,3996
protect,36,3,1882,3924,3924
protect,36,3,1883,3920,3920
protect,36,3,1884,3906,3906
protect,36,3,1885,3898,3898
protect,36,3,1886,3970,3970
protect,36,3,1887,3896,3896
protect,36,3,1888,3950,3950
protect,36,3,1889,3982,3982
protect,36,3,1890,3952,3952
protect,36,3,1891,3896,3896
protect,36,3,1892,4066,4066
protect,36,3,1893,3912,3912
protect,36,3,1894,3902,3902
protect,36,3,1895,3882,3882
protect,36,3,1896,3872,3872
protect,36,3,1897,3888,3888
protect,36,3,1898,3910,3910
protect,36,3,1899,3890,3890
protect,36,3,1900,3900,3900
protect,36,3,1901,3946,3946
protect,36,3,1902,3920,3920
protect,36,3,1903,3968,3968
protect,36,3,1904,3924,3924
protect,36,3,1905,3882,3882
protect,36,3,1906,3960,3960
protect,36,3,1907,3914,3914
protect,36,3,1908,3942,3942
protect,36,3,1909,3938,3938
protect,36,3,1910,3892,3892
protect,36,3,1911,3924,3924
protect,36,3,1912,3908,3908
protect,36,3,1913,3980,3980
protect,36,3,1914,3960,3960
protect,36,3,1915,3902,3902
protect,36,3,1916,3990,3990
protect,36,3,1917,3904,3904
protect,36,3,1918,3944,3944
protect,36,3,1919,3906,3906
protect,36,3,1920,3914,3914
protect,36,3,1921,3908,3908
protect,36,3,1922,3914,3914
protect,36,3,1923,3908,3908
protect,36,3,1924,3904,3904
protect,36,3,1925,3878,3878
protect,36,3,1926,4006,4006
protect,36,3,1927,3916,3916
protect,36,3,1928,3892,3892
protect,36,3,1929,3916,3916
protect,36,3,1930,3986,3986
protect,36,3,1931,3906,3906
protect,36,3,1932,3934,3934
protect,36,3,1933,3900,3900
protect,36,3,1934,3922,3922
protect,36,3,1935,4010,4010
protect,36,3,1936,3956,3956
protect,36,3,1937,3904,3904
protect,36,3,1938,3954,3954
protect,36,3,1939,3908,3908
protect,36,3,1940,3904,3904
protect,36,3,1941,3890,3890
protect,36,3,1942,3890,3890
protect,36,3,1943,3934,3934
protect,36,3,1944,3908,3908
protect,36,3,1945,3966,3966
protect,36,3,1946,3924,3924
protect,36,3,1947,3908,3908
protect,36,3,1948,3912,3912
protect,36,3,1949,3914,3914
protect,36,3,1950,3882,3882
protect,36,3,1951,3986,3986
protect,36,3,1952,3926,3926
protect,36,3,1953,3980,3980
protect,36,3,1954,4032,4032
protect,36,3,1955,3960,3960
protect,36,3,1956,3928,3928
protect,36,3,1957,3966,3966
protect,36,3,1958,3946,3946
protect,36,3,1959,3978,3978
protect,36,3,1960,3956,3956
protect,36,3,1961,3948,3948
protect,36,3,1962,3958,3958
protect,36,3,1963,3990,3990
protect,36,3,1964,3934,3934
protect,36,3,1965,3950,3950
protect,36,3,1966,3928,3928
protect,36,3,1967,3908,3908
protect,36,3,1968,3934,3934
protect,36,3,1969,4066,4066
protect,36,3,1970,3954,3954
protect,36,3,1971,3938,3938
protect,36,3,1972,3970,3970
protect,36,3,1973,3940,3940
protect,36,3,1974,3960,3960
protect,36,3,1975,3976,3976
protect,36,3,1976,3948,3948
protect,36,3,1977,3942,3942
protect,36,3,1978,3970,3970
protect,36,3,1979,3998,3998
protect,36,3,1980,3970,3970
protect,36,3,1981,3962,3962
protect,36,3,1982,3918,3918
protect,36,3,1983,3994,3994
protect,36,3,1984,3964,3964
protect,36,3,1985,3960,3960
protect,36,3,1986,3928,3928
protect,36,3,1987,3976,3976
protect,36,3,1988,3948,3948
protect,36,3,1989,3966,3966
protect,36,3,1990,4002,4002
protect,36,3,1991,3984,3984
protect,36,3,1992,3968,3968
protect,36,3,1993,4014,4014
protect,36,3,1994,3984,3984
protect,36,3,1995,3976,3976
protect,36,3,1996,3920,3920
protect,36,3,1997,3968,3968
protect,36,3,1998,3948,3948
protect,36,3,1999,3918,3918
protect,36,3,2000,4010,4010
verify,36,3,1,4050,4050
verify,36,3,2,4052,4052
verify,36,3,3,3898,3898
verify,36,3,4,3896,3896
verify,36,3,5,4008,4008
verify,36,3,6,3948,3948
verify,36,3,7,3952,3952
verify,36,3,8,4000,4000
verify,36,3,9,3916,3916
verify,36,3,10,3978,3978
verify,36,3,11,3946,3946
verify,36,3,12,3966,3966
verify,36,3,13,3958,3958
verify,36,3,14,3898,3898
verify,36,3,15,3940,3940
verify,36,3,16,3908,3908
verify,36,3,17,3902,3902
verify,36,3,18,3948,3948
verify,36,3,19,3928,3928
verify,36,3,20,3924,3924
verify,36,3,21,3960,3960
verify,36,3,22,3906,3906
verify,36,3,23,3918,3918
verify,36,3,24,3918,3918
verify,36,3,25,4040,4040
verify,36,3,26,3900,3900
verify,36,3,27,3942,3942
verify,36,3,28,3958,3958
verify,36,3,29,3960,3960
verify,36,3,30,3942,3942
verify,36,3,31,3930,3930
verify,36,3,32,3888,3888
verify,36,3,33,3984,3984
verify,36,3,34,3940,3940
verify,36,3,35,3900,3900
verify,36,3,36,3892,3892
verify,36,3,37,3952,3952
verify,36,3,38,3984,3984
verify,36,3,39,3910,3910
verify,36,3,40,3920,3920
verify,36,3,41,3908,3908
verify,36,3,42,3948,3948
verify,36,3,43,3964,3964
verify,36,3,44,3926,3926
verify,36,3,45,3910,3910
verify,36,3,46,3990,3990
verify,36,3,47,4020,4020
verify,36,3,48,3972,3972
verify,36,3,49,3940,3940
verify,36,3,50,4006,4006
verify,36,3,51,3908,3908
verify,36,3,52,3922,3922
verify,36,3,53,3948,3948
verify,36,3,54,3986,3986
verify,36,3,55,3992,3992
verify,36,3,56,3960,3960
verify,36,3,57,3932,3932
verify,36,3,58,3912,3912
verify,36,3,59,4016,4016
verify,36,3,60,3940,3940
verify,36,3,61,3998,3998
verify,36,3,62,3958,3958
verify,36,3,63,3954,3954
verify,36,3,64,3946,3946
verify,36,3,65,3964,3964
verify,36,3,66,3938,3938
verify,36,3,67,3944,3944
verify,36,3,68,3912,3912
verify,36,3,69,3956,3956
verify,36,3,70,3944,3944
verify,36,3,71,3924,3924
verify,36,3,72,3918,3918
verify,36,3,73,3942,3942
verify,36,3,74,4008,4008
verify,36,3,75,3938,3938
verify,36,3,76,4000,4000
verify,36,3,77,3940,3940
verify,36,3,78,3922,3922
verify,36,3,79,3946,3946
verify,36,3,80,3906,3906
verify,36,3,81,3904,3904
verify,36,3,82,3910,3910
verify,36,3,83,3944,3944
verify,36,3,84,3912,3912
verify,36,3,85,3980,3980
verify,36,3,86,3976,3976
verify,36,3,87,3968,3968
verify,36,3,88,3924,3924
verify,36,3,89,3970,3970
verify,36,3,90,3990,3990
verify,36,3,91,3914,3914
verify,36,3,92,3968,3968
verify,36,3,93,3956,3956
verify,36,3,94,3924,3924
verify,36,3,95,3916,3916
verify,36,3,96,3950,3950
verify,36,3,97,3974,3974
verify,36,3,98,3936,3936
verify,36,3,99,3988,3988
verify,36,3,100,3930,3930
verify,36,3,101,3998,3998
verify,36,3,102,3916,3916
verify,36,3,103,3956,3956
verify,36,3,104,3994,3994
verify,36,3,105,3944,3944
verify,36,3,106,3922,3922
verify,36,3,107,3924,3924
verify,36,3,108,3918,3918
verify,36,3,109,3948,3948
verify,36,3,110,3940,3940
verify,36,3,111,4010,4010
verify,36,3,112,3942,3942
verify,36,3,113,3952,3952
verify,36,3,114,3920,3920
verify,36,3,115,3984,3984
verify,36,3,116,3946,3946
verify,36,3,117,3940,3940
verify,36,3,118,3994,3994
verify,36,3,119,4068,4068
verify,36,3,120,3900,3900
verify,36,3,121,3960,3960
verify,36,3,122,3944,3944
verify,36,3,123,3930,3930
verify,36,3,124,3930,3930
verify,36,3,125,3976,3976
verify,36,3,126,3900,3900
verify,36,3,127,4000,4000
verify,36,3,128,3924,3924
verify,36,3,129,3954,3954
verify,36,3,130,4016,4016
verify,36,3,131,3938,3938
verify,36,3,132,3928,3928
verify,36,3,133,3894,3894
verify,36,3,134,3912,3912
verify,36,3,135,3910,3910
verify,36,3,136,3974,3974
verify,36,3,137,3956,3956
verify,36,3,138,4000,4000
verify,36,3,139,3936,3936
verify,36,3,140,3904,3904
verify,36,3,141,3908,3908
verify,36,3,142,3952,3952
verify,36,3,143,3928,3928
verify,36,3,144,4000,4000
verify,36,3,145,3932,3932
verify,36,3,146,3924,3924
verify,36,3,147,3958,3958
verify,36,3,148,4006,4006
verify,36,3,149,3986,3986
verify,36,3,150,3944,3944
verify,36,3,151,3904,3904
verify,36,3,152,3980,3980
verify,36,3,153,3906,3906
verify,36,3,154,3938,3938
verify,36,3,155,3894,3894
verify,36,3,156,3908,3908
verify,36,3,157,3968,3968
verify,36,3,158,3944,3944
verify,36,3,159,3930,3930
verify,36,3,160,3912,3912
verify,36,3,161,3908,3908
verify,36,3,162,3988,3988
verify,36,3,163,3952,3952
verify,36,3,164,3932,3932
verify,36,3,165,3946,3946
verify,36,3,166,3928,3928
verify,36,3,167,4062,4062
verify,36,3,168,3918,3918
verify,36,3,169,3934,3934
verify,36,3,170,3912,3912
verify,36,3,171,4032,4032
verify,36,3,172,3938,3938
verify,36,3,173,3992,3992
verify,36,3,174,3910,3910
verify,36,3,175,3974,3974
verify,36,3,176,3956,3956
verify,36,3,177,3966,3966
verify,36,3,178,3906,3906
verify,36,3,179,3986,3986
verify,36,3,180,3950,3950
verify,36,3,181,4010,4010
verify,36,3,182,3962,3962
verify,36,3,183,3940,3940
verify,36,3,184,3942,3942
verify,36,3,185,3896,3896
verify,36,3,186,3912,3912
verify,36,3,187,3986,3986
verify,36,3,188,3942,3942
verify,36,3,189,3916,3916
verify,36,3,190,3936,3936
verify,36,3,191,4026,4026
verify,36,3,192,4016,4016
verify,36,3,193,3906,3906
verify,36,3,194,3936,3936
verify,36,3,195,3936,3936
verify,36,3,196,3986,3986
verify,36,3,197,3910,3910
verify,36,3,198,3980,3980
verify,36,3,199,3946,3946
verify,36,3,200,3998,3998
verify,36,3,201,3886,3886
verify,36,3,202,3964,3964
verify,36,3,203,3954,3954
verify,36,3,204,3920,3920
verify,36,3,205,3924,3924
verify,36,3,206,3930,3930
verify,36,3,207,3896,3896
verify,36,3,208,3896,3896
verify,36,3,209,3968,3968
verify,36,3,210,3960,3960
verify,36,3,211,3986,3986
verify,36,3,212,3948,3948
verify,36,3,213,3972,3972
verify,36,3,214,3946,3946
verify,36,3,215,3964,3964
verify,36,3,216,3928,3928
verify,36,3,217,3924,3924
verify,36,3,218,3938,3938
verify,36,3,219,3946,3946
verify,36,3,220,3918,3918
verify,36,3,221,3908,3908
verify,36,3,222,3930,3930
verify,36,3,223,3916,3916
verify,36,3,224,4042,4042
verify,36,3,225,3932,3932
verify,36,3,226,3914,3914
verify,36,3,227,3956,3956
verify,36,3,228,3926,3926
verify,36,3,229,3964,3964
verify,36,3,230,4044,4044
verify,36,3,231,3930,3930
verify,36,3,232,3946,3946
verify,36,3,233,3922,3922
verify,36,3,234,3926,3926
verify,36,3,235,3954,3954
verify,36,3,236,3920,3920
verify,36,3,237,3912,3912
verify,36,3,238,3902,3902
verify,36,3,239,3928,3928
verify,36,3,240,3912,3912
verify,36,3,241,3998,3998
verify,36,3,242,3964,3964
verify,36,3,243,3928,3928
verify,36,3,244,3932,3932
verify,36,3,245,3998,3998
verify,36,3,246,3926,3926
verify,36,3,247,3924,3924
verify,36,3,248,3944,3944
verify,36,3,249,3946,3946
verify,36,3,250,4044,4044
verify,36,3,251,3920,3920
verify,36,3,252,3940,3940
verify,36,3,253,3902,3902
verify,36,3,254,3910,3910
verify,36,3,255,3994,3994
verify,36,3,256,3934,3934
verify,36,3,257,3912,3912
verify,36,3,258,3982,3982
verify,36,3,259,3934,3934
verify,36,3,260,3944,3944
verify,36,3,261,3950,3950
verify,36,3,262,3920,3920
verify,36,3,263,3914,3914
verify,36,3,264,3976,3976
verify,36,3,265,3906,3906
verify,36,3,266,3910,3910
verify,36,3,267,3952,3952
verify,36,3,268,3992,3992
verify,36,3,269,4010,4010
verify,36,3,270,3968,3968
verify,36,3,271,3964,3964
verify,36,3,272,3912,3912
verify,36,3,273,3908,3908
verify,36,3,274,3936,3936
verify,36,3,275,3956,3956
verify,36,3,276,3948,3948
verify,36,3,277,3994,3994
verify,36,3,278,3928,3928
verify,36,3,279,3932,3932
verify,36,3,280,3976,3976
verify,36,3,281,3920,3920
verify,36,3,282,3934,3934
verify,36,3,283,3986,3986
verify,36,3,284,3948,3948
verify,36,3,285,4004,4004
verify,36,3,286,3948,3948
verify,36,3,287,3932,3932
verify,36,3,288,3970,3970
verify,36,3,289,4028,4028
verify,36,3,290,4000,4000
verify,36,3,291,3906,3906
verify,36,3,292,3964,3964
verify,36,3,293,3904,3904
verify,36,3,294,3944,3944
verify,36,3,295,4014,4014
verify,36,3,296,3954,3954
verify,36,3,297,3950,3950
verify,36,3,298,3974,3974
verify,36,3,299,3948,3948
verify,36,3,300,3938,3938
verify,36,3,301,3918,3918
verify,36,3,302,3978,3978
verify,36,3,303,3956,3956
verify,36,3,304,3966,3966
verify,36,3,305,3930,3930
verify,36,3,306,4004,4004
verify,36,3,307,3942,3942
verify,36,3,308,3934,3934
verify,36,3,309,3968,3968
verify,36,3,310,3926,3926
verify,36,3,311,3980,3980
verify,36,3,312,3958,3958
verify,36,3,313,3968,3968
verify,36,3,314,3942,3942
verify,36,3,315,3972,3972
verify,36,3,316,3924,3924
verify,36,3,317,3908,3908
verify,36,3,318,3958,3958
verify,36,3,319,3974,3974
verify,36,3,320,3922,3922
verify,36,3,321,3938,3938
verify,36,3,322,3962,3962
verify,36,3,323,3940,3940
verify,36,3,324,3924,3924
verify,36,3,325,3914,3914
verify,36,3,326,3938,3938
verify,36,3,327,4006,4006
verify,36,3,328,3948,3948
verify,36,3,329,3914,3914
verify,36,3,330,3966,3966
verify,36,3,331,3966,3966
verify,36,3,332,3926,3926
verify,36,3,333,3988,3988
verify,36,3,334,3936,3936
verify,36,3,335,3934,3934
verify,36,3,336,3940,3940
verify,36,3,337,3912,3912
verify,36,3,338,3898,3898
verify,36,3,339,3932,3932
verify,36,3,340,3978,3978
verify,36,3,341,3892,3892
verify,36,3,342,3942,3942
verify,36,3,343,3934,3934
verify,36,3,344,3956,3956
verify,36,3,345,3936,3936
verify,36,3,346,3890,3890
verify,36,3,347,3948,3948
verify,36,3,348,3976,3976
verify,36,3,349,3954,3954
verify,36,3,350,3948,3948
verify,36,3,351,3974,3974
verify,36,3,352,3902,3902
verify,36,3,353,3956,3956
verify,36,3,354,3924,3924
verify,36,3,355,3946,3946
verify,36,3,356,3926,3926
verify,36,3,357,3900,3900
verify,36,3,358,3930,3930
verify,36,3,359,3968,3968
verify,36,3,360,3928,3928
verify,36,3,361,3926,3926
verify,36,3,362,3958,3958
verify,36,3,363,3950,3950
verify,36,3,364,3930,3930
verify,36,3,365,3958,3958
verify,36,3,366,3940,3940
verify,36,3,367,3900,3900
verify,36,3,368,3898,3898
verify,36,3,369,3936,3936
verify,36,3,370,3934,3934
verify,36,3,371,3924,3924
verify,36,3,372,3910,3910
verify,36,3,373,3918,3918
verify,36,3,374,3968,3968
verify,36,3,375,3914,3914
verify,36,3,376,3924,3924
verify,36,3,377,3924,3924
verify,36,3,378,3948,3948
verify,36,3,379,3906,3906
verify,36,3,380,3932,3932
verify,36,3,381,3924,3924
verify,36,3,382,3926,3926
verify,36,3,383,4048,4048
verify,36,3,384,3930,3930
verify,36,3,385,3942,3942
verify,36,3,386,3948,3948
verify,36,3,387,3918,3918
verify,36,3,388,3908,3908
verify,36,3,389,3976,3976
verify,36,3,390,3936,3936
verify,36,3,391,3922,3922
verify,36,3,392,3928,3928
verify,36,3,393,3916,3916
verify,36,3,394,3930,3930
verify,36,3,395,3952,3952
verify,36,3,396,3940,3940
verify,36,3,397,3924,3924
verify,36,3,398,3998,3998
verify,36,3,399,3948,3948
verify,36,3,400,3972,3972
verify,36,3,401,3926,3926
verify,36,3,402,3944,3944
verify,36,3,403,3926,3926
verify,36,3,404,3954,3954
verify,36,3,405,3922,3922
verify,36,3,406,4012,4012
verify,36,3,407,3912,3912
verify,36,3,408,3926,3926
verify,36,3,409,3932,3932
verify,36,3,410,3958,3958
verify,36,3,411,3920,3920
verify,36,3,412,3932,3932
verify,36,3,413,3984,3984
verify,36,3,414,3986,3986
verify,36,3,415,3954,3954
verify,36,3,416,3960,3960
verify,36,3,417,3974,3974
verify,36,3,418,3940,3940
verify,36,3,419,3928,3928
verify,36,3,420,3910,3910
verify,36,3,421,4006,4006
verify,36,3,422,3920,3920
verify,36,3,423,3878,3878
verify,36,3,424,3982,3982
verify,36,3,425,3962,3962
verify,36,3,426,3964,3964
verify,36,3,427,3928,3928
verify,36,3,428,3930,3930
verify,36,3,429,3932,3932
verify,36,3,430,3962,3962
verify,36,3,431,3934,3934
verify,36,3,432,3946,3946
verify,36,3,433,3900,3900
verify,36,3,434,3972,3972
verify,36,3,435,3944,3944
verify,36,3,436,4014,4014
verify,36,3,437,3922,3922
verify,36,3,438,3918,3918
verify,36,3,439,3994,3994
verify,36,3,440,3954,3954
verify,36,3,441,3928,3928
verify,36,3,442,3956,3956
verify,36,3,443,3928,3928
verify,36,3,444,4004,4004
verify,36,3,445,3938,3938
verify,36,3,446,4000,4000
verify,36,3,447,3984,3984
verify,36,3,448,3948,3948
verify,36,3,449,3924,3924
verify,36,3,450,4010,4010
verify,36,3,451,3930,3930
verify,36,3,452,3942,3942
verify,36,3,453,3932,3932
verify,36,3,454,3954,3954
verify,36,3,455,3918,3918
verify,36,3,456,3986,3986
verify,36,3,457,3978,3978
verify,36,3,458,3942,3942
verify,36,3,459,4002,4002
verify,36,3,460,3958,3958
verify,36,3,461,3916,3916
verify,36,3,462,3898,3898
verify,36,3,463,3962,3962
verify,36,3,464,3984,3984
verify,36,3,465,3932,3932
verify,36,3,466,3998,3998
verify,36,3,467,3926,3926
verify,36,3,468,3920,3920
verify,36,3,469,3886,3886
verify,36,3,470,3888,3888
verify,36,3,471,3908,3908
verify,36,3,472,3934,3934
verify,36,3,473,3910,3910
verify,36,3,474,3982,3982
verify,36,3,475,3938,3938
verify,36,3,476,4012,4012
verify,36,3,477,3962,3962
verify,36,3,478,3980,3980
verify,36,3,479,3952,3952
verify,36,3,480,3988,3988
verify,36,3,481,3962,3962
verify,36,3,482,4022,4022
verify,36,3,483,3914,3914
verify,36,3,484,3942,3942
verify,36,3,485,3902,3902
verify,36,3,486,3914,3914
verify,36,3,487,3910,3910
verify,36,3,488,4000,4000
verify,36,3,489,3928,3928
verify,36,3,490,3942,3942
verify,36,3,491,3934,3934
verify,36,3,492,3992,3992
verify,36,3,493,3944,3944
verify,36,3,494,3950,3950
verify,36,3,495,3918,3918
verify,36,3,496,3958,3958
verify,36,3,497,3970,3970
verify,36,3,498,3928,3928
verify,36,3,499,3970,3970
verify,36,3,500,3958,3958
verify,36,3,501,3924,3924
verify,36,3,502,3912,3912
verify,36,3,503,3984,3984
verify,36,3,504,3898,3898
verify,36,3,505,3982,3982
verify,36,3,506,3910,3910
verify,36,3,507,3912,3912
verify,36,3,508,3978,3978
verify,36,3,509,4040,4040
verify,36,3,510,3926,3926
verify,36,3,511,3926,3926
verify,36,3,512,3930,3930
verify,36,3,513,3922,3922
verify,36,3,514,3928,3928
verify,36,3,515,3928,3928
verify,36,3,516,3914,3914
verify,36,3,517,4022,4022
verify,36,3,518,3954,3954
verify,36,3,519,3908,3908
verify,36,3,520,3972,3972
verify,36,3,521,3926,3926
verify,36,3,522,3920,3920
verify,36,3,523,3934,3934
verify,36,3,524,4012,4012
verify,36,3,525,3912,3912
verify,36,3,526,4008,4008
verify,36,3,527,3948,3948
verify,36,3,528,3944,3944
verify,36,3,529,3968,3968
verify,36,3,530,3924,3924
verify,36,3,531,3904,3904
verify,36,3,532,3974,3974
verify,36,3,533,3926,3926
verify,36,3,534,3928,3928
verify,36,3,535,3920,3920
verify,36,3,536,3966,3966
verify,36,3,537,3918,3918
verify,36,3,538,3956,3956
verify,36,3,539,3944,3944
verify,36,3,540,3924,3924
verify,36,3,541,3926,3926
verify,36,3,542,3926,3926
verify,36,3,543,3962,3962
verify,36,3,544,3952,3952
verify,36,3,545,3916,3916
verify,36,3,546,3922,3922
verify,36,3,547,3982,3982
verify,36,3,548,3892,3892
verify,36,3,549,3974,3974
verify,36,3,550,3918,3918
verify,36,3,551,3932,3932
verify,36,3,552,3970,3970
verify,36,3,553,4034,4034
verify,36,3,554,3936,3936
verify,36,3,555,3906,3906
verify,36,3,556,3936,3936
verify,36,3,557,3942,3942
verify,36,3,558,3936,3936
verify,36,3,559,3932,3932
verify,36,3,560,3922,3922
verify,36,3,561,3964,3964
verify,36,3,562,3940,3940
verify,36,3,563,3990,3990
verify,36,3,564,3956,3956
verify,36,3,565,3918,3918
verify,36,3,566,3910,3910
verify,36,3,567,3928,3928
verify,36,3,568,4006,4006
verify,36,3,569,3928,3928
verify,36,3,570,3916,3916
verify,36,3,571,3966,3966
verify,36,3,572,3934,3934
verify,36,3,573,3892,3892
verify,36,3,574,4012,4012
verify,36,3,575,3948,3948
verify,36,3,576,3958,3958
verify,36,3,577,3916,3916
verify,36,3,578,3956,3956
verify,36,3,579,3938,3938
verify,36,3,580,3960,3960
verify,36,3,581,3952,3952
verify,36,3,582,3960,3960
verify,36,3,583,3956,3956
verify,36,3,584,4078,4078
verify,36,3,585,4020,4020
verify,36,3,586,3932,3932
verify,36,3,587,3960,3960
verify,36,3,588,4078,4078
verify,36,3,589,4022,4022
verify,36,3,590,3986,3986
verify,36,3,591,3990,3990
verify,36,3,592,3980,3980
verify,36,3,593,4026,4026
verify,36,3,594,3982,3982
verify,36,3,595,3982,3982
verify,36,3,596,3980,3980
verify,36,3,597,4002,4002
verify,36,3,598,3974,3974
verify,36,3,599,4040,4040
verify,36,3,600,4026,4026
verify,36,3,601,4044,4044
verify,36,3,602,4012,4012
verify,36,3,603,4048,4048
verify,36,3,604,4020,4020
verify,36,3,605,4092,4092
verify,36,3,606,4012,4012
verify,36,3,607,4038,4038
verify,36,3,608,4024,4024
verify,36,3,609,4034,4034
verify,36,3,610,4028,4028
verify,36,3,611,4000,4000
verify,36,3,612,4088,4088
verify,36,3,613,4062,4062
verify,36,3,614,3972,3972
verify,36,3,615,4028,4028
verify,36,3,616,3966,3966
verify,36,3,617,4076,4076
verify,36,3,618,4020,4020
verify,36,3,619,4062,4062
verify,36,3,620,3982,3982
verify,36,3,621,4018,4018
verify,36,3,622,4030,4030
verify,36,3,623,3990,3990
verify,36,3,624,4036,4036
verify,36,3,625,3992,3992
verify,36,3,626,4014,4014
verify,36,3,627,3974,3974
verify,36,3,628,4026,4026
verify,36,3,629,4012,4012
verify,36,3,630,3990,3990
verify,36,3,631,3998,3998
verify,36,3,632,4018,4018
verify,36,3,633,4084,4084
verify,36,3,634,4018,4018
verify,36,3,635,4028,4028
verify,36,3,636,4022,4022
verify,36,3,637,3998,3998
verify,36,3,638,3974,3974
verify,36,3,639,4030,4030
verify,36,3,640,3994,3994
verify,36,3,641,4030,4030
verify,36,3,642,4018,4018
verify,36,3,643,3980,3980
verify,36,3,644,4060,4060
verify,36,3,645,4062,4062
verify,36,3,646,3998,3998
verify,36,3,647,4026,4026
verify,36,3,648,3980,3980
verify,36,3,649,4056,4056
verify,36,3,650,4000,4000
verify,36,3,651,3988,3988
verify,36,3,652,3996,3996
verify,36,3,653,4012,4012
verify,36,3,654,3986,3986
verify,36,3,655,4034,4034
verify,36,3,656,3966,3966
verify,36,3,657,4020,4020
verify,36,3,658,4004,4004
verify,36,3,659,4020,4020
verify,36,3,660,4022,4022
verify,36,3,661,4032,4032
verify,36,3,662,3998,3998
verify,36,3,663,3984,3984
verify,36,3,664,4012,4012
verify,36,3,665,4064,4064
verify,36,3,666,4020,4020
verify,36,3,667,4050,4050
verify,36,3,668,4084,4084
verify,36,3,669,4050,4050
verify,36,3,670,3970,3970
verify,36,3,671,4008,4008
verify,36,3,672,4014,4014
verify,36,3,673,3974,3974
verify,36,3,674,3998,3998
verify,36,3,675,4036,4036
verify,36,3,676,3990,3990
verify,36,3,677,3992,3992
verify,36,3,678,4040,4040
verify,36,3,679,4038,4038
verify,36,3,680,3998,3998
verify,36,3,681,4028,4028
verify,36,3,682,4034,4034
verify,36,3,683,3992,3992
verify,36,3,684,4036,4036
verify,36,3,685,3988,3988
verify,36,3,686,3984,3984
verify,36,3,687,4074,4074
verify,36,3,688,4034,4034
verify,36,3,689,4058,4058
verify,36,3,690,4012,4012
verify,36,3,691,3986,3986
verify,36,3,692,3988,3988
verify,36,3,693,3992,3992
verify,36,3,694,3984,3984
verify,36,3,695,3996,3996
verify,36,3,696,4018,4018
verify,36,3,697,4074,4074
verify,36,3,698,3994,3994
verify,36,3,699,4048,4048
verify,36,3,700,4036,4036
verify,36,3,701,3984,3984
verify,36,3,702,4032,4032
verify,36,3,703,4006,4006
verify,36,3,704,4032,4032
verify,36,3,705,3992,3992
verify,36,3,706,4146,4146
verify,36,3,707,4004,4004
verify,36,3,708,3966,3966
verify,36,3,709,4022,4022
verify,36,3,710,4004,4004
verify,36,3,711,4012,4012
verify,36,3,712,3984,3984
verify,36,3,713,4018,4018
verify,36,3,714,4006,4006
verify,36,3,715,4006,4006
verify,36,3,716,4050,4050
verify,36,3,717,4034,4034
verify,36,3,718,3986,3986
verify,36,3,719,4028,4028
verify,36,3,720,4036,4036
verify,36,3,721,4004,4004
verify,36,3,722,3984,3984
verify,36,3,723,3992,3992
verify,36,3,724,4002,4002
verify,36,3,725,3974,3974
verify,36,3,726,4006,4006
verify,36,3,727,3998,3998
verify,36,3,728,3960,3960
verify,36,3,729,4002,4002
verify,36,3,730,4014,4014
verify,36,3,731,3978,3978
verify,36,3,732,3976,3976
verify,36,3,733,4050,4050
verify,36,3,734,3982,3982
verify,36,3,735,4032,4032
verify,36,3,736,3982,3982
verify,36,3,737,4042,4042
verify,36,3,738,4044,4044
verify,36,3,739,4002,4002
verify,36,3,740,3984,3984
verify,36,3,741,4052,4052
verify,36,3,742,4008,4008
verify,36,3,743,4012,4012
verify,36,3,744,3938,3938
verify,36,3,745,3952,3952
verify,36,3,746,3926,3926
verify,36,3,747,3960,3960
verify,36,3,748,3908,3908
verify,36,3,749,3974,3974
verify,36,3,750,3952,3952
verify,36,3,751,9416,9416
verify,36,3,752,3972,3972
verify,36,3,753,3898,3898
verify,36,3,754,3912,3912
verify,36,3,755,3930,3930
verify,36,3,756,3984,3984
verify,36,3,757,3932,3932
verify,36,3,758,3930,3930
verify,36,3,759,3926,3926
verify,36,3,760,4014,4014
verify,36,3,761,4026,4026
verify,36,3,762,3970,3970
verify,36,3,763,3940,3940
verify,36,3,764,3994,3994
verify,36,3,765,3980,3980
verify,36,3,766,3918,3918
verify,36,3,767,3964,3964
verify,36,3,768,3938,3938
verify,36,3,769,3928,3928
verify,36,3,770,3968,3968
verify,36,3,771,3958,3958
verify,36,3,772,3946,3946
verify,36,3,773,3928,3928
verify,36,3,774,3930,3930
verify,36,3,775,3972,3972
verify,36,3,776,4010,4010
verify,36,3,777,3956,3956
verify,36,3,778,3898,3898
verify,36,3,779,3968,3968
verify,36,3,780,3952,3952
verify,36,3,781,3904,3904
verify,36,3,782,3902,3902
verify,36,3,783,3984,3984
verify,36,3,784,3962,3962
verify,36,3,785,4000,4000
verify,36,3,786,3948,3948
verify,36,3,787,3968,3968
verify,36,3,788,3928,3928
verify,36,3,789,3900,3900
verify,36,3,790,4000,4000
verify,36,3,791,3970,3970
verify,36,3,792,3922,3922
verify,36,3,793,3996,3996
verify,36,3,794,3910,3910
verify,36,3,795,3950,3950
verify,36,3,796,3908,3908
verify,36,3,797,3972,3972
verify,36,3,798,3978,3978
verify,36,3,799,3910,3910
verify,36,3,800,3942,3942
verify,36,3,801,3938,3938
verify,36,3,802,3926,3926
verify,36,3,803,3956,3956
verify,36,3,804,3960,3960
verify,36,3,805,3896,3896
verify,36,3,806,3870,3870
verify,36,3,807,4036,4036
verify,36,3,808,3910,3910
verify,36,3,809,3938,3938
verify,36,3,810,3994,3994
verify,36,3,811,3944,3944
verify,36,3,812,3986,3986
verify,36,3,813,3910,3910
verify,36,3,814,3944,3944
verify,36,3,815,3888,3888
verify,36,3,816,3974,3974
verify,36,3,817,3934,3934
verify,36,3,818,4006,4006
verify,36,3,819,3952,3952
verify,36,3,820,3944,3944
verify,36,3,821,3924,3924
verify,36,3,822,3914,3914
verify,36,3,823,3994,3994
verify,36,3,824,4046,4046
verify,36,3,825,3914,3914
verify,36,3,826,3926,3926
verify,36,3,827,3906,3906
verify,36,3,828,3914,3914
verify,36,3,829,3964,3964
verify,36,3,830,3878,3878
verify,36,3,831,3944,3944
verify,36,3,832,3904,3904
verify,36,3,833,3910,3910
verify,36,3,834,3940,3940
verify,36,3,835,3940,3940
verify,36,3,836,3982,3982
verify,36,3,837,3930,3930
verify,36,3,838,3940,3940
verify,36,3,839,3970,3970
verify,36,3,840,3954,3954
verify,36,3,841,3932,3932
verify,36,3,842,3932,3932
verify,36,3,843,3900,3900
verify,36,3,844,3926,3926
verify,36,3,845,4008,4008
verify,36,3,846,3964,3964
verify,36,3,847,3950,3950
verify,36,3,848,3952,3952
verify,36,3,849,3944,3944
verify,36,3,850,3972,3972
verify,36,3,851,3976,3976
verify,36,3,852,3940,3940
verify,36,3,853,3912,3912
verify,36,3,854,3922,3922
verify,36,3,855,3936,3936
verify,36,3,856,3898,3898
verify,36,3,857,3974,3974
verify,36,3,858,3942,3942
verify,36,3,859,3922,3922
verify,36,3,860,3998,3998
verify,36,3,861,3896,3896
verify,36,3,862,3864,3864
verify,36,3,863,4004,4004
verify,36,3,864,3920,3920
verify,36,3,865,3924,3924
verify,36,3,866,3984,3984
verify,36,3,867,3974,3974
verify,36,3,868,3942,3942
verify,36,3,869,3948,3948
verify,36,3,870,3950,3950
verify,36,3,871,3934,3934
verify,36,3,872,3914,3914
verify,36,3,873,3972,3972
verify,36,3,874,3984,3984
verify,36,3,875,3964,3964
verify,36,3,876,3930,3930
verify,36,3,877,3944,3944
verify,36,3,878,3944,3944
verify,36,3,879,3936,3936
verify,36,3,880,3976,3976
verify,36,3,881,3934,3934
verify,36,3,882,3990,3990
verify,36,3,883,3946,3946
verify,36,3,884,4038,4038
verify,36,3,885,3936,3936
verify,36,3,886,3988,3988
verify,36,3,887,3958,3958
verify,36,3,888,4032,4032
verify,36,3,889,3920,3920
verify,36,3,890,3972,3972
verify,36,3,891,3942,3942
verify,36,3,892,3900,3900
verify,36,3,893,3886,3886
verify,36,3,894,3896,3896
verify,36,3,895,3960,3960
verify,36,3,896,3908,3908
verify,36,3,897,3966,3966
verify,36,3,898,3946,3946
verify,36,3,899,3926,3926
verify,36,3,900,3948,3948
verify,36,3,901,3942,3942
verify,36,3,902,4048,4048
verify,36,3,903,3950,3950
verify,36,3,904,3906,3906
verify,36,3,905,3920,3920
verify,36,3,906,3948,3948
verify,36,3,907,3968,3968
verify,36,3,908,3932,3932
verify,36,3,909,3908,3908
verify,36,3,910,3916,3916
verify,36,3,911,3926,3926
verify,36,3,912,4050,4050
verify,36,3,913,4002,4002
verify,36,3,914,3952,3952
verify,36,3,915,3908,3908
verify,36,3,916,3878,3878
verify,36,3,917,3882,3882
verify,36,3,918,3956,3956
verify,36,3,919,3894,3894
verify,36,3,920,3896,3896
verify,36,3,921,3940,3940
verify,36,3,922,3908,3908
verify,36,3,923,3908,3908
verify,36,3,924,3956,3956
verify,36,3,925,3912,3912
verify,36,3,926,3974,3974
verify,36,3,927,3960,3960
verify,36,3,928,3970,3970
verify,36,3,929,3946,3946
verify,36,3,930,3940,3940
verify,36,3,931,3986,3986
verify,36,3,932,3906,3906
verify,36,3,933,3938,3938
verify,36,3,934,4052,4052
verify,36,3,935,3950,3950
verify,36,3,936,3942,3942
verify,36,3,937,3926,3926
verify,36,3,938,3954,3954
verify,36,3,939,3932,3932
verify,36,3,940,3922,3922
verify,36,3,941,3984,3984
verify,36,3,942,3902,3902
verify,36,3,943,3968,3968
verify,36,3,944,3922,3922
verify,36,3,945,3874,3874
verify,36,3,946,3980,3980
verify,36,3,947,3994,3994
verify,36,3,948,3994,3994
verify,36,3,949,3914,3914
verify,36,3,950,3894,3894
verify,36,3,951,3902,3902
verify,36,3,952,3888,3888
verify,36,3,953,3962,3962
verify,36,3,954,3946,3946
verify,36,3,955,3946,3946
verify,36,3,956,4000,4000
verify,36,3,957,3932,3932
verify,36,3,958,3946,3946
verify,36,3,959,3968,3968
verify,36,3,960,3926,3926
verify,36,3,961,3914,3914
verify,36,3,962,3920,3920
verify,36,3,963,3928,3928
verify,36,3,964,3948,3948
verify,36,3,965,3950,3950
verify,36,3,966,3924,3924
verify,36,3,967,3954,3954
verify,36,3,968,3922,3922
verify,36,3,969,3966,3966
verify,36,3,970,3912,3912
verify,36,3,971,4044,4044
verify,36,3,972,3970,3970
verify,36,3,973,3954,3954
verify,36,3,974,3940,3940
verify,36,3,975,3938,3938
verify,36,3,976,3954,3954
verify,36,3,977,3928,3928
verify,36,3,978,3924,3924
verify,36,3,979,3980,3980
verify,36,3,980,3944,3944
verify,36,3,981,3962,3962
verify,36,3,982,3972,3972
verify,36,3,983,3950,3950
verify,36,3,984,3992,3992
verify,36,3,985,3916,3916
verify,36,3,986,3892,3892
verify,36,3,987,3914,3914
verify,36,3,988,3906,3906
verify,36,3,989,3950,3950
verify,36,3,990,3908,3908
verify,36,3,991,3954,3954
verify,36,3,992,3928,3928
verify,36,3,993,3924,3924
verify,36,3,994,3968,3968
verify,36,3,995,3944,3944
verify,36,3,996,3912,3912
verify,36,3,997,3936,3936
verify,36,3,998,3978,3978
verify,36,3,999,3888,3888
verify,36,3,1000,3950,3950
verify,36,3,1001,3928,3928
verify,36,3,1002,4022,4022
verify,36,3,1003,3904,3904
verify,36,3,1004,3908,3908
verify,36,3,1005,4076,4076
verify,36,3,1006,3954,3954
verify,36,3,1007,3942,3942
verify,36,3,1008,4006,4006
verify,36,3,1009,4008,4008
verify,36,3,1010,3916,3916
verify,36,3,1011,3928,3928
verify,36,3,1012,3984,3984
verify,36,3,1013,3946,3946
verify,36,3,1014,3886,3886
verify,36,3,1015,3970,3970
verify,36,3,1016,3934,3934
verify,36,3,1017,3976,3976
verify,36,3,1018,3940,3940
verify,36,3,1019,4052,4052
verify,36,3,1020,3922,3922
verify,36,3,1021,3962,3962
verify,36,3,1022,3948,3948
verify,36,3,1023,3988,3988
verify,36,3,1024,4002,4002
verify,36,3,1025,3922,3922
verify,36,3,1026,3942,3942
verify,36,3,1027,3988,3988
verify,36,3,1028,3938,3938
verify,36,3,1029,3954,3954
verify,36,3,1030,3944,3944
verify,36,3,1031,3988,3988
verify,36,3,1032,3926,3926
verify,36,3,1033,3906,3906
verify,36,3,1034,3966,3966
verify,36,3,1035,3910,3910
verify,36,3,1036,3924,3924
verify,36,3,1037,3970,3970
verify,36,3,1038,3960,3960
verify,36,3,1039,3924,3924
verify,36,3,1040,3932,3932
verify,36,3,1041,3986,3986
verify,36,3,1042,4010,4010
verify,36,3,1043,3996,3996
verify,36,3,1044,3934,3934
verify,36,3,1045,3948,3948
verify,36,3,1046,3900,3900
verify,36,3,1047,3906,3906
verify,36,3,1048,3916,3916
verify,36,3,1049,3902,3902
verify,36,3,1050,3914,3914
verify,36,3,1051,3914,3914
verify,36,3,1052,4034,4034
verify,36,3,1053,4018,4018
verify,36,3,1054,3964,3964
verify,36,3,1055,3970,3970
verify,36,3,1056,3972,3972
verify,36,3,1057,3928,3928
verify,36,3,1058,3940,3940
verify,36,3,1059,3970,3970
verify,36,3,1060,3972,3972
verify,36,3,1061,3946,3946
verify,36,3,1062,3930,3930
verify,36,3,1063,3996,3996
verify,36,3,1064,3960,3960
verify,36,3,1065,3928,3928
verify,36,3,1066,3938,3938
verify,36,3,1067,3914,3914
verify,36,3,1068,3932,3932
verify,36,3,1069,3948,3948
verify,36,3,1070,3902,3902
verify,36,3,1071,3890,3890
verify,36,3,1072,3938,3938
verify,36,3,1073,3956,3956
verify,36,3,1074,4012,4012
verify,36,3,1075,3918,3918
verify,36,3,1076,3918,3918
verify,36,3,1077,3914,3914
verify,36,3,1078,3902,3902
verify,36,3,1079,3970,3970
verify,36,3,1080,3908,3908
verify,36,3,1081,3990,3990
verify,36,3,1082,3942,3942
verify,36,3,1083,3918,3918
verify,36,3,1084,3910,3910
verify,36,3,1085,3992,3992
verify,36,3,1086,3946,3946
verify,36,3,1087,3928,3928
verify,36,3,1088,4070,4070
verify,36,3,1089,3920,3920
verify,36,3,1090,3930,3930
verify,36,3,1091,3904,3904
verify,36,3,1092,4010,4010
verify,36,3,1093,3898,3898
verify,36,3,1094,3986,3986
verify,36,3,1095,3936,3936
verify,36,3,1096,3946,3946
verify,36,3,1097,3956,3956
verify,36,3,1098,3912,3912
verify,36,3,1099,3964,3964
verify,36,3,1100,3954,3954
verify,36,3,1101,3918,3918
verify,36,3,1102,4020,4020
verify,36,3,1103,3948,3948
verify,36,3,1104,3926,3926
verify,36,3,1105,3924,3924
verify,36,3,1106,4006,4006
verify,36,3,1107,3918,3918
verify,36,3,1108,3940,3940
verify,36,3,1109,3952,3952
verify,36,3,1110,3926,3926
verify,36,3,1111,3930,3930
verify,36,3,1112,3916,3916
verify,36,3,1113,3904,3904
verify,36,3,1114,3952,3952
verify,36,3,1115,3940,3940
verify,36,3,1116,3986,3986
verify,36,3,1117,3972,3972
verify,36,3,1118,3954,3954
verify,36,3,1119,3920,3920
verify,36,3,1120,3924,3924
verify,36,3,1121,3916,3916
verify,36,3,1122,3906,3906
verify,36,3,1123,3940,3940
verify,36,3,1124,3916,3916
verify,36,3,1125,3898,3898
verify,36,3,1126,3960,3960
verify,36,3,1127,3928,3928
verify,36,3,1128,3896,3896
verify,36,3,1129,3952,3952
verify,36,3,1130,3956,3956
verify,36,3,1131,3950,3950
verify,36,3,1132,3918,3918
verify,36,3,1133,3912,3912
verify,36,3,1134,3970,3970
verify,36,3,1135,3900,3900
verify,36,3,1136,3964,3964
verify,36,3,1137,3932,3932
verify,36,3,1138,3988,3988
verify,36,3,1139,3914,3914
verify,36,3,1140,3898,3898
verify,36,3,1141,3934,3934
verify,36,3,1142,3914,3914
verify,36,3,1143,3900,3900
verify,36,3,1144,3954,3954
verify,36,3,1145,3908,3908
verify,36,3,1146,3976,3976
verify,36,3,1147,3922,3922
verify,36,3,1148,4070,4070
verify,36,3,1149,3938,3938
verify,36,3,1150,4012,4012
verify,36,3,1151,3934,3934
verify,36,3,1152,3910,3910
verify,36,3,1153,3934,3934
verify,36,3,1154,3906,3906
verify,36,3,1155,3958,3958
verify,36,3,1156,4006,4006
verify,36,3,1157,3934,3934
verify,36,3,1158,3928,3928
verify,36,3,1159,3912,3912
verify,36,3,1160,3920,3920
verify,36,3,1161,3950,3950
verify,36,3,1162,3948,3948
verify,36,3,1163,3966,3966
verify,36,3,1164,3938,3938
verify,36,3,1165,3922,3922
verify,36,3,1166,3922,3922
verify,36,3,1167,3910,3910
verify,36,3,1168,3952,3952
verify,36,3,1169,3936,3936
verify,36,3,1170,3974,3974
verify,36,3,1171,3932,3932
verify,36,3,1172,3890,3890
verify,36,3,1173,4008,4008
verify,36,3,1174,3904,3904
verify,36,3,1175,3914,3914
verify,36,3,1176,3908,3908
verify,36,3,1177,3960,3960
verify,36,3,1178,3900,3900
verify,36,3,1179,3910,3910
verify,36,3,1180,3952,3952
verify,36,3,1181,3968,3968
verify,36,3,1182,3938,3938
verify,36,3,1183,3908,3908
verify,36,3,1184,3922,3922
verify,36,3,1185,3904,3904
verify,36,3,1186,3956,3956
verify,36,3,1187,3928,3928
verify,36,3,1188,3976,3976
verify,36,3,1189,3928,3928
verify,36,3,1190,3892,3892
verify,36,3,1191,4008,4008
verify,36,3,1192,3920,3920
verify,36,3,1193,3920,3920
verify,36,3,1194,3920,3920
verify,36,3,1195,3932,3932
verify,36,3,1196,3930,3930
verify,36,3,1197,3900,3900
verify,36,3,1198,3970,3970
verify,36,3,1199,3948,3948
verify,36,3,1200,3914,3914
verify,36,3,1201,3982,3982
verify,36,3,1202,3938,3938
verify,36,3,1203,3978,3978
verify,36,3,1204,4008,4008
verify,36,3,1205,4032,4032
verify,36,3,1206,3986,3986
verify,36,3,1207,3944,3944
verify,36,3,1208,4048,4048
verify,36,3,1209,3998,3998
verify,36,3,1210,3958,3958
verify,36,3,1211,3988,3988
verify,36,3,1212,4008,4008
verify,36,3,1213,3968,3968
verify,36,3,1214,3968,3968
verify,36,3,1215,3940,3940
verify,36,3,1216,3968,3968
verify,36,3,1217,3934,3934
verify,36,3,1218,3946,3946
verify,36,3,1219,3928,3928
verify,36,3,1220,3968,3968
verify,36,3,1221,3966,3966
verify,36,3,1222,3970,3970
verify,36,3,1223,4054,4054
verify,36,3,1224,3970,3970
verify,36,3,1225,4004,4004
verify,36,3,1226,3968,3968
verify,36,3,1227,3988,3988
verify,36,3,1228,3964,3964
verify,36,3,1229,4032,4032
verify,36,3,1230,3956,3956
verify,36,3,1231,3964,3964
verify,36,3,1232,4092,4092
verify,36,3,1233,3954,3954
verify,36,3,1234,4008,4008
verify,36,3,1235,3950,3950
verify,36,3,1236,4014,4014
verify,36,3,1237,3978,3978
verify,36,3,1238,3982,3982
verify,36,3,1239,4008,4008
verify,36,3,1240,3980,3980
verify,36,3,1241,4064,4064
verify,36,3,1242,3964,3964
verify,36,3,1243,3964,3964
verify,36,3,1244,3946,3946
verify,36,3,1245,3964,3964
verify,36,3,1246,3958,3958
verify,36,3,1247,3974,3974
verify,36,3,1248,3952,3952
verify,36,3,1249,3960,3960
verify,36,3,1250,4086,4086
verify,36,3,1251,3952,3952
verify,36,3,1252,9926,9926
verify,36,3,1253,3918,3918
verify,36,3,1254,3932,3932
verify,36,3,1255,3976,3976
verify,36,3,1256,3938,3938
verify,36,3,1257,3934,3934
verify,36,3,1258,4010,4010
verify,36,3,1259,3942,3942
verify,36,3,1260,3930,3930
verify,36,3,1261,3930,3930
verify,36,3,1262,3942,3942
verify,36,3,1263,3900,3900
verify,36,3,1264,3968,3968
verify,36,3,1265,3948,3948
verify,36,3,1266,3990,3990
verify,36,3,1267,3950,3950
verify,36,3,1268,3976,3976
verify,36,3,1269,3902,3902
verify,36,3,1270,3964,3964
verify,36,3,1271,3968,3968
verify,36,3,1272,4014,4014
verify,36,3,1273,4008,4008
verify,36,3,1274,3960,3960
verify,36,3,1275,3944,3944
verify,36,3,1276,3952,3952
verify,36,3,1277,3926,3926
verify,36,3,1278,3954,3954
verify,36,3,1279,3910,3910
verify,36,3,1280,3908,3908
verify,36,3,1281,3910,3910
verify,36,3,1282,3926,3926
verify,36,3,1283,3906,3906
verify,36,3,1284,3940,3940
verify,36,3,1285,3966,3966
verify,36,3,1286,3978,3978
verify,36,3,1287,3918,3918
verify,36,3,1288,3934,3934
verify,36,3,1289,3984,3984
verify,36,3,1290,3936,3936
verify,36,3,1291,4012,4012
verify,36,3,1292,3916,3916
verify,36,3,1293,3912,3912
verify,36,3,1294,3888,3888
verify,36,3,1295,3898,3898
verify,36,3,1296,3898,3898
verify,36,3,1297,3900,3900
verify,36,3,1298,3920,3920
verify,36,3,1299,3976,3976
verify,36,3,1300,3936,3936
verify,36,3,1301,3908,3908
verify,36,3,1302,3982,3982
verify,36,3,1303,3924,3924
verify,36,3,1304,4016,4016
verify,36,3,1305,3926,3926
verify,36,3,1306,3932,3932
verify,36,3,1307,3978,3978
verify,36,3,1308,3908,3908
verify,36,3,1309,3948,3948
verify,36,3,1310,3886,3886
verify,36,3,1311,3918,3918
verify,36,3,1312,3914,3914
verify,36,3,1313,3924,3924
verify,36,3,1314,3900,3900
verify,36,3,1315,3972,3972
verify,36,3,1316,3928,3928
verify,36,3,1317,3986,3986
verify,36,3,1318,3948,3948
verify,36,3,1319,3892,3892
verify,36,3,1320,3984,3984
verify,36,3,1321,3950,3950
verify,36,3,1322,4014,4014
verify,36,3,1323,3932,3932
verify,36,3,1324,3946,3946
verify,36,3,1325,3930,3930
verify,36,3,1326,3978,3978
verify,36,3,1327,3912,3912
verify,36,3,1328,3918,3918
verify,36,3,1329,3886,3886
verify,36,3,1330,3928,3928
verify,36,3,1331,3990,3990
verify,36,3,1332,3924,3924
verify,36,3,1333,4026,4026
verify,36,3,1334,3908,3908
verify,36,3,1335,3940,3940
verify,36,3,1336,4002,4002
verify,36,3,1337,3954,3954
verify,36,3,1338,3954,3954
verify,36,3,1339,3942,3942
verify,36,3,1340,3966,3966
verify,36,3,1341,3904,3904
verify,36,3,1342,3988,3988
verify,36,3,1343,3926,3926
verify,36,3,1344,3910,3910
verify,36,3,1345,3912,3912
verify,36,3,1346,3916,3916
verify,36,3,1347,3960,3960
verify,36,3,1348,3942,3942
verify,36,3,1349,3992,3992
verify,36,3,1350,3936,3936
verify,36,3,1351,3976,3976
verify,36,3,1352,3940,3940
verify,36,3,1353,4004,4004
verify,36,3,1354,3910,3910
verify,36,3,1355,3926,3926
verify,36,3,1356,3968,3968
verify,36,3,1357,3932,3932
verify,36,3,1358,3926,3926
verify,36,3,1359,3956,3956
verify,36,3,1360,3924,3924
verify,36,3,1361,3934,3934
verify,36,3,1362,3986,3986
verify,36,3,1363,3970,3970
verify,36,3,1364,4044,4044
verify,36,3,1365,3930,3930
verify,36,3,1366,3976,3976
verify,36,3,1367,3932,3932
verify,36,3,1368,3938,3938
verify,36,3,1369,3890,3890
verify,36,3,1370,3980,3980
verify,36,3,1371,3922,3922
verify,36,3,1372,3942,3942
verify,36,3,1373,3914,3914
verify,36,3,1374,3910,3910
verify,36,3,1375,3998,3998
verify,36,3,1376,3898,3898
verify,36,3,1377,3954,3954
verify,36,3,1378,3930,3930
verify,36,3,1379,3970,3970
verify,36,3,1380,3962,3962
verify,36,3,1381,3974,3974
verify,36,3,1382,3934,3934
verify,36,3,1383,3974,3974
verify,36,3,1384,3920,3920
verify,36,3,1385,3966,3966
verify,36,3,1386,3958,3958
verify,36,3,1387,3880,3880
verify,36,3,1388,3942,3942
verify,36,3,1389,3916,3916
verify,36,3,1390,3914,3914
verify,36,3,1391,4010,4010
verify,36,3,1392,3928,3928
verify,36,3,1393,3986,3986
verify,36,3,1394,3964,3964
verify,36,3,1395,3934,3934
verify,36,3,1396,3912,3912
verify,36,3,1397,3988,3988
verify,36,3,1398,3922,3922
verify,36,3,1399,3980,3980
verify,36,3,1400,3952,3952
verify,36,3,1401,3916,3916
verify,36,3,1402,3974,3974
verify,36,3,1403,4006,4006
verify,36,3,1404,3960,3960
verify,36,3,1405,3944,3944
verify,36,3,1406,3926,3926
verify,36,3,1407,3914,3914
verify,36,3,1408,3940,3940
verify,36,3,1409,3934,3934
verify,36,3,1410,3960,3960
verify,36,3,1411,3894,3894
verify,36,3,1412,3986,3986
verify,36,3,1413,3936,3936
verify,36,3,1414,3988,3988
verify,36,3,1415,3950,3950
verify,36,3,1416,3974,3974
verify,36,3,1417,3948,3948
verify,36,3,1418,5190,5190
verify,36,3,1419,5458,5458
verify,36,3,1420,5356,5356
verify,36,3,1421,5194,5194
verify,36,3,1422,5592,5592
verify,36,3,1423,5494,5494
verify,36,3,1424,5234,5234
verify,36,3,1425,4524,4524
verify,36,3,1426,5490,5490
verify,36,3,1427,3942,3942
verify,36,3,1428,3914,3914
verify,36,3,1429,3954,3954
verify,36,3,1430,3994,3994
verify,36,3,1431,3918,3918
verify,36,3,1432,3924,3924
verify,36,3,1433,3942,3942
verify,36,3,1434,3944,3944
verify,36,3,1435,3890,3890
verify,36,3,1436,3940,3940
verify,36,3,1437,3966,3966
verify,36,3,1438,4000,4000
verify,36,3,1439,3970,3970
verify,36,3,1440,3958,3958
verify,36,3,1441,3912,3912
verify,36,3,1442,3994,3994
verify,36,3,1443,3962,3962
verify,36,3,1444,3942,3942
verify,36,3,1445,3954,3954
verify,36,3,1446,3960,3960
verify,36,3,1447,3958,3958
verify,36,3,1448,3894,3894
verify,36,3,1449,3956,3956
verify,36,3,1450,3948,3948
verify,36,3,1451,3896,3896
verify,36,3,1452,3908,3908
verify,36,3,1453,3942,3942
verify,36,3,1454,3914,3914
verify,36,3,1455,3928,3928
verify,36,3,1456,3924,3924
verify,36,3,1457,3914,3914
verify,36,3,1458,3988,3988
verify,36,3,1459,3994,3994
verify,36,3,1460,3898,3898
verify,36,3,1461,3926,3926
verify,36,3,1462,3980,3980
verify,36,3,1463,3982,3982
verify,36,3,1464,3960,3960
verify,36,3,1465,3932,3932
verify,36,3,1466,4008,4008
verify,36,3,1467,3938,3938
verify,36,3,1468,3896,3896
verify,36,3,1469,3910,3910
verify,36,3,1470,4004,4004
verify,36,3,1471,3920,3920
verify,36,3,1472,3966,3966
verify,36,3,1473,3940,3940
verify,36,3,1474,3930,3930
verify,36,3,1475,3922,3922
verify,36,3,1476,4026,4026
verify,36,3,1477,3984,3984
verify,36,3,1478,3920,3920
verify,36,3,1479,3984,3984
verify,36,3,1480,3936,3936
verify,36,3,1481,3928,3928
verify,36,3,1482,3892,3892
verify,36,3,1483,3984,3984
verify,36,3,1484,3996,3996
verify,36,3,1485,3926,3926
verify,36,3,1486,3920,3920
verify,36,3,1487,3960,3960
verify,36,3,1488,3944,3944
verify,36,3,1489,4008,4008
verify,36,3,1490,3976,3976
verify,36,3,1491,3962,3962
verify,36,3,1492,3950,3950
verify,36,3,1493,3896,3896
verify,36,3,1494,3976,3976
verify,36,3,1495,3988,3988
verify,36,3,1496,3910,3910
verify,36,3,1497,3954,3954
verify,36,3,1498,3920,3920
verify,36,3,1499,3944,3944
verify,36,3,1500,3918,3918
verify,36,3,1501,3962,3962
verify,36,3,1502,3938,3938
verify,36,3,1503,3898,3898
verify,36,3,1504,4006,4006
verify,36,3,1505,3900,3900
verify,36,3,1506,4000,4000
verify,36,3,1507,3978,3978
verify,36,3,1508,3992,3992
verify,36,3,1509,4008,4008
verify,36,3,1510,3950,3950
verify,36,3,1511,3974,3974
verify,36,3,1512,3928,3928
verify,36,3,1513,3944,3944
verify,36,3,1514,3910,3910
verify,36,3,1515,3942,3942
verify,36,3,1516,3928,3928
verify,36,3,1517,3904,3904
verify,36,3,1518,3892,3892
verify,36,3,1519,3912,3912
verify,36,3,1520,3916,3916
verify,36,3,1521,3928,3928
verify,36,3,1522,3962,3962
verify,36,3,1523,3896,3896
verify,36,3,1524,3904,3904
verify,36,3,1525,3978,3978
verify,36,3,1526,4046,4046
verify,36,3,1527,3974,3974
verify,36,3,1528,3940,3940
verify,36,3,1529,3928,3928
verify,36,3,1530,3982,3982
verify,36,3,1531,3964,3964
verify,36,3,1532,3918,3918
verify,36,3,1533,3944,3944
verify,36,3,1534,3916,3916
verify,36,3,1535,3948,3948
verify,36,3,1536,3910,3910
verify,36,3,1537,3930,3930
verify,36,3,1538,3962,3962
verify,36,3,1539,3916,3916
verify,36,3,1540,3908,3908
verify,36,3,1541,4016,4016
verify,36,3,1542,3896,3896
verify,36,3,1543,3898,3898
verify,36,3,1544,3910,3910
verify,36,3,1545,3960,3960
verify,36,3,1546,3932,3932
verify,36,3,1547,3936,3936
verify,36,3,1548,3930,3930
verify,36,3,1549,3986,3986
verify,36,3,1550,3938,3938
verify,36,3,1551,3942,3942
verify,36,3,1552,3974,3974
verify,36,3,1553,3970,3970
verify,36,3,1554,3890,3890
verify,36,3,1555,4010,4010
verify,36,3,1556,4058,4058
verify,36,3,1557,3972,3972
verify,36,3,1558,3888,3888
verify,36,3,1559,3910,3910
verify,36,3,1560,3934,3934
verify,36,3,1561,3942,3942
verify,36,3,1562,3994,3994
verify,36,3,1563,3914,3914
verify,36,3,1564,3942,3942
verify,36,3,1565,3918,3918
verify,36,3,1566,3982,3982
verify,36,3,1567,3904,3904
verify,36,3,1568,3938,3938
verify,36,3,1569,3938,3938
verify,36,3,1570,3966,3966
verify,36,3,1571,3900,3900
verify,36,3,1572,3900,3900
verify,36,3,1573,3984,3984
verify,36,3,1574,3944,3944
verify,36,3,1575,3956,3956
verify,36,3,1576,3906,3906
verify,36,3,1577,3986,3986
verify,36,3,1578,3962,3962
verify,36,3,1579,3966,3966
verify,36,3,1580,3950,3950
verify,36,3,1581,4002,4002
verify,36,3,1582,3946,3946
verify,36,3,1583,4000,4000
verify,36,3,1584,3928,3928
verify,36,3,1585,3900,3900
verify,36,3,1586,4048,4048
verify,36,3,1587,3900,3900
verify,36,3,1588,3986,3986
verify,36,3,1589,3920,3920
verify,36,3,1590,3976,3976
verify,36,3,1591,3928,3928
verify,36,3,1592,3910,3910
verify,36,3,1593,3946,3946
verify,36,3,1594,3934,3934
verify,36,3,1595,3980,3980
verify,36,3,1596,3936,3936
verify,36,3,1597,4000,4000
verify,36,3,1598,3958,3958
verify,36,3,1599,3958,3958
verify,36,3,1600,3978,3978
verify,36,3,1601,3900,3900
verify,36,3,1602,3902,3902
verify,36,3,1603,3908,3908
verify,36,3,1604,3896,3896
verify,36,3,1605,3974,3974
verify,36,3,1606,3948,3948
verify,36,3,1607,3912,3912
verify,36,3,1608,3934,3934
verify,36,3,1609,3958,3958
verify,36,3,1610,3912,3912
verify,36,3,1611,3988,3988
verify,36,3,1612,3940,3940
verify,36,3,1613,3958,3958
verify,36,3,1614,3960,3960
verify,36,3,1615,3930,3930
verify,36,3,1616,3962,3962
verify,36,3,1617,3936,3936
verify,36,3,1618,3986,3986
verify,36,3,1619,3914,3914
verify,36,3,1620,4020,4020
verify,36,3,1621,3900,3900
verify,36,3,1622,3886,3886
verify,36,3,1623,3902,3902
verify,36,3,1624,3906,3906
verify,36,3,1625,3898,3898
verify,36,3,1626,3942,3942
verify,36,3,1627,4038,4038
verify,36,3,1628,3924,3924
verify,36,3,1629,3938,3938
verify,36,3,1630,4000,4000
verify,36,3,1631,3934,3934
verify,36,3,1632,3974,3974
verify,36,3,1633,3928,3928
verify,36,3,1634,3910,3910
verify,36,3,1635,4054,4054
verify,36,3,1636,3930,3930
verify,36,3,1637,3924,3924
verify,36,3,1638,3986,3986
verify,36,3,1639,3942,3942
verify,36,3,1640,3944,3944
verify,36,3,1641,3886,3886
verify,36,3,1642,4014,4014
verify,36,3,1643,3952,3952
verify,36,3,1644,3924,3924
verify,36,3,1645,4042,4042
verify,36,3,1646,3974,3974
verify,36,3,1647,3916,3916
verify,36,3,1648,4006,4006
verify,36,3,1649,3908,3908
verify,36,3,1650,3908,3908
verify,36,3,1651,3902,3902
verify,36,3,1652,3956,3956
verify,36,3,1653,3954,3954
verify,36,3,1654,3910,3910
verify,36,3,1655,3996,3996
verify,36,3,1656,3906,3906
verify,36,3,1657,3922,3922
verify,36,3,1658,3994,3994
verify,36,3,1659,3978,3978
verify,36,3,1660,3938,3938
verify,36,3,1661,4010,4010
verify,36,3,1662,3962,3962
verify,36,3,1663,3978,3978
verify,36,3,1664,3968,3968
verify,36,3,1665,3920,3920
verify,36,3,1666,3888,3888
verify,36,3,1667,3974,3974
verify,36,3,1668,3900,3900
verify,36,3,1669,3934,3934
verify,36,3,1670,3914,3914
verify,36,3,1671,3930,3930
verify,36,3,1672,3924,3924
verify,36,3,1673,3918,3918
verify,36,3,1674,3934,3934
verify,36,3,1675,4010,4010
verify,36,3,1676,4028,4028
verify,36,3,1677,3966,3966
verify,36,3,1678,3952,3952
verify,36,3,1679,3914,3914
verify,36,3,1680,4008,4008
verify,36,3,1681,3962,3962
verify,36,3,1682,3904,3904
verify,36,3,1683,3950,3950
verify,36,3,1684,3934,3934
verify,36,3,1685,4022,4022
verify,36,3,1686,3930,3930
verify,36,3,1687,3898,3898
verify,36,3,1688,3888,3888
verify,36,3,1689,4018,4018
verify,36,3,1690,3920,3920
verify,36,3,1691,3952,3952
verify,36,3,1692,3924,3924
verify,36,3,1693,3908,3908
verify,36,3,1694,3914,3914
verify,36,3,1695,3970,3970
verify,36,3,1696,3908,3908
verify,36,3,1697,3924,3924
verify,36,3,1698,3924,3924
verify,36,3,1699,3956,3956
verify,36,3,1700,3954,3954
verify,36,3,1701,3980,3980
verify,36,3,1702,3934,3934
verify,36,3,1703,3878,3878
verify,36,3,1704,3986,3986
verify,36,3,1705,3910,3910
verify,36,3,1706,3924,3924
verify,36,3,1707,3922,3922
verify,36,3,1708,3948,3948
verify,36,3,1709,3950,3950
verify,36,3,1710,3936,3936
verify,36,3,1711,3928,3928
verify,36,3,1712,3920,3920
verify,36,3,1713,3938,3938
verify,36,3,1714,3908,3908
verify,36,3,1715,3918,3918
verify,36,3,1716,3954,3954
verify,36,3,1717,3922,3922
verify,36,3,1718,3992,3992
verify,36,3,1719,3916,3916
verify,36,3,1720,3956,3956
verify,36,3,1721,3904,3904
verify,36,3,1722,3906,3906
verify,36,3,1723,3968,3968
verify,36,3,1724,3910,3910
verify,36,3,1725,3986,3986
verify,36,3,1726,3900,3900
verify,36,3,1727,3942,3942
verify,36,3,1728,3898,3898
verify,36,3,1729,3910,3910
verify,36,3,1730,3914,3914
verify,36,3,1731,3932,3932
verify,36,3,1732,3894,3894
verify,36,3,1733,3952,3952
verify,36,3,1734,3920,3920
verify,36,3,1735,4008,4008
verify,36,3,1736,3974,3974
verify,36,3,1737,3912,3912
verify,36,3,1738,3926,3926
verify,36,3,1739,3972,3972
verify,36,3,1740,3942,3942
verify,36,3,1741,3956,3956
verify,36,3,1742,3952,3952
verify,36,3,1743,3942,3942
verify,36,3,1744,3992,3992
verify,36,3,1745,3914,3914
verify,36,3,1746,3900,3900
verify,36,3,1747,3960,3960
verify,36,3,1748,3946,3946
verify,36,3,1749,10292,10292
verify,36,3,1750,3980,3980
verify,36,3,1751,3956,3956
verify,36,3,1752,3968,3968
verify,36,3,1753,3968,3968
verify,36,3,1754,3986,3986
verify,36,3,1755,3930,3930
verify,36,3,1756,3952,3952
verify,36,3,1757,3948,3948
verify,36,3,1758,3934,3934
verify,36,3,1759,3936,3936
verify,36,3,1760,3996,3996
verify,36,3,1761,4020,4020
verify,36,3,1762,3938,3938
verify,36,3,1763,3946,3946
verify,36,3,1764,3932,3932
verify,36,3,1765,3988,3988
verify,36,3,1766,4002,4002
verify,36,3,1767,3976,3976
verify,36,3,1768,3968,3968
verify,36,3,1769,3960,3960
verify,36,3,1770,3984,3984
verify,36,3,1771,3940,3940
verify,36,3,1772,3944,3944
verify,36,3,1773,3960,3960
verify,36,3,1774,3982,3982
verify,36,3,1775,4014,4014
verify,36,3,1776,3924,3924
verify,36,3,1777,3928,3928
verify,36,3,1778,3960,3960
verify,36,3,1779,3960,3960
verify,36,3,1780,3950,3950
verify,36,3,1781,3942,3942
verify,36,3,1782,3966,3966
verify,36,3,1783,3954,3954
verify,36,3,1784,3952,3952
verify,36,3,1785,3956,3956
verify,36,3,1786,4008,4008
verify,36,3,1787,3946,3946
verify,36,3,1788,4024,4024
verify,36,3,1789,3960,3960
verify,36,3,1790,3986,3986
verify,36,3,1791,3954,3954
verify,36,3,1792,3946,3946
verify,36,3,1793,3962,3962
verify,36,3,1794,3928,3928
verify,36,3,1795,4002,4002
verify,36,3,1796,3952,3952
verify,36,3,1797,3954,3954
verify,36,3,1798,3960,3960
verify,36,3,1799,3982,3982
verify,36,3,1800,3986,3986
verify,36,3,1801,3950,3950
verify,36,3,1802,3960,3960
verify,36,3,1803,4018,4018
verify,36,3,1804,3978,3978
verify,36,3,1805,3926,3926
verify,36,3,1806,3962,3962
verify,36,3,1807,4000,4000
verify,36,3,1808,3946,3946
verify,36,3,1809,3946,3946
verify,36,3,1810,3940,3940
verify,36,3,1811,4034,4034
verify,36,3,1812,4004,4004
verify,36,3,1813,3988,3988
verify,36,3,1814,3990,3990
verify,36,3,1815,4002,4002
verify,36,3,1816,4036,4036
verify,36,3,1817,3960,3960
verify,36,3,1818,3984,3984
verify,36,3,1819,4020,4020
verify,36,3,1820,3984,3984
verify,36,3,1821,4034,4034
verify,36,3,1822,3994,3994
verify,36,3,1823,3976,3976
verify,36,3,1824,3956,3956
verify,36,3,1825,3952,3952
verify,36,3,1826,4086,4086
verify,36,3,1827,3986,3986
verify,36,3,1828,3982,3982
verify,36,3,1829,4010,4010
verify,36,3,1830,3974,3974
verify,36,3,1831,3978,3978
verify,36,3,1832,3970,3970
verify,36,3,1833,3968,3968
verify,36,3,1834,4032,4032
verify,36,3,1835,3960,3960
verify,36,3,1836,4034,4034
verify,36,3,1837,3952,3952
verify,36,3,1838,3964,3964
verify,36,3,1839,3958,3958
verify,36,3,1840,4012,4012
verify,36,3,1841,3952,3952
verify,36,3,1842,3970,3970
verify,36,3,1843,3962,3962
verify,36,3,1844,3956,3956
verify,36,3,1845,3970,3970
verify,36,3,1846,4000,4000
verify,36,3,1847,3986,3986
verify,36,3,1848,3954,3954
verify,36,3,1849,3954,3954
verify,36,3,1850,3950,3950
verify,36,3,1851,3950,3950
verify,36,3,1852,3956,3956
verify,36,3,1853,3942,3942
verify,36,3,1854,4030,4030
verify,36,3,1855,4122,4122
verify,36,3,1856,4014,4014
verify,36,3,1857,4002,4002
verify,36,3,1858,3964,3964
verify,36,3,1859,3968,3968
verify,36,3,1860,3986,3986
verify,36,3,1861,3968,3968
verify,36,3,1862,3978,3978
verify,36,3,1863,4048,4048
verify,36,3,1864,3970,3970
verify,36,3,1865,3964,3964
verify,36,3,1866,3964,3964
verify,36,3,1867,3912,3912
verify,36,3,1868,3954,3954
verify,36,3,1869,3934,3934
verify,36,3,1870,3938,3938
verify,36,3,1871,3950,3950
verify,36,3,1872,4028,4028
verify,36,3,1873,3944,3944
verify,36,3,1874,3938,3938
verify,36,3,1875,3934,3934
verify,36,3,1876,4026,4026
verify,36,3,1877,3948,3948
verify,36,3,1878,3932,3932
verify,36,3,1879,4038,4038
verify,36,3,1880,3952,3952
verify,36,3,1881,3966,3966
verify,36,3,1882,3978,3978
verify,36,3,1883,4050,4050
verify,36,3,1884,4004,4004
verify,36,3,1885,3956,3956
verify,36,3,1886,3980,3980
verify,36,3,1887,3996,3996
verify,36,3,1888,3952,3952
verify,36,3,1889,4024,4024
verify,36,3,1890,4002,4002
verify,36,3,1891,3970,3970
verify,36,3,1892,3942,3942
verify,36,3,1893,3968,3968
verify,36,3,1894,3966,3966
verify,36,3,1895,3962,3962
verify,36,3,1896,3972,3972
verify,36,3,1897,3926,3926
verify,36,3,1898,4066,4066
verify,36,3,1899,4024,4024
verify,36,3,1900,3954,3954
verify,36,3,1901,3940,3940
verify,36,3,1902,3944,3944
verify,36,3,1903,3974,3974
verify,36,3,1904,4028,4028
verify,36,3,1905,3984,3984
verify,36,3,1906,3948,3948
verify,36,3,1907,3970,3970
verify,36,3,1908,3964,3964
verify,36,3,1909,3950,3950
verify,36,3,1910,4032,4032
verify,36,3,1911,3974,3974
verify,36,3,1912,3976,3976
verify,36,3,1913,3972,3972
verify,36,3,1914,3956,3956
verify,36,3,1915,4008,4008
verify,36,3,1916,3940,3940
verify,36,3,1917,3938,3938
verify,36,3,1918,3998,3998
verify,36,3,1919,4050,4050
verify,36,3,1920,3964,3964
verify,36,3,1921,3994,3994
verify,36,3,1922,3988,3988
verify,36,3,1923,3984,3984
verify,36,3,1924,3966,3966
verify,36,3,1925,3964,3964
verify,36,3,1926,3964,3964
verify,36,3,1927,3966,3966
verify,36,3,1928,3946,3946
verify,36,3,1929,3930,3930
verify,36,3,1930,3930,3930
verify,36,3,1931,3958,3958
verify,36,3,1932,3942,3942
verify,36,3,1933,4040,4040
verify,36,3,1934,3962,3962
verify,36,3,1935,3956,3956
verify,36,3,1936,3938,3938
verify,36,3,1937,3926,3926
verify,36,3,1938,3946,3946
verify,36,3,1939,3922,3922
verify,36,3,1940,4010,4010
verify,36,3,1941,3924,3924
verify,36,3,1942,4046,4046
verify,36,3,1943,3964,3964
verify,36,3,1944,3992,3992
verify,36,3,1945,3916,3916
verify,36,3,1946,4036,4036
verify,36,3,1947,3988,3988
verify,36,3,1948,3922,3922
verify,36,3,1949,3984,3984
verify,36,3,1950,3980,3980
verify,36,3,1951,3916,3916
verify,36,3,1952,3960,3960
verify,36,3,1953,3962,3962
verify,36,3,1954,4018,4018
verify,36,3,1955,3988,3988
verify,36,3,1956,4032,4032
verify,36,3,1957,3940,3940
verify,36,3,1958,3944,3944
verify,36,3,1959,4000,4000
verify,36,3,1960,3960,3960
verify,36,3,1961,3996,3996
verify,36,3,1962,4008,4008
verify,36,3,1963,3986,3986
verify,36,3,1964,4028,4028
verify,36,3,1965,3958,3958
verify,36,3,1966,3958,3958
verify,36,3,1967,3990,3990
verify,36,3,1968,3918,3918
verify,36,3,1969,3924,3924
verify,36,3,1970,3986,3986
verify,36,3,1971,3952,3952
verify,36,3,1972,3880,3880
verify,36,3,1973,3922,3922
verify,36,3,1974,3976,3976
verify,36,3,1975,3930,3930
verify,36,3,1976,3954,3954
verify,36,3,1977,3956,3956
verify,36,3,1978,3928,3928
verify,36,3,1979,3924,3924
verify,36,3,1980,3986,3986
verify,36,3,1981,3942,3942
verify,36,3,1982,4028,4028
verify,36,3,1983,3954,3954
verify,36,3,1984,3918,3918
verify,36,3,1985,3920,3920
verify,36,3,1986,3924,3924
verify,36,3,1987,3994,3994
verify,36,3,1988,3936,3936
verify,36,3,1989,3954,3954
verify,36,3,1990,3916,3916
verify,36,3,1991,3996,3996
verify,36,3,1992,3986,3986
verify,36,3,1993,3960,3960
verify,36,3,1994,3906,3906
verify,36,3,1995,3882,3882
verify,36,3,1996,3944,3944
verify,36,3,1997,4078,4078
verify,36,3,1998,3964,3964
verify,36,3,1999,3978,3978
verify,36,3,2000,3982,3982
protect,52,4,1,4934,4934
protect,52,4,2,4960,4960
protect,52,4,3,4982,4982
protect,52,4,4,4930,4930
protect,52,4,5,4900,4900
protect,52,4,6,4944,4944
protect,52,4,7,4936,4936
protect,52,4,8,4950,4950
protect,52,4,9,4990,4990
protect,52,4,10,4902,4902
protect,52,4,11,4900,4900
protect,52,4,12,4962,4962
protect,52,4,13,4994,4994
protect,52,4,14,4952,4952
protect,52,4,15,4922,4922
protect,52,4,16,4948,4948
protect,52,4,17,4998,4998
protect,52,4,18,4932,4932
protect,52,4,19,4946,4946
protect,52,4,20,4904,4904
protect,52,4,21,4952,4952
protect,52,4,22,4896,4896
protect,52,4,23,4938,4938
protect,52,4,24,4944,4944
protect,52,4,25,4910,4910
protect,52,4,26,4956,4956
protect,52,4,27,4914,4914
protect,52,4,28,4924,4924
protect,52,4,29,4970,4970
protect,52,4,30,4928,4928
protect,52,4,31,4912,4912
protect,52,4,32,4906,4906
protect,52,4,33,4902,4902
protect,52,4,34,4920,4920
protect,52,4,35,4994,4994
protect,52,4,36,4906,4906
protect,52,4,37,4916,4916
protect,52,4,38,4906,4906
protect,52,4,39,4908,4908
protect,52,4,40,4912,4912
protect,52,4,41,4900,4900
protect,52,4,42,4938,4938
protect,52,4,43,4916,4916
protect,52,4,44,4918,4918
protect,52,4,45,5022,5022
protect,52,4,46,4930,4930
protect,52,4,47,4916,4916
protect,52,4,48,4932,4932
protect,52,4,49,4912,4912
protect,52,4,50,4964,4964
protect,52,4,51,4928,4928
protect,52,4,52,4938,4938
protect,52,4,53,4924,4924
protect,52,4,54,4928,4928
protect,52,4,55,5004,5004
protect,52,4,56,4934,4934
protect,52,4,57,4952,4952
protect,52,4,58,5048,5048
protect,52,4,59,4942,4942
protect,52,4,60,4952,4952
protect,52,4,61,4954,4954
protect,52,4,62,4910,4910
protect,52,4,63,4972,4972
protect,52,4,64,4940,4940
protect,52,4,65,4988,4988
protect,52,4,66,4958,4958
protect,52,4,67,4906,4906
protect,52,4,68,4928,4928
protect,52,4,69,4872,4872
protect,52,4,70,4942,4942
protect,52,4,71,5026,5026
protect,52,4,72,4958,4958
protect,52,4,73,4980,4980
protect,52,4,74,4936,4936
protect,52,4,75,4900,4900
protect,52,4,76,4910,4910
protect,52,4,77,4902,4902
protect,52,4,78,4910,4910
protect,52,4,79,4924,4924
protect,52,4,80,4956,4956
protect,52,4,81,4914,4914
protect,52,4,82,4932,4932
protect,52,4,83,4938,4938
protect,52,4,84,4984,4984
protect,52,4,85,4886,4886
protect,52,4,86,4908,4908
protect,52,4,87,4950,4950
protect,52,4,88,4920,4920
protect,52,4,89,4896,4896
protect,52,4,90,4898,4898
protect,52,4,91,4968,4968
protect,52,4,92,4874,4874
protect,52,4,93,4934,4934
protect,52,4,94,4934,4934
protect,52,4,95,5050,5050
protect,52,4,96,4984,4984
protect,52,4,97,4936,4936
protect,52,4,98,4986,4986
protect,52,4,99,4934,4934
protect,52,4,100,4948,4948
protect,52,4,101,4996,4996
protect,52,4,102,5020,5020
protect,52,4,103,4954,4954
protect,52,4,104,4990,4990
protect,52,4,105,4964,4964
protect,52,4,106,5000,5000
protect,52,4,107,4942,4942
protect,52,4,108,5022,5022
protect,52,4,109,4960,4960
protect,52,4,110,4922,4922
protect,52,4,111,4946,4946
protect,52,4,112,4906,4906
protect,52,4,113,4930,4930
protect,52,4,114,4908,4908
protect,52,4,115,4914,4914
protect,52,4,116,4874,4874
protect,52,4,117,4928,4928
protect,52,4,118,5008,5008
protect,52,4,119,5048,5048
protect,52,4,120,4926,4926
protect,52,4,121,4904,4904
protect,52,4,122,4880,4880
protect,52,4,123,4896,4896
protect,52,4,124,4924,4924
protect,52,4,125,4904,4904
protect,52,4,126,4920,4920
protect,52,4,127,4900,4900
protect,52,4,128,4994,4994
protect,52,4,129,4926,4926
protect,52,4,130,4898,4898
protect,52,4,131,4938,4938
protect,52,4,132,4906,4906
protect,52,4,133,4938,4938
protect,52,4,134,4894,4894
protect,52,4,135,4946,4946
protect,52,4,136,4872,4872
protect,52,4,137,4898,4898
protect,52,4,138,4904,4904
protect,52,4,139,4934,4934
protect,52,4,140,4942,4942
protect,52,4,141,4912,4912
protect,52,4,142,4888,4888
protect,52,4,143,4892,4892
protect,52,4,144,4904,4904
protect,52,4,145,4924,4924
protect,52,4,146,4922,4922
protect,52,4,147,4882,4882
protect,52,4,148,4976,4976
protect,52,4,149,4938,4938
protect,52,4,150,4932,4932
protect,52,4,151,4910,4910
protect,52,4,152,4868,4868
protect,52,4,153,4898,4898
protect,52,4,154,4928,4928
protect,52,4,155,4960,4960
protect,52,4,156,4908,4908
protect,52,4,157,4882,4882
protect,52,4,158,4998,4998
protect,52,4,159,4996,4996
protect,52,4,160,4926,4926
protect,52,4,161,4890,4890
protect,52,4,162,4856,4856
protect,52,4,163,4926,4926
protect,52,4,164,4916,4916
protect,52,4,165,4958,4958
protect,52,4,166,4970,4970
protect,52,4,167,4906,4906
protect,52,4,168,4892,4892
protect,52,4,169,4970,4970
protect,52,4,170,4908,4908
protect,52,4,171,4936,4936
protect,52,4,172,4982,4982
protect,52,4,173,4916,4916
protect,52,4,174,4882,4882
protect,52,4,175,4882,4882
protect,52,4,176,4940,4940
protect,52,4,177,4902,4902
protect,52,4,178,4982,4982
protect,52,4,179,4930,4930
protect,52,4,180,4950,4950
protect,52,4,181,4916,4916
protect,52,4,182,4884,4884
protect,52,4,183,4934,4934
protect,52,4,184,4910,4910
protect,52,4,185,4934,4934
protect,52,4,186,4932,4932
protect,52,4,187,4920,4920
protect,52,4,188,4914,4914
protect,52,4,189,4874,4874
protect,52,4,190,4972,4972
protect,52,4,191,4940,4940
protect,52,4,192,4954,4954
protect,52,4,193,4936,4936
protect,52,4,194,4930,4930
protect,52,4,195,4914,4914
protect,52,4,196,4962,4962
protect,52,4,197,4890,4890
protect,52,4,198,4906,4906
protect,52,4,199,4952,4952
protect,52,4,200,4944,4944
protect,52,4,201,4898,4898
protect,52,4,202,4924,4924
protect,52,4,203,4918,4918
protect,52,4,204,4880,4880
protect,52,4,205,4924,4924
protect,52,4,206,4914,4914
protect,52,4,207,4900,4900
protect,52,4,208,4960,4960
protect,52,4,209,4986,4986
protect,52,4,210,4938,4938
protect,52,4,211,4892,4892
protect,52,4,212,4940,4940
protect,52,4,213,4964,4964
protect,52,4,214,4954,4954
protect,52,4,215,4920,4920
protect,52,4,216,4880,4880
protect,52,4,217,4974,4974
protect,52,4,218,4902,4902
protect,52,4,219,4896,4896
protect,52,4,220,4980,4980
protect,52,4,221,4956,4956
protect,52,4,222,4908,4908
protect,52,4,223,4966,4966
protect,52,4,224,4928,4928
protect,52,4,225,4910,4910
protect,52,4,226,4904,4904
protect,52,4,227,4944,4944
protect,52,4,228,4956,4956
protect,52,4,229,4958,4958
protect,52,4,230,4968,4968
protect,52,4,231,4888,4888
protect,52,4,232,4906,4906
protect,52,4,233,4930,4930
protect,52,4,234,4940,4940
protect,52,4,235,4934,4934
protect,52,4,236,4926,4926
protect,52,4,237,4910,4910
protect,52,4,238,4914,4914
protect,52,4,239,4996,4996
protect,52,4,240,4924,4924
protect,52,4,241,4898,4898
protect,52,4,242,4900,4900
protect,52,4,243,4894,4894
protect,52,4,244,4960,4960
protect,52,4,245,4924,4924
protect,52,4,246,4974,4974
protect,52,4,247,4938,4938
protect,52,4,248,4904,4904
protect,52,4,249,4966,4966
protect,52,4,250,4932,4932
protect,52,4,251,4908,4908
protect,52,4,252,4878,4878
protect,52,4,253,4954,4954
protect,52,4,254,4910,4910
protect,52,4,255,4878,4878
protect,52,4,256,4906,4906
protect,52,4,257,4964,4964
protect,52,4,258,4912,4912
protect,52,4,259,4912,4912
protect,52,4,260,4942,4942
protect,52,4,261,4900,4900
protect,52,4,262,5040,5040
protect,52,4,263,4894,4894
protect,52,4,264,4982,4982
protect,52,4,265,4914,4914
protect,52,4,266,4892,4892
protect,52,4,267,4882,4882
protect,52,4,268,4966,4966
protect,52,4,269,4926,4926
protect,52,4,270,4894,4894
protect,52,4,271,4924,4924
protect,52,4,272,4936,4936
protect,52,4,273,4986,4986
protect,52,4,274,4908,4908
protect,52,4,275,4906,4906
protect,52,4,276,4892,4892
protect,52,4,277,4900,4900
protect,52,4,278,4862,4862
protect,52,4,279,4970,4970
protect,52,4,280,4878,4878
protect,52,4,281,4940,4940
protect,52,4,282,4940,4940
protect,52,4,283,4866,4866
protect,52,4,284,4880,4880
protect,52,4,285,4850,4850
protect,52,4,286,4950,4950
protect,52,4,287,4896,4896
protect,52,4,288,4880,4880
protect,52,4,289,4872,4872
protect,52,4,290,4838,4838
protect,52,4,291,4898,4898
protect,52,4,292,4940,4940
protect,52,4,293,4926,4926
protect,52,4,294,4872,4872
protect,52,4,295,4880,4880
protect,52,4,296,4922,4922
protect,52,4,297,4898,4898
protect,52,4,298,4936,4936
protect,52,4,299,4910,4910
protect,52,4,300,4908,4908
protect,52,4,301,4870,4870
protect,52,4,302,4836,4836
protect,52,4,303,4904,4904
protect,52,4,304,4866,4866
protect,52,4,305,4822,4822
protect,52,4,306,4892,4892
protect,52,4,307,4872,4872
protect,52,4,308,4872,4872
protect,52,4,309,4822,4822
protect,52,4,310,4834,4834
protect,52,4,311,4938,4938
protect,52,4,312,4850,4850
protect,52,4,313,4852,4852
protect,52,4,314,4860,4860
protect,52,4,315,4908,4908
protect,52,4,316,4908,4908
protect,52,4,317,4838,4838
protect,52,4,318,4850,4850
protect,52,4,319,4880,4880
protect,52,4,320,4936,4936
protect,52,4,321,4904,4904
protect,52,4,322,4918,4918
protect,52,4,323,4866,4866
protect,52,4,324,4920,4920
protect,52,4,325,4886,4886
protect,52,4,326,4940,4940
protect,52,4,327,4904,4904
protect,52,4,328,4946,4946
protect,52,4,329,4866,4866
protect,52,4,330,4894,4894
protect,52,4,331,4826,4826
protect,52,4,332,4918,4918
protect,52,4,333,4858,4858
protect,52,4,334,4910,4910
protect,52,4,335,4898,4898
protect,52,4,336,4882,4882
protect,52,4,337,4934,4934
protect,52,4,338,4866,4866
protect,52,4,339,4866,4866
protect,52,4,340,4920,4920
protect,52,4,341,4940,4940
protect,52,4,342,4886,4886
protect,52,4,343,4866,4866
protect,52,4,344,4864,4864
protect,52,4,345,4860,4860
protect,52,4,346,10700,10700
protect,52,4,347,4950,4950
protect,52,4,348,4922,4922
protect,52,4,349,4924,4924
protect,52,4,350,4940,4940
protect,52,4,351,4902,4902
protect,52,4,352,4874,4874
protect,52,4,353,4924,4924
protect,52,4,354,4844,4844
protect,52,4,355,4850,4850
protect,52,4,356,4910,4910
protect,52,4,357,4914,4914
protect,52,4,358,4928,4928
protect,52,4,359,4862,4862
protect,52,4,360,4860,4860
protect,52,4,361,4928,4928
protect,52,4,362,4940,4940
protect,52,4,363,4932,4932
protect,52,4,364,4850,4850
protect,52,4,365,4856,4856
protect,52,4,366,4914,4914
protect,52,4,367,4868,4868
protect,52,4,368,4858,4858
protect,52,4,369,4872,4872
protect,52,4,370,4848,4848
protect,52,4,371,4930,4930
protect,52,4,372,4866,4866
protect,52,4,373,4888,4888
protect,52,4,374,4910,4910
protect,52,4,375,4882,4882
protect,52,4,376,4868,4868
protect,52,4,377,4984,4984
protect,52,4,378,4900,4900
protect,52,4,379,4908,4908
protect,52,4,380,4838,4838
protect,52,4,381,4928,4928
protect,52,4,382,4842,4842
protect,52,4,383,4874,4874
protect,52,4,384,4872,4872
protect,52,4,385,4940,4940
protect,52,4,386,4864,4864
protect,52,4,387,4862,4862
protect,52,4,388,4980,4980
protect,52,4,389,4930,4930
protect,52,4,390,4854,4854
protect,52,4,391,4928,4928
protect,52,4,392,4898,4898
protect,52,4,393,4876,4876
protect,52,4,394,4942,4942
protect,52,4,395,4934,4934
protect,52,4,396,4860,4860
protect,52,4,397,4900,4900
protect,52,4,398,4950,4950
protect,52,4,399,4906,4906
protect,52,4,400,4878,4878
protect,52,4,401,4944,4944
protect,52,4,402,4856,4856
protect,52,4,403,4916,4916
protect,52,4,404,4888,4888
protect,52,4,405,4884,4884
protect,52,4,406,4876,4876
protect,52,4,407,4884,4884
protect,52,4,408,4952,4952
protect,52,4,409,4880,4880
protect,52,4,410,4904,4904
protect,52,4,411,4872,4872
protect,52,4,412,4918,4918
protect,52,4,413,4938,4938
protect,52,4,414,4906,4906
protect,52,4,415,4974,4974
protect,52,4,416,4932,4932
protect,52,4,417,4916,4916
protect,52,4,418,4878,4878
protect,52,4,419,4936,4936
protect,52,4,420,4914,4914
protect,52,4,421,4906,4906
protect,52,4,422,4948,4948
protect,52,4,423,4950,4950
protect,52,4,424,4922,4922
protect,52,4,425,4910,4910
protect,52,4,426,4914,4914
protect,52,4,427,4996,4996
protect,52,4,428,4946,4946
protect,52,4,429,4894,4894
protect,52,4,430,4884,4884
protect,52,4,431,4916,4916
protect,52,4,432,4910,4910
protect,52,4,433,4970,4970
protect,52,4,434,4966,4966
protect,52,4,435,4936,4936
protect,52,4,436,4906,4906
protect,52,4,437,4974,4974
protect,52,4,438,5004,5004
protect,52,4,439,4962,4962
protect,52,4,440,4960,4960
protect,52,4,441,4914,4914
protect,52,4,442,4934,4934
protect,52,4,443,4938,4938
protect,52,4,444,4918,4918
protect,52,4,445,4878,4878
protect,52,4,446,4924,4924
protect,52,4,447,4922,4922
protect,52,4,448,4926,4926
protect,52,4,449,4906,4906
protect,52,4,450,5026,5026
protect,52,4,451,4912,4912
protect,52,4,452,4926,4926
protect,52,4,453,4950,4950
protect,52,4,454,4954,4954
protect,52,4,455,5000,5000
protect,52,4,456,4916,4916
protect,52,4,457,4896,4896
protect,52,4,458,4914,4914
protect,52,4,459,4902,4902
protect,52,4,460,4910,4910
protect,52,4,461,4916,4916
protect,52,4,462,4978,4978
protect,52,4,463,4962,4962
protect,52,4,464,4916,4916
protect,52,4,465,4916,4916
protect,52,4,466,4964,4964
protect,52,4,467,4882,4882
protect,52,4,468,4920,4920
protect,52,4,469,4912,4912
protect,52,4,470,4898,4898
protect,52,4,471,4886,4886
protect,52,4,472,4986,4986
protect,52,4,473,4912,4912
protect,52,4,474,4924,4924
protect,52,4,475,4968,4968
protect,52,4,476,4980,4980
protect,52,4,477,4930,4930
protect,52,4,478,4948,4948
protect,52,4,479,4946,4946
protect,52,4,480,5008,5008
protect,52,4,481,4934,4934
protect,52,4,482,4952,4952
protect,52,4,483,4952,4952
protect,52,4,484,4950,4950
protect,52,4,485,4940,4940
protect,52,4,486,4930,4930
protect,52,4,487,4918,4918
protect,52,4,488,4942,4942
protect,52,4,489,4912,4912
protect,52,4,490,4974,4974
protect,52,4,491,4954,4954
protect,52,4,492,4904,4904
protect,52,4,493,4952,4952
protect,52,4,494,4958,4958
protect,52,4,495,4952,4952
protect,52,4,496,4934,4934
protect,52,4,497,4936,4936
protect,52,4,498,4932,4932
protect,52,4,499,4932,4932
protect,52,4,500,4932,4932
protect,52,4,501,4934,4934
protect,52,4,502,4896,4896
protect,52,4,503,4934,4934
protect,52,4,504,4972,4972
protect,52,4,505,4896,4896
protect,52,4,506,4924,4924
protect,52,4,507,4974,4974
protect,52,4,508,4946,4946
protect,52,4,509,4894,4894
protect,52,4,510,4944,4944
protect,52,4,511,4930,4930
protect,52,4,512,5022,5022
protect,52,4,513,4908,4908
protect,52,4,514,4918,4918
protect,52,4,515,4978,4978
protect,52,4,516,4946,4946
protect,52,4,517,4916,4916
protect,52,4,518,4966,4966
protect,52,4,519,4960,4960
protect,52,4,520,5016,5016
protect,52,4,521,4940,4940
protect,52,4,522,4894,4894
protect,52,4,523,4884,4884
protect,52,4,524,4948,4948
protect,52,4,525,4944,4944
protect,52,4,526,4956,4956
protect,52,4,527,4938,4938
protect,52,4,528,4902,4902
protect,52,4,529,4950,4950
protect,52,4,530,4912,4912
protect,52,4,531,4930,4930
protect,52,4,532,4938,4938
protect,52,4,533,5014,5014
protect,52,4,534,4940,4940
protect,52,4,535,4916,4916
protect,52,4,536,4906,4906
protect,52,4,537,4874,4874
protect,52,4,538,4976,4976
protect,52,4,539,4960,4960
protect,52,4,540,4920,4920
protect,52,4,541,4904,4904
protect,52,4,542,4980,4980
protect,52,4,543,4922,4922
protect,52,4,544,4960,4960
protect,52,4,545,4998,4998
protect,52,4,546,4912,4912
protect,52,4,547,4986,4986
protect,52,4,548,4960,4960
protect,52,4,549,4926,4926
protect,52,4,550,4934,4934
protect,52,4,551,4898,4898
protect,52,4,552,4908,4908
protect,52,4,553,4906,4906
protect,52,4,554,4980,4980
protect,52,4,555,4918,4918
protect,52,4,556,4994,4994
protect,52,4,557,4962,4962
protect,52,4,558,4956,4956
protect,52,4,559,5012,5012
protect,52,4,560,4934,4934
protect,52,4,561,4894,4894
protect,52,4,562,4928,4928
protect,52,4,563,4908,4908
protect,52,4,564,4966,4966
protect,52,4,565,4954,4954
protect,52,4,566,4994,4994
protect,52,4,567,4894,4894
protect,52,4,568,4922,4922
protect,52,4,569,4946,4946
protect,52,4,570,4932,4932
protect,52,4,571,5014,5014
protect,52,4,572,4938,4938
protect,52,4,573,4888,4888
protect,52,4,574,4944,4944
protect,52,4,575,4868,4868
protect,52,4,576,4892,4892
protect,52,4,577,4954,4954
protect,52,4,578,4896,4896
protect,52,4,579,4848,4848
protect,52,4,580,4890,4890
protect,52,4,581,4934,4934
protect,52,4,582,4864,4864
protect,52,4,583,4930,4930
protect,52,4,584,4888,4888
protect,52,4,585,4890,4890
protect,52,4,586,4854,4854
protect,52,4,587,4860,4860
protect,52,4,588,4904,4904
protect,52,4,589,4874,4874
protect,52,4,590,4920,4920
protect,52,4,591,4866,4866
protect,52,4,592,4912,4912
protect,52,4,593,4908,4908
protect,52,4,594,4896,4896
protect,52,4,595,4900,4900
protect,52,4,596,4866,4866
protect,52,4,597,4894,4894
protect,52,4,598,4866,4866
protect,52,4,599,4916,4916
protect,52,4,600,4918,4918
protect,52,4,601,4908,4908
protect,52,4,602,4850,4850
protect,52,4,603,4852,4852
protect,52,4,604,4912,4912
protect,52,4,605,4886,4886
protect,52,4,606,4930,4930
protect,52,4,607,4904,4904
protect,52,4,608,4970,4970
protect,52,4,609,4934,4934
protect,52,4,610,4896,4896
protect,52,4,611,4866,4866
protect,52,4,612,4930,4930
protect,52,4,613,4880,4880
protect,52,4,614,5014,5014
protect,52,4,615,4870,4870
protect,52,4,616,4862,4862
protect,52,4,617,4928,4928
protect,52,4,618,4930,4930
protect,52,4,619,4898,4898
protect,52,4,620,4908,4908
protect,52,4,621,4948,4948
protect,52,4,622,4872,4872
protect,52,4,623,4830,4830
protect,52,4,624,4962,4962
protect,52,4,625,4900,4900
protect,52,4,626,4940,4940
protect,52,4,627,4890,4890
protect,52,4,628,4874,4874
protect,52,4,629,4882,4882
protect,52,4,630,4880,4880
protect,52,4,631,4910,4910
protect,52,4,632,4940,4940
protect,52,4,633,4900,4900
protect,52,4,634,4878,4878
protect,52,4,635,4876,4876
protect,52,4,636,4848,4848
protect,52,4,637,4950,4950
protect,52,4,638,4950,4950
protect,52,4,639,4838,4838
protect,52,4,640,4850,4850
protect,52,4,641,4900,4900
protect,52,4,642,4896,4896
protect,52,4,643,4868,4868
protect,52,4,644,4952,4952
protect,52,4,645,4862,4862
protect,52,4,646,4858,4858
protect,52,4,647,4924,4924
protect,52,4,648,4882,4882
protect,52,4,649,4880,4880
protect,52,4,650,4992,4992
protect,52,4,651,4868,4868
protect,52,4,652,4872,4872
protect,52,4,653,4876,4876
protect,52,4,654,4916,4916
protect,52,4,655,4868,4868
protect,52,4,656,4878,4878
protect,52,4,657,4930,4930
protect,52,4,658,4914,4914
protect,52,4,659,4892,4892
protect,52,4,660,4886,4886
protect,52,4,661,4854,4854
protect,52,4,662,4872,4872
protect,52,4,663,4880,4880
protect,52,4,664,4838,4838
protect,52,4,665,4898,4898
protect,52,4,666,4936,4936
protect,52,4,667,4850,4850
protect,52,4,668,4896,4896
protect,52,4,669,5000,5000
protect,52,4,670,4916,4916
protect,52,4,671,4862,4862
protect,52,4,672,4906,4906
protect,52,4,673,4954,4954
protect,52,4,674,4934,4934
protect,52,4,675,4924,4924
protect,52,4,676,4948,4948
protect,52,4,677,4936,4936
protect,52,4,678,4928,4928
protect,52,4,679,4894,4894
protect,52,4,680,4850,4850
protect,52,4,681,4902,4902
protect,52,4,682,4892,4892
protect,52,4,683,4942,4942
protect,52,4,684,4888,4888
protect,52,4,685,4886,4886
protect,52,4,686,4888,4888
protect,52,4,687,4864,4864
protect,52,4,688,4974,4974
protect,52,4,689,4904,4904
protect,52,4,690,4982,4982
protect,52,4,691,4894,4894
protect,52,4,692,4858,4858
protect,52,4,693,4910,4910
protect,52,4,694,4934,4934
protect,52,4,695,4866,4866
protect,52,4,696,4926,4926
protect,52,4,697,4886,4886
protect,52,4,698,4880,4880
protect,52,4,699,4894,4894
protect,52,4,700,4902,4902
protect,52,4,701,4880,4880
protect,52,4,702,4854,4854
protect,52,4,703,4900,4900
protect,52,4,704,4890,4890
protect,52,4,705,4922,4922
protect,52,4,706,4874,4874
protect,52,4,707,4888,4888
protect,52,4,708,4876,4876
protect,52,4,709,4914,4914
protect,52,4,710,4894,4894
protect,52,4,711,4922,4922
protect,52,4,712,4928,4928
protect,52,4,713,4958,4958
protect,52,4,714,4850,4850
protect,52,4,715,4844,4844
protect,52,4,716,4870,4870
protect,52,4,717,4874,4874
protect,52,4,718,4900,4900
protect,52,4,719,4934,4934
protect,52,4,720,4938,4938
protect,52,4,721,4864,4864
protect,52,4,722,4890,4890
protect,52,4,723,4968,4968
protect,52,4,724,4946,4946
protect,52,4,725,4928,4928
protect,52,4,726,4954,4954
protect,52,4,727,4942,4942
protect,52,4,728,4938,4938
protect,52,4,729,4990,4990
protect,52,4,730,4866,4866
protect,52,4,731,4914,4914
protect,52,4,732,4918,4918
protect,52,4,733,4940,4940
protect,52,4,734,4898,4898
protect,52,4,735,4892,4892
protect,52,4,736,4906,4906
protect,52,4,737,4878,4878
protect,52,4,738,4916,4916
protect,52,4,739,4898,4898
protect,52,4,740,4876,4876
protect,52,4,741,4930,4930
protect,52,4,742,4916,4916
protect,52,4,743,4858,4858
protect,52,4,744,4968,4968
protect,52,4,745,4958,4958
protect,52,4,746,4884,4884
protect,52,4,747,4884,4884
protect,52,4,748,4928,4928
protect,52,4,749,4940,4940
protect,52,4,750,4876,4876
protect,52,4,751,4884,4884
protect,52,4,752,4874,4874
protect,52,4,753,4870,4870
protect,52,4,754,4930,4930
protect,52,4,755,4868,4868
protect,52,4,756,4934,4934
protect,52,4,757,4860,4860
protect,52,4,758,15340,15340
protect,52,4,759,4924,4924
protect,52,4,760,4928,4928
protect,52,4,761,4882,4882
protect,52,4,762,4912,4912
protect,52,4,763,4872,4872
protect,52,4,764,4926,4926
protect,52,4,765,4882,4882
protect,52,4,766,4820,4820
protect,52,4,767,4922,4922
protect,52,4,768,4860,4860
protect,52,4,769,4840,4840
protect,52,4,770,4920,4920
protect,52,4,771,4838,4838
protect,52,4,772,4958,4958
protect,52,4,773,4892,4892
protect,52,4,774,4924,4924
protect,52,4,775,4906,4906
protect,52,4,776,4904,4904
protect,52,4,777,5000,5000
protect,52,4,778,4852,4852
protect,52,4,779,4914,4914
protect,52,4,780,4844,4844
protect,52,4,781,4858,4858
protect,52,4,782,4942,4942
protect,52,4,783,4950,4950
protect,52,4,784,4912,4912
protect,52,4,785,4914,4914
protect,52,4,786,4924,4924
protect,52,4,787,4872,4872
protect,52,4,788,4932,4932
protect,52,4,789,4948,4948
protect,52,4,790,4896,4896
protect,52,4,791,4880,4880
protect,52,4,792,4914,4914
protect,52,4,793,4858,4858
protect,52,4,794,4932,4932
protect,52,4,795,4842,4842
protect,52,4,796,4886,4886
protect,52,4,797,4898,4898
protect,52,4,798,4884,4884
protect,52,4,799,4944,4944
protect,52,4,800,4944,4944
protect,52,4,801,4898,4898
protect,52,4,802,4874,4874
protect,52,4,803,4910,4910
protect,52,4,804,4838,4838
protect,52,4,805,4850,4850
protect,52,4,806,4850,4850
protect,52,4,807,4874,4874
protect,52,4,808,4898,4898
protect,52,4,809,4876,4876
protect,52,4,810,4874,4874
protect,52,4,811,4882,4882
protect,52,4,812,4928,4928
protect,52,4,813,4936,4936
protect,52,4,814,4938,4938
protect,52,4,815,4902,4902
protect,52,4,816,4880,4880
protect,52,4,817,4870,4870
protect,52,4,818,4850,4850
protect,52,4,819,4870,4870
protect,52,4,820,4864,4864
protect,52,4,821,4932,4932
protect,52,4,822,4910,4910
protect,52,4,823,5064,5064
protect,52,4,824,4870,4870
protect,52,4,825,4934,4934
protect,52,4,826,4872,4872
protect,52,4,827,4936,4936
protect,52,4,828,4888,4888
protect,52,4,829,4882,4882
protect,52,4,830,4960,4960
protect,52,4,831,4882,4882
protect,52,4,832,4882,4882
protect,52,4,833,4884,4884
protect,52,4,834,4882,4882
protect,52,4,835,4934,4934
protect,52,4,836,4872,4872
protect,52,4,837,4900,4900
protect,52,4,838,4906,4906
protect,52,4,839,4930,4930
protect,52,4,840,4862,4862
protect,52,4,841,4870,4870
protect,52,4,842,4860,4860
protect,52,4,843,4932,4932
protect,52,4,844,4934,4934
protect,52,4,845,4890,4890
protect,52,4,846,4858,4858
protect,52,4,847,4886,4886
protect,52,4,848,4838,4838
protect,52,4,849,4898,4898
protect,52,4,850,4900,4900
protect,52,4,851,4922,4922
protect,52,4,852,4942,4942
protect,52,4,853,4924,4924
protect,52,4,854,4942,4942
protect,52,4,855,4916,4916
protect,52,4,856,4864,4864
protect,52,4,857,4924,4924
protect,52,4,858,4876,4876
protect,52,4,859,4870,4870
protect,52,4,860,4932,4932
protect,52,4,861,4886,4886
protect,52,4,862,4920,4920
protect,52,4,863,4942,4942
protect,52,4,864,4940,4940
protect,52,4,865,4872,4872
protect,52,4,866,4906,4906
protect,52,4,867,4912,4912
protect,52,4,868,4874,4874
protect,52,4,869,4964,4964
protect,52,4,870,4872,4872
protect,52,4,871,4896,4896
protect,52,4,872,4930,4930
protect,52,4,873,4888,4888
protect,52,4,874,4958,4958
protect,52,4,875,4924,4924
protect,52,4,876,4976,4976
protect,52,4,877,4974,4974
protect,52,4,878,4954,4954
protect,52,4,879,5014,5014
protect,52,4,880,4956,4956
protect,52,4,881,4926,4926
protect,52,4,882,4912,4912
protect,52,4,883,4884,4884
protect,52,4,884,4942,4942
protect,52,4,885,4954,4954
protect,52,4,886,4972,4972
protect,52,4,887,4922,4922
protect,52,4,888,4878,4878
protect,52,4,889,4926,4926
protect,52,4,890,4926,4926
protect,52,4,891,4954,4954
protect,52,4,892,4920,4920
protect,52,4,893,4886,4886
protect,52,4,894,4916,4916
protect,52,4,895,4914,4914
protect,52,4,896,4992,4992
protect,52,4,897,4924,4924
protect,52,4,898,4916,4916
protect,52,4,899,4930,4930
protect,52,4,900,4960,4960
protect,52,4,901,4946,4946
protect,52,4,902,4908,4908
protect,52,4,903,4970,4970
protect,52,4,904,4946,4946
protect,52,4,905,4918,4918
protect,52,4,906,4954,4954
protect,52,4,907,4898,4898
protect,52,4,908,4892,4892
protect,52,4,909,4882,4882
protect,52,4,910,4886,4886
protect,52,4,911,4928,4928
protect,52,4,912,4908,4908
protect,52,4,913,4908,4908
protect,52,4,914,4976,4976
protect,52,4,915,4918,4918
protect,52,4,916,4966,4966
protect,52,4,917,4914,4914
protect,52,4,918,4892,4892
protect,52,4,919,4944,4944
protect,52,4,920,4920,4920
protect,52,4,921,4882,4882
protect,52,4,922,4932,4932
protect,52,4,923,4944,4944
protect,52,4,924,4924,4924
protect,52,4,925,4926,4926
protect,52,4,926,4952,4952
protect,52,4,927,4928,4928
protect,52,4,928,4964,4964
protect,52,4,929,4924,4924
protect,52,4,930,4924,4924
protect,52,4,931,4912,4912
protect,52,4,932,4882,4882
protect,52,4,933,4924,4924
protect,52,4,934,4898,4898
protect,52,4,935,4936,4936
protect,52,4,936,4902,4902
protect,52,4,937,4940,4940
protect,52,4,938,4918,4918
protect,52,4,939,4910,4910
protect,52,4,940,4924,4924
protect,52,4,941,4878,4878
protect,52,4,942,4902,4902
protect,52,4,943,4922,4922
protect,52,4,944,4904,4904
protect,52,4,945,4916,4916
protect,52,4,946,4960,4960
protect,52,4,947,4880,4880
protect,52,4,948,4882,4882
protect,52,4,949,4894,4894
protect,52,4,950,4918,4918
protect,52,4,951,4988,4988
protect,52,4,952,4984,4984
protect,52,4,953,4958,4958
protect,52,4,954,4986,4986
protect,52,4,955,4950,4950
protect,52,4,956,4934,4934
protect,52,4,957,4940,4940
protect,52,4,958,4898,4898
protect,52,4,959,4960,4960
protect,52,4,960,4920,4920
protect,52,4,961,4880,4880
protect,52,4,962,4936,4936
protect,52,4,963,4906,4906
protect,52,4,964,4920,4920
protect,52,4,965,4934,4934
protect,52,4,966,4932,4932
protect,52,4,967,4964,4964
protect,52,4,968,4896,4896
protect,52,4,969,4902,4902
protect,52,4,970,4986,4986
protect,52,4,971,4920,4920
protect,52,4,972,4896,4896
protect,52,4,973,4946,4946
protect,52,4,974,4948,4948
protect,52,4,975,4952,4952
protect,52,4,976,4984,4984
protect,52,4,977,4908,4908
protect,52,4,978,4916,4916
protect,52,4,979,4922,4922
protect,52,4,980,4940,4940
protect,52,4,981,4872,4872
protect,52,4,982,4976,4976
protect,52,4,983,4896,4896
protect,52,4,984,4938,4938
protect,52,4,985,4968,4968
protect,52,4,986,4908,4908
protect,52,4,987,4886,4886
protect,52,4,988,5006,5006
protect,52,4,989,4926,4926
protect,52,4,990,4976,4976
protect,52,4,991,4938,4938
protect,52,4,992,4952,4952
protect,52,4,993,4940,4940
protect,52,4,994,4956,4956
protect,52,4,995,4896,4896
protect,52,4,996,4950,4950
protect,52,4,997,4916,4916
protect,52,4,998,4918,4918
protect,52,4,999,4896,4896
protect,52,4,1000,4884,4884
protect,52,4,1001,4884,4884
protect,52,4,1002,4874,4874
protect,52,4,1003,4954,4954
protect,52,4,1004,4900,4900
protect,52,4,1005,4944,4944
protect,52,4,1006,5010,5010
protect,52,4,1007,4932,4932
protect,52,4,1008,4900,4900
protect,52,4,1009,4910,4910
protect,52,4,1010,4942,4942
protect,52,4,1011,4928,4928
protect,52,4,1012,4928,4928
protect,52,4,1013,4894,4894
protect,52,4,1014,4910,4910
protect,52,4,1015,4942,4942
protect,52,4,1016,4906,4906
protect,52,4,1017,5002,5002
protect,52,4,1018,4906,4906
protect,52,4,1019,4946,4946
protect,52,4,1020,4986,4986
protect,52,4,1021,4940,4940
protect,52,4,1022,4994,4994
protect,52,4,1023,4918,4918
protect,52,4,1024,4974,4974
protect,52,4,1025,4880,4880
protect,52,4,1026,4902,4902
protect,52,4,1027,4880,4880
protect,52,4,1028,4918,4918
protect,52,4,1029,4902,4902
protect,52,4,1030,4868,4868
protect,52,4,1031,4960,4960
protect,52,4,1032,4924,4924
protect,52,4,1033,4886,4886
protect,52,4,1034,4900,4900
protect,52,4,1035,4892,4892
protect,52,4,1036,4868,4868
protect,52,4,1037,4854,4854
protect,52,4,1038,4844,4844
protect,52,4,1039,4954,4954
protect,52,4,1040,4848,4848
protect,52,4,1041,4910,4910
protect,52,4,1042,4864,4864
protect,52,4,1043,4874,4874
protect,52,4,1044,4890,4890
protect,52,4,1045,4930,4930
protect,52,4,1046,4972,4972
protect,52,4,1047,4906,4906
protect,52,4,1048,4860,4860
protect,52,4,1049,4846,4846
protect,52,4,1050,4920,4920
protect,52,4,1051,4844,4844
protect,52,4,1052,4860,4860
protect,52,4,1053,4870,4870
protect,52,4,1054,4902,4902
protect,52,4,1055,4852,4852
protect,52,4,1056,4906,4906
protect,52,4,1057,4934,4934
protect,52,4,1058,4900,4900
protect,52,4,1059,4936,4936
protect,52,4,1060,4880,4880
protect,52,4,1061,4918,4918
protect,52,4,1062,4926,4926
protect,52,4,1063,4852,4852
protect,52,4,1064,4850,4850
protect,52,4,1065,4848,4848
protect,52,4,1066,4936,4936
protect,52,4,1067,4876,4876
protect,52,4,1068,4924,4924
protect,52,4,1069,4920,4920
protect,52,4,1070,4960,4960
protect,52,4,1071,4902,4902
protect,52,4,1072,4922,4922
protect,52,4,1073,4914,4914
protect,52,4,1074,4888,4888
protect,52,4,1075,4920,4920
protect,52,4,1076,4864,4864
protect,52,4,1077,4898,4898
protect,52,4,1078,4880,4880
protect,52,4,1079,4904,4904
protect,52,4,1080,4924,4924
protect,52,4,1081,4896,4896
protect,52,4,1082,4890,4890
protect,52,4,1083,4838,4838
protect,52,4,1084,4942,4942
protect,52,4,1085,4916,4916
protect,52,4,1086,4864,4864
protect,52,4,1087,4844,4844
protect,52,4,1088,4920,4920
protect,52,4,1089,4868,4868
protect,52,4,1090,4894,4894
protect,52,4,1091,4878,4878
protect,52,4,1092,4928,4928
protect,52,4,1093,4876,4876
protect,52,4,1094,4978,4978
protect,52,4,1095,4884,4884
protect,52,4,1096,4920,4920
protect,52,4,1097,4960,4960
protect,52,4,1098,4880,4880
protect,52,4,1099,4916,4916
protect,52,4,1100,4880,4880
protect,52,4,1101,4862,4862
protect,52,4,1102,4902,4902
protect,52,4,1103,4810,4810
protect,52,4,1104,4876,4876
protect,52,4,1105,4924,4924
protect,52,4,1106,4866,4866
protect,52,4,1107,4870,4870
protect,52,4,1108,4926,4926
protect,52,4,1109,4858,4858
protect,52,4,1110,4948,4948
protect,52,4,1111,4874,4874
protect,52,4,1112,4892,4892
protect,52,4,1113,4846,4846
protect,52,4,1114,4856,4856
protect,52,4,1115,4872,4872
protect,52,4,1116,4868,4868
protect,52,4,1117,4836,4836
protect,52,4,1118,4876,4876
protect,52,4,1119,4842,4842
protect,52,4,1120,4840,4840
protect,52,4,1121,4916,4916
protect,52,4,1122,4912,4912
protect,52,4,1123,4894,4894
protect,52,4,1124,4910,4910
protect,52,4,1125,4864,4864
protect,52,4,1126,4832,4832
protect,52,4,1127,4926,4926
protect,52,4,1128,4832,4832
protect,52,4,1129,4940,4940
protect,52,4,1130,4900,4900
protect,52,4,1131,4904,4904
protect,52,4,1132,4860,4860
protect,52,4,1133,4870,4870
protect,52,4,1134,4924,4924
protect,52,4,1135,4872,4872
protect,52,4,1136,4876,4876
protect,52,4,1137,4962,4962
protect,52,4,1138,4894,4894
protect,52,4,1139,4868,4868
protect,52,4,1140,4988,4988
protect,52,4,1141,4896,4896
protect,52,4,1142,4892,4892
protect,52,4,1143,4862,4862
protect,52,4,1144,4868,4868
protect,52,4,1145,4920,4920
protect,52,4,1146,4838,4838
protect,52,4,1147,4862,4862
protect,52,4,1148,4904,4904
protect,52,4,1149,4880,4880
protect,52,4,1150,4876,4876
protect,52,4,1151,4932,4932
protect,52,4,1152,4854,4854
protect,52,4,1153,4888,4888
protect,52,4,1154,4902,4902
protect,52,4,1155,4836,4836
protect,52,4,1156,4906,4906
protect,52,4,1157,4852,4852
protect,52,4,1158,4858,4858
protect,52,4,1159,4870,4870
protect,52,4,1160,4914,4914
protect,52,4,1161,4860,4860
protect,52,4,1162,4850,4850
protect,52,4,1163,4936,4936
protect,52,4,1164,4876,4876
protect,52,4,1165,4856,4856
protect,52,4,1166,4934,4934
protect,52,4,1167,4856,4856
protect,52,4,1168,4934,4934
protect,52,4,1169,4970,4970
protect,52,4,1170,4840,4840
protect,52,4,1171,11792,11792
protect,52,4,1172,4920,4920
protect,52,4,1173,4870,4870
protect,52,4,1174,4926,4926
protect,52,4,1175,4898,4898
protect,52,4,1176,4886,4886
protect,52,4,1177,4892,4892
protect,52,4,1178,4942,4942
protect,52,4,1179,4880,4880
protect,52,4,1180,4904,4904
protect,52,4,1181,4960,4960
protect,52,4,1182,4946,4946
protect,52,4,1183,4940,4940
protect,52,4,1184,4858,4858
protect,52,4,1185,4958,4958
protect,52,4,1186,4894,4894
protect,52,4,1187,4850,4850
protect,52,4,1188,4946,4946
protect,52,4,1189,4970,4970
protect,52,4,1190,4848,4848
protect,52,4,1191,4868,4868
protect,52,4,1192,4906,4906
protect,52,4,1193,4918,4918
protect,52,4,1194,4870,4870
protect,52,4,1195,4906,4906
protect,52,4,1196,4938,4938
protect,52,4,1197,4874,4874
protect,52,4,1198,4956,4956
protect,52,4,1199,4906,4906
protect,52,4,1200,4938,4938
protect,52,4,1201,4900,4900
protect,52,4,1202,5002,5002
protect,52,4,1203,4862,4862
protect,52,4,1204,4926,4926
protect,52,4,1205,4890,4890
protect,52,4,1206,4890,4890
protect,52,4,1207,4982,4982
protect,52,4,1208,4854,4854
protect,52,4,1209,4896,4896
protect,52,4,1210,4882,4882
protect,52,4,1211,4868,4868
protect,52,4,1212,4856,4856
protect,52,4,1213,4878,4878
protect,52,4,1214,4910,4910
protect,52,4,1215,4906,4906
protect,52,4,1216,4888,4888
protect,52,4,1217,4852,4852
protect,52,4,1218,4858,4858
protect,52,4,1219,4854,4854
protect,52,4,1220,4932,4932
protect,52,4,1221,4934,4934
protect,52,4,1222,4902,4902
protect,52,4,1223,4878,4878
protect,52,4,1224,4852,4852
protect,52,4,1225,4870,4870
protect,52,4,1226,4882,4882
protect,52,4,1227,4920,4920
protect,52,4,1228,4802,4802
protect,52,4,1229,4806,4806
protect,52,4,1230,4856,4856
protect,52,4,1231,4926,4926
protect,52,4,1232,4848,4848
protect,52,4,1233,4832,4832
protect,52,4,1234,4926,4926
protect,52,4,1235,4890,4890
protect,52,4,1236,4866,4866
protect,52,4,1237,4900,4900
protect,52,4,1238,4888,4888
protect,52,4,1239,4856,4856
protect,52,4,1240,4864,4864
protect,52,4,1241,4840,4840
protect,52,4,1242,4986,4986
protect,52,4,1243,4868,4868
protect,52,4,1244,4914,4914
protect,52,4,1245,4928,4928
protect,52,4,1246,4858,4858
protect,52,4,1247,4898,4898
protect,52,4,1248,4980,4980
protect,52,4,1249,4930,4930
protect,52,4,1250,4938,4938
protect,52,4,1251,4924,4924
protect,52,4,1252,4894,4894
protect,52,4,1253,4884,4884
protect,52,4,1254,4886,4886
protect,52,4,1255,4916,4916
protect,52,4,1256,4928,4928
protect,52,4,1257,4846,4846
protect,52,4,1258,4848,4848
protect,52,4,1259,4888,4888
protect,52,4,1260,4904,4904
protect,52,4,1261,4862,4862
protect,52,4,1262,4898,4898
protect,52,4,1263,4900,4900
protect,52,4,1264,4930,4930
protect,52,4,1265,4948,4948
protect,52,4,1266,4896,4896
protect,52,4,1267,4852,4852
protect,52,4,1268,4936,4936
protect,52,4,1269,4930,4930
protect,52,4,1270,4926,4926
protect,52,4,1271,4940,4940
protect,52,4,1272,4854,4854
protect,52,4,1273,4852,4852
protect,52,4,1274,4934,4934
protect,52,4,1275,4896,4896
protect,52,4,1276,4906,4906
protect,52,4,1277,4926,4926
protect,52,4,1278,4908,4908
protect,52,4,1279,4860,4860
protect,52,4,1280,4862,4862
protect,52,4,1281,4888,4888
protect,52,4,1282,4916,4916
protect,52,4,1283,4892,4892
protect,52,4,1284,4870,4870
protect,52,4,1285,4898,4898
protect,52,4,1286,4924,4924
protect,52,4,1287,4862,4862
protect,52,4,1288,4906,4906
protect,52,4,1289,4944,4944
protect,52,4,1290,4892,4892
protect,52,4,1291,4938,4938
protect,52,4,1292,4874,4874
protect,52,4,1293,4894,4894
protect,52,4,1294,4882,4882
protect,52,4,1295,4916,4916
protect,52,4,1296,4904,4904
protect,52,4,1297,4880,4880
protect,52,4,1298,4912,4912
protect,52,4,1299,4878,4878
protect,52,4,1300,4940,4940
protect,52,4,1301,4862,4862
protect,52,4,1302,4950,4950
protect,52,4,1303,4954,4954
protect,52,4,1304,4920,4920
protect,52,4,1305,4938,4938
protect,52,4,1306,4896,4896
protect,52,4,1307,4944,4944
protect,52,4,1308,4892,4892
protect,52,4,1309,4858,4858
protect,52,4,1310,4846,4846
protect,52,4,1311,4892,4892
protect,52,4,1312,4918,4918
protect,52,4,1313,4896,4896
protect,52,4,1314,4846,4846
protect,52,4,1315,4918,4918
protect,52,4,1316,4932,4932
protect,52,4,1317,4948,4948
protect,52,4,1318,4892,4892
protect,52,4,1319,4944,4944
protect,52,4,1320,4920,4920
protect,52,4,1321,4900,4900
protect,52,4,1322,4860,4860
protect,52,4,1323,4896,4896
protect,52,4,1324,4858,4858
protect,52,4,1325,4860,4860
protect,52,4,1326,4926,4926
protect,52,4,1327,4876,4876
protect,52,4,1328,4914,4914
protect,52,4,1329,4908,4908
protect,52,4,1330,4968,4968
protect,52,4,1331,4902,4902
protect,52,4,1332,4906,4906
protect,52,4,1333,4872,4872
protect,52,4,1334,4902,4902
protect,52,4,1335,4854,4854
protect,52,4,1336,4878,4878
protect,52,4,1337,4904,4904
protect,52,4,1338,4844,4844
protect,52,4,1339,4924,4924
protect,52,4,1340,4910,4910
protect,52,4,1341,4888,4888
protect,52,4,1342,4886,4886
protect,52,4,1343,4926,4926
protect,52,4,1344,4910,4910
protect,52,4,1345,4888,4888
protect,52,4,1346,4950,4950
protect,52,4,1347,4830,4830
protect,52,4,1348,4908,4908
protect,52,4,1349,4894,4894
protect,52,4,1350,4854,4854
protect,52,4,1351,4926,4926
protect,52,4,1352,4924,4924
protect,52,4,1353,4894,4894
protect,52,4,1354,4906,4906
protect,52,4,1355,4954,4954
protect,52,4,1356,4928,4928
protect,52,4,1357,4870,4870
protect,52,4,1358,4854,4854
protect,52,4,1359,4870,4870
protect,52,4,1360,4832,4832
protect,52,4,1361,4834,4834
protect,52,4,1362,4846,4846
protect,52,4,1363,4928,4928
protect,52,4,1364,4934,4934
protect,52,4,1365,4920,4920
protect,52,4,1366,4908,4908
protect,52,4,1367,4868,4868
protect,52,4,1368,4872,4872
protect,52,4,1369,4848,4848
protect,52,4,1370,4962,4962
protect,52,4,1371,4868,4868
protect,52,4,1372,4878,4878
protect,52,4,1373,4868,4868
protect,52,4,1374,4940,4940
protect,52,4,1375,4922,4922
protect,52,4,1376,4922,4922
protect,52,4,1377,4844,4844
protect,52,4,1378,4874,4874
protect,52,4,1379,4882,4882
protect,52,4,1380,4916,4916
protect,52,4,1381,4938,4938
protect,52,4,1382,4876,4876
protect,52,4,1383,4916,4916
protect,52,4,1384,4916,4916
protect,52,4,1385,4904,4904
protect,52,4,1386,4976,4976
protect,52,4,1387,4842,4842
protect,52,4,1388,4936,4936
protect,52,4,1389,4844,4844
protect,52,4,1390,4910,4910
protect,52,4,1391,4864,4864
protect,52,4,1392,4868,4868
protect,52,4,1393,4850,4850
protect,52,4,1394,4874,4874
protect,52,4,1395,4898,4898
protect,52,4,1396,4842,4842
protect,52,4,1397,4858,4858
protect,52,4,1398,4926,4926
protect,52,4,1399,4880,4880
protect,52,4,1400,4924,4924
protect,52,4,1401,4832,4832
protect,52,4,1402,4852,4852
protect,52,4,1403,4868,4868
protect,52,4,1404,4918,4918
protect,52,4,1405,4906,4906
protect,52,4,1406,4878,4878
protect,52,4,1407,4894,4894
protect,52,4,1408,4920,4920
protect,52,4,1409,4878,4878
protect,52,4,1410,4878,4878
protect,52,4,1411,4904,4904
protect,52,4,1412,4860,4860
protect,52,4,1413,4866,4866
protect,52,4,1414,4876,4876
protect,52,4,1415,4876,4876
protect,52,4,1416,4910,4910
protect,52,4,1417,4908,4908
protect,52,4,1418,4900,4900
protect,52,4,1419,4880,4880
protect,52,4,1420,4914,4914
protect,52,4,1421,4848,4848
protect,52,4,1422,4900,4900
protect,52,4,1423,4942,4942
protect,52,4,1424,4882,4882
protect,52,4,1425,4948,4948
protect,52,4,1426,4862,4862
protect,52,4,1427,4898,4898
protect,52,4,1428,4910,4910
protect,52,4,1429,4864,4864
protect,52,4,1430,4906,4906
protect,52,4,1431,4898,4898
protect,52,4,1432,4822,4822
protect,52,4,1433,4874,4874
protect,52,4,1434,4842,4842
protect,52,4,1435,4940,4940
protect,52,4,1436,4906,4906
protect,52,4,1437,4866,4866
protect,52,4,1438,4894,4894
protect,52,4,1439,4894,4894
protect,52,4,1440,4916,4916
protect,52,4,1441,4824,4824
protect,52,4,1442,4904,4904
protect,52,4,1443,4924,4924
protect,52,4,1444,4944,4944
protect,52,4,1445,4890,4890
protect,52,4,1446,4874,4874
protect,52,4,1447,4850,4850
protect,52,4,1448,4946,4946
protect,52,4,1449,4834,4834
protect,52,4,1450,4882,4882
protect,52,4,1451,4934,4934
protect,52,4,1452,4880,4880
protect,52,4,1453,4874,4874
protect,52,4,1454,4898,4898
protect,52,4,1455,4896,4896
protect,52,4,1456,5000,5000
protect,52,4,1457,4868,4868
protect,52,4,1458,4862,4862
protect,52,4,1459,4926,4926
protect,52,4,1460,4990,4990
protect,52,4,1461,4890,4890
protect,52,4,1462,4870,4870
protect,52,4,1463,4934,4934
protect,52,4,1464,4884,4884
protect,52,4,1465,4930,4930
protect,52,4,1466,4936,4936
protect,52,4,1467,4982,4982
protect,52,4,1468,4930,4930
protect,52,4,1469,4906,4906
protect,52,4,1470,4932,4932
protect,52,4,1471,4920,4920
protect,52,4,1472,4972,4972
protect,52,4,1473,4986,4986
protect,52,4,1474,4938,4938
protect,52,4,1475,5006,5006
protect,52,4,1476,4934,4934
protect,52,4,1477,4904,4904
protect,52,4,1478,4898,4898
protect,52,4,1479,4920,4920
protect,52,4,1480,4914,4914
protect,52,4,1481,4914,4914
protect,52,4,1482,4994,4994
protect,52,4,1483,4956,4956
protect,52,4,1484,4930,4930
protect,52,4,1485,4976,4976
protect,52,4,1486,4984,4984
protect,52,4,1487,4880,4880
protect,52,4,1488,4982,4982
protect,52,4,1489,4912,4912
protect,52,4,1490,4924,4924
protect,52,4,1491,4916,4916
protect,52,4,1492,4954,4954
protect,52,4,1493,4914,4914
protect,52,4,1494,4910,4910
protect,52,4,1495,4990,4990
protect,52,4,1496,4914,4914
protect,52,4,1497,4932,4932
protect,52,4,1498,4934,4934
protect,52,4,1499,4960,4960
protect,52,4,1500,4928,4928
protect,52,4,1501,4902,4902
protect,52,4,1502,4982,4982
protect,52,4,1503,4904,4904
protect,52,4,1504,4948,4948
protect,52,4,1505,4970,4970
protect,52,4,1506,4910,4910
protect,52,4,1507,4974,4974
protect,52,4,1508,4958,4958
protect,52,4,1509,4924,4924
protect,52,4,1510,4962,4962
protect,52,4,1511,4994,4994
protect,52,4,1512,4952,4952
protect,52,4,1513,4942,4942
protect,52,4,1514,5006,5006
protect,52,4,1515,4942,4942
protect,52,4,1516,4950,4950
protect,52,4,1517,4910,4910
protect,52,4,1518,4910,4910
protect,52,4,1519,4886,4886
protect,52,4,1520,4900,4900
protect,52,4,1521,4888,4888
protect,52,4,1522,4910,4910
protect,52,4,1523,4918,4918
protect,52,4,1524,4892,4892
protect,52,4,1525,4914,4914
protect,52,4,1526,4924,4924
protect,52,4,1527,4948,4948
protect,52,4,1528,4968,4968
protect,52,4,1529,4894,4894
protect,52,4,1530,4944,4944
protect,52,4,1531,4926,4926
protect,52,4,1532,4898,4898
protect,52,4,1533,4934,4934
protect,52,4,1534,4932,4932
protect,52,4,1535,5052,5052
protect,52,4,1536,4996,4996
protect,52,4,1537,4946,4946
protect,52,4,1538,4912,4912
protect,52,4,1539,4926,4926
protect,52,4,1540,4946,4946
protect,52,4,1541,4948,4948
protect,52,4,1542,4966,4966
protect,52,4,1543,4928,4928
protect,52,4,1544,4900,4900
protect,52,4,1545,4932,4932
protect,52,4,1546,4948,4948
protect,52,4,1547,4950,4950
protect,52,4,1548,4928,4928
protect,52,4,1549,4930,4930
protect,52,4,1550,4948,4948
protect,52,4,1551,4986,4986
protect,52,4,1552,4926,4926
protect,52,4,1553,4948,4948
protect,52,4,1554,4888,4888
protect,52,4,1555,4908,4908
protect,52,4,1556,4908,4908
protect,52,4,1557,4906,4906
protect,52,4,1558,4906,4906
protect,52,4,1559,4906,4906
protect,52,4,1560,4918,4918
protect,52,4,1561,5044,5044
protect,52,4,1562,4920,4920
protect,52,4,1563,4960,4960
protect,52,4,1564,4930,4930
protect,52,4,1565,4900,4900
protect,52,4,1566,4936,4936
protect,52,4,1567,4938,4938
protect,52,4,1568,4984,4984
protect,52,4,1569,4908,4908
protect,52,4,1570,4900,4900
protect,52,4,1571,4874,4874
protect,52,4,1572,4966,4966
protect,52,4,1573,4920,4920
protect,52,4,1574,4928,4928
protect,52,4,1575,4948,4948
protect,52,4,1576,4954,4954
protect,52,4,1577,4914,4914
protect,52,4,1578,4928,4928
protect,52,4,1579,4970,4970
protect,52,4,1580,4932,4932
protect,52,4,1581,4984,4984
protect,52,4,1582,4908,4908
protect,52,4,1583,4952,4952
protect,52,4,1584,10740,10740
protect,52,4,1585,4922,4922
protect,52,4,1586,4894,4894
protect,52,4,1587,4844,4844
protect,52,4,1588,4900,4900
protect,52,4,1589,4884,4884
protect,52,4,1590,4880,4880
protect,52,4,1591,4824,4824
protect,52,4,1592,4930,4930
protect,52,4,1593,4862,4862
protect,52,4,1594,4876,4876
protect,52,4,1595,4846,4846
protect,52,4,1596,4932,4932
protect,52,4,1597,4856,4856
protect,52,4,1598,4876,4876
protect,52,4,1599,4864,4864
protect,52,4,1600,4928,4928
protect,52,4,1601,4892,4892
protect,52,4,1602,4916,4916
protect,52,4,1603,4854,4854
protect,52,4,1604,4990,4990
protect,52,4,1605,4882,4882
protect,52,4,1606,4872,4872
protect,52,4,1607,4860,4860
protect,52,4,1608,4910,4910
protect,52,4,1609,4876,4876
protect,52,4,1610,4866,4866
protect,52,4,1611,4928,4928
protect,52,4,1612,4952,4952
protect,52,4,1613,4912,4912
protect,52,4,1614,4902,4902
protect,52,4,1615,4908,4908
protect,52,4,1616,4896,4896
protect,52,4,1617,4892,4892
protect,52,4,1618,4924,4924
protect,52,4,1619,4888,4888
protect,52,4,1620,4924,4924
protect,52,4,1621,5020,5020
protect,52,4,1622,4944,4944
protect,52,4,1623,4914,4914
protect,52,4,1624,4932,4932
protect,52,4,1625,4946,4946
protect,52,4,1626,4926,4926
protect,52,4,1627,4916,4916
protect,52,4,1628,4934,4934
protect,52,4,1629,4886,4886
protect,52,4,1630,4870,4870
protect,52,4,1631,4902,4902
protect,52,4,1632,4858,4858
protect,52,4,1633,4894,4894
protect,52,4,1634,4910,4910
protect,52,4,1635,5076,5076
protect,52,4,1636,4942,4942
protect,52,4,1637,4912,4912
protect,52,4,1638,4960,4960
protect,52,4,1639,4910,4910
protect,52,4,1640,4932,4932
protect,52,4,1641,4948,4948
protect,52,4,1642,4922,4922
protect,52,4,1643,4980,4980
protect,52,4,1644,4920,4920
protect,52,4,1645,4902,4902
protect,52,4,1646,4940,4940
protect,52,4,1647,4974,4974
protect,52,4,1648,4914,4914
protect,52,4,1649,4908,4908
protect,52,4,1650,4932,4932
protect,52,4,1651,4942,4942
protect,52,4,1652,4962,4962
protect,52,4,1653,4916,4916
protect,52,4,1654,4928,4928
protect,52,4,1655,4988,4988
protect,52,4,1656,4908,4908
protect,52,4,1657,4908,4908
protect,52,4,1658,4894,4894
protect,52,4,1659,4952,4952
protect,52,4,1660,4922,4922
protect,52,4,1661,4892,4892
protect,52,4,1662,4986,4986
protect,52,4,1663,4984,4984
protect,52,4,1664,4934,4934
protect,52,4,1665,4892,4892
protect,52,4,1666,4928,4928
protect,52,4,1667,4966,4966
protect,52,4,1668,4916,4916
protect,52,4,1669,4908,4908
protect,52,4,1670,4918,4918
protect,52,4,1671,4970,4970
protect,52,4,1672,4922,4922
protect,52,4,1673,4930,4930
protect,52,4,1674,4924,4924
protect,52,4,1675,4920,4920
protect,52,4,1676,4960,4960
protect,52,4,1677,4902,4902
protect,52,4,1678,4888,4888
protect,52,4,1679,5004,5004
protect,52,4,1680,4922,4922
protect,52,4,1681,4940,4940
protect,52,4,1682,4940,4940
protect,52,4,1683,4866,4866
protect,52,4,1684,4884,4884
protect,52,4,1685,4890,4890
protect,52,4,1686,4858,4858
protect,52,4,1687,4940,4940
protect,52,4,1688,4978,4978
protect,52,4,1689,4956,4956
protect,52,4,1690,4936,4936
protect,52,4,1691,4932,4932
protect,52,4,1692,4906,4906
protect,52,4,1693,4914,4914
protect,52,4,1694,4874,4874
protect,52,4,1695,4928,4928
protect,52,4,1696,4920,4920
protect,52,4,1697,4932,4932
protect,52,4,1698,4982,4982
protect,52,4,1699,4920,4920
protect,52,4,1700,4924,4924
protect,52,4,1701,4986,4986
protect,52,4,1702,4926,4926
protect,52,4,1703,4928,4928
protect,52,4,1704,4970,4970
protect,52,4,1705,4932,4932
protect,52,4,1706,4950,4950
protect,52,4,1707,4908,4908
protect,52,4,1708,4892,4892
protect,52,4,1709,4966,4966
protect,52,4,1710,4888,4888
protect,52,4,1711,4928,4928
protect,52,4,1712,5014,5014
protect,52,4,1713,4976,4976
protect,52,4,1714,4950,4950
protect,52,4,1715,4966,4966
protect,52,4,1716,4952,4952
protect,52,4,1717,4930,4930
protect,52,4,1718,4968,4968
protect,52,4,1719,4876,4876
protect,52,4,1720,4932,4932
protect,52,4,1721,4920,4920
protect,52,4,1722,4920,4920
protect,52,4,1723,4906,4906
protect,52,4,1724,4940,4940
protect,52,4,1725,4906,4906
protect,52,4,1726,4910,4910
protect,52,4,1727,4996,4996
protect,52,4,1728,4930,4930
protect,52,4,1729,4962,4962
protect,52,4,1730,4922,4922
protect,52,4,1731,4908,4908
protect,52,4,1732,4906,4906
protect,52,4,1733,4928,4928
protect,52,4,1734,4936,4936
protect,52,4,1735,4906,4906
protect,52,4,1736,4916,4916
protect,52,4,1737,4896,4896
protect,52,4,1738,4904,4904
protect,52,4,1739,4934,4934
protect,52,4,1740,4942,4942
protect,52,4,1741,4932,4932
protect,52,4,1742,4906,4906
protect,52,4,1743,4928,4928
protect,52,4,1744,4944,4944
protect,52,4,1745,4908,4908
protect,52,4,1746,4880,4880
protect,52,4,1747,4904,4904
protect,52,4,1748,4902,4902
protect,52,4,1749,4862,4862
protect,52,4,1750,4930,4930
protect,52,4,1751,4932,4932
protect,52,4,1752,4882,4882
protect,52,4,1753,4896,4896
protect,52,4,1754,4920,4920
protect,52,4,1755,4922,4922
protect,52,4,1756,4998,4998
protect,52,4,1757,4952,4952
protect,52,4,1758,4924,4924
protect,52,4,1759,5086,5086
protect,52,4,1760,4936,4936
protect,52,4,1761,4882,4882
protect,52,4,1762,4906,4906
protect,52,4,1763,4886,4886
protect,52,4,1764,5034,5034
protect,52,4,1765,4922,4922
protect,52,4,1766,4948,4948
protect,52,4,1767,4950,4950
protect,52,4,1768,4942,4942
protect,52,4,1769,4922,4922
protect,52,4,1770,4960,4960
protect,52,4,1771,4998,4998
protect,52,4,1772,4924,4924
protect,52,4,1773,4988,4988
protect,52,4,1774,4932,4932
protect,52,4,1775,4958,4958
protect,52,4,1776,4972,4972
protect,52,4,1777,4914,4914
protect,52,4,1778,4924,4924
protect,52,4,1779,4970,4970
protect,52,4,1780,4982,4982
protect,52,4,1781,4952,4952
protect,52,4,1782,4940,4940
protect,52,4,1783,4908,4908
protect,52,4,1784,4910,4910
protect,52,4,1785,4888,4888
protect,52,4,1786,4930,4930
protect,52,4,1787,4984,4984
protect,52,4,1788,4928,4928
protect,52,4,1789,4966,4966
protect,52,4,1790,4914,4914
protect,52,4,1791,4906,4906
protect,52,4,1792,4908,4908
protect,52,4,1793,4918,4918
protect,52,4,1794,4946,4946
protect,52,4,1795,4956,4956
protect,52,4,1796,4896,4896
protect,52,4,1797,5010,5010
protect,52,4,1798,4920,4920
protect,52,4,1799,4888,4888
protect,52,4,1800,4936,4936
protect,52,4,1801,4896,4896
protect,52,4,1802,4998,4998
protect,52,4,1803,4976,4976
protect,52,4,1804,4918,4918
protect,52,4,1805,4876,4876
protect,52,4,1806,4932,4932
protect,52,4,1807,4904,4904
protect,52,4,1808,4926,4926
protect,52,4,1809,4966,4966
protect,52,4,1810,4932,4932
protect,52,4,1811,4886,4886
protect,52,4,1812,4920,4920
protect,52,4,1813,4926,4926
protect,52,4,1814,4936,4936
protect,52,4,1815,4962,4962
protect,52,4,1816,4958,4958
protect,52,4,1817,4980,4980
protect,52,4,1818,4970,4970
protect,52,4,1819,4936,4936
protect,52,4,1820,4906,4906
protect,52,4,1821,4966,4966
protect,52,4,1822,4920,4920
protect,52,4,1823,4938,4938
protect,52,4,1824,5000,5000
protect,52,4,1825,4946,4946
protect,52,4,1826,4908,4908
protect,52,4,1827,4892,4892
protect,52,4,1828,4896,4896
protect,52,4,1829,4966,4966
protect,52,4,1830,4930,4930
protect,52,4,1831,4988,4988
protect,52,4,1832,4936,4936
protect,52,4,1833,4966,4966
protect,52,4,1834,4944,4944
protect,52,4,1835,4920,4920
protect,52,4,1836,4926,4926
protect,52,4,1837,4920,4920
protect,52,4,1838,4948,4948
protect,52,4,1839,4920,4920
protect,52,4,1840,4980,4980
protect,52,4,1841,4936,4936
protect,52,4,1842,4938,4938
protect,52,4,1843,4900,4900
protect,52,4,1844,4962,4962
protect,52,4,1845,4958,4958
protect,52,4,1846,4876,4876
protect,52,4,1847,4882,4882
protect,52,4,1848,4920,4920
protect,52,4,1849,4940,4940
protect,52,4,1850,4990,4990
protect,52,4,1851,4958,4958
protect,52,4,1852,4876,4876
protect,52,4,1853,4966,4966
protect,52,4,1854,5052,5052
protect,52,4,1855,4966,4966
protect,52,4,1856,5026,5026
protect,52,4,1857,4928,4928
protect,52,4,1858,4980,4980
protect,52,4,1859,4950,4950
protect,52,4,1860,4876,4876
protect,52,4,1861,4878,4878
protect,52,4,1862,5016,5016
protect,52,4,1863,4894,4894
protect,52,4,1864,4982,4982
protect,52,4,1865,4920,4920
protect,52,4,1866,4958,4958
protect,52,4,1867,4956,4956
protect,52,4,1868,4936,4936
protect,52,4,1869,4916,4916
protect,52,4,1870,4932,4932
protect,52,4,1871,4948,4948
protect,52,4,1872,4922,4922
protect,52,4,1873,4960,4960
protect,52,4,1874,4904,4904
protect,52,4,1875,4918,4918
protect,52,4,1876,4918,4918
protect,52,4,1877,4900,4900
protect,52,4,1878,4910,4910
protect,52,4,1879,4906,4906
protect,52,4,1880,4990,4990
protect,52,4,1881,4998,4998
protect,52,4,1882,4922,4922
protect,52,4,1883,4928,4928
protect,52,4,1884,5060,5060
protect,52,4,1885,4912,4912
protect,52,4,1886,4938,4938
protect,52,4,1887,5012,5012
protect,52,4,1888,4952,4952
protect,52,4,1889,4918,4918
protect,52,4,1890,4888,4888
protect,52,4,1891,4914,4914
protect,52,4,1892,4920,4920
protect,52,4,1893,4940,4940
protect,52,4,1894,4904,4904
protect,52,4,1895,4946,4946
protect,52,4,1896,4938,4938
protect,52,4,1897,4940,4940
protect,52,4,1898,4958,4958
protect,52,4,1899,4888,4888
protect,52,4,1900,4904,4904
protect,52,4,1901,4960,4960
protect,52,4,1902,4890,4890
protect,52,4,1903,4908,4908
protect,52,4,1904,4906,4906
protect,52,4,1905,5060,5060
protect,52,4,1906,4966,4966
protect,52,4,1907,4954,4954
protect,52,4,1908,4926,4926
protect,52,4,1909,4946,4946
protect,52,4,1910,4980,4980
protect,52,4,1911,4956,4956
protect,52,4,1912,4914,4914
protect,52,4,1913,4982,4982
protect,52,4,1914,4948,4948
protect,52,4,1915,4920,4920
protect,52,4,1916,4950,4950
protect,52,4,1917,4972,4972
protect,52,4,1918,4948,4948
protect,52,4,1919,4922,4922
protect,52,4,1920,4934,4934
protect,52,4,1921,4918,4918
protect,52,4,1922,4944,4944
protect,52,4,1923,4922,4922
protect,52,4,1924,4920,4920
protect,52,4,1925,4974,4974
protect,52,4,1926,4966,4966
protect,52,4,1927,4956,4956
protect,52,4,1928,4878,4878
protect,52,4,1929,4964,4964
protect,52,4,1930,4958,4958
protect,52,4,1931,4972,4972
protect,52,4,1932,4956,4956
protect,52,4,1933,4970,4970
protect,52,4,1934,4950,4950
protect,52,4,1935,4958,4958
protect,52,4,1936,4948,4948
protect,52,4,1937,4948,4948
protect,52,4,1938,4942,4942
protect,52,4,1939,4894,4894
protect,52,4,1940,4884,4884
protect,52,4,1941,4926,4926
protect,52,4,1942,4978,4978
protect,52,4,1943,4988,4988
protect,52,4,1944,4928,4928
protect,52,4,1945,4968,4968
protect,52,4,1946,4928,4928
protect,52,4,1947,4926,4926
protect,52,4,1948,4918,4918
protect,52,4,1949,4922,4922
protect,52,4,1950,4958,4958
protect,52,4,1951,4898,4898
protect,52,4,1952,4920,4920
protect,52,4,1953,4926,4926
protect,52,4,1954,4924,4924
protect,52,4,1955,4956,4956
protect,52,4,1956,4986,4986
protect,52,4,1957,4910,4910
protect,52,4,1958,4932,4932
protect,52,4,1959,4960,4960
protect,52,4,1960,4928,4928
protect,52,4,1961,4946,4946
protect,52,4,1962,4990,4990
protect,52,4,1963,4936,4936
protect,52,4,1964,4884,4884
protect,52,4,1965,4922,4922
protect,52,4,1966,4988,4988
protect,52,4,1967,4938,4938
protect,52,4,1968,4894,4894
protect,52,4,1969,4926,4926
protect,52,4,1970,4962,4962
protect,52,4,1971,4900,4900
protect,52,4,1972,4932,4932
protect,52,4,1973,4924,4924
protect,52,4,1974,4936,4936
protect,52,4,1975,4932,4932
protect,52,4,1976,4924,4924
protect,52,4,1977,5008,5008
protect,52,4,1978,4982,4982
protect,52,4,1979,4934,4934
protect,52,4,1980,4962,4962
protect,52,4,1981,4942,4942
protect,52,4,1982,4938,4938
protect,52,4,1983,4992,4992
protect,52,4,1984,4948,4948
protect,52,4,1985,5068,5068
protect,52,4,1986,4976,4976
protect,52,4,1987,4950,4950
protect,52,4,1988,4898,4898
protect,52,4,1989,4914,4914
protect,52,4,1990,4960,4960
protect,52,4,1991,4918,4918
protect,52,4,1992,4964,4964
protect,52,4,1993,10680,10680
protect,52,4,1994,4944,4944
protect,52,4,1995,4990,4990
protect,52,4,1996,4906,4906
protect,52,4,1997,4946,4946
protect,52,4,1998,4898,4898
protect,52,4,1999,4838,4838
protect,52,4,2000,4878,4878
verify,52,4,1,4942,4942
verify,52,4,2,4986,4986
verify,52,4,3,5004,5004
verify,52,4,4,4966,4966
verify,52,4,5,4954,4954
verify,52,4,6,4938,4938
verify,52,4,7,5008,5008
verify,52,4,8,4956,4956
verify,52,4,9,4962,4962
verify,52,4,10,4918,4918
verify,52,4,11,5018,5018
verify,52,4,12,4926,4926
verify,52,4,13,4906,4906
verify,52,4,14,4928,4928
verify,52,4,15,4938,4938
verify,52,4,16,4950,4950
verify,52,4,17,4932,4932
verify,52,4,18,4996,4996
verify,52,4,19,4908,4908
verify,52,4,20,4894,4894
verify,52,4,21,4930,4930
verify,52,4,22,4908,4908
verify,52,4,23,5014,5014
verify,52,4,24,4974,4974
verify,52,4,25,4986,4986
verify,52,4,26,4932,4932
verify,52,4,27,4958,4958
verify,52,4,28,4962,4962
verify,52,4,29,5012,5012
verify,52,4,30,4940,4940
verify,52,4,31,4958,4958
verify,52,4,32,4916,4916
verify,52,4,33,4982,4982
verify,52,4,34,4930,4930
verify,52,4,35,4908,4908
verify,52,4,36,4934,4934
verify,52,4,37,4924,4924
verify,52,4,38,4942,4942
verify,52,4,39,5044,5044
verify,52,4,40,4990,4990
verify,52,4,41,4940,4940
verify,52,4,42,4980,4980
verify,52,4,43,4946,4946
verify,52,4,44,4926,4926
verify,52,4,45,4992,4992
verify,52,4,46,4926,4926
verify,52,4,47,4936,4936
verify,52,4,48,5026,5026
verify,52,4,49,4944,4944
verify,52,4,50,4946,4946
verify,52,4,51,4982,4982
verify,52,4,52,4958,4958
verify,52,4,53,4960,4960
verify,52,4,54,4954,4954
verify,52,4,55,4942,4942
verify,52,4,56,4908,4908
verify,52,4,57,4970,4970
verify,52,4,58,4968,4968
verify,52,4,59,4974,4974
verify,52,4,60,4890,4890
verify,52,4,61,4908,4908
verify,52,4,62,4882,4882
verify,52,4,63,4898,4898
verify,52,4,64,4912,4912
verify,52,4,65,4896,4896
verify,52,4,66,4978,4978
verify,52,4,67,4900,4900
verify,52,4,68,4876,4876
verify,52,4,69,4930,4930
verify,52,4,70,4928,4928
verify,52,4,71,4912,4912
verify,52,4,72,4918,4918
verify,52,4,73,4926,4926
verify,52,4,74,4910,4910
verify,52,4,75,4934,4934
verify,52,4,76,4922,4922
verify,52,4,77,4882,4882
verify,52,4,78,4898,4898
verify,52,4,79,4954,4954
verify,52,4,80,4984,4984
verify,52,4,81,4968,4968
verify,52,4,82,4904,4904
verify,52,4,83,4938,4938
verify,52,4,84,4932,4932
verify,52,4,85,4890,4890
verify,52,4,86,4912,4912
verify,52,4,87,4904,4904
verify,52,4,88,4982,4982
verify,52,4,89,4942,4942
verify,52,4,90,4910,4910
verify,52,4,91,4942,4942
verify,52,4,92,4936,4936
verify,52,4,93,4934,4934
verify,52,4,94,4906,4906
verify,52,4,95,4892,4892
verify,52,4,96,4980,4980
verify,52,4,97,4896,4896
verify,52,4,98,4922,4922
verify,52,4,99,4958,4958
verify,52,4,100,4930,4930
verify,52,4,101,4938,4938
verify,52,4,102,4918,4918
verify,52,4,103,4970,4970
verify,52,4,104,4972,4972
verify,52,4,105,4980,4980
verify,52,4,106,4924,4924
verify,52,4,107,4870,4870
verify,52,4,108,4886,4886
verify,52,4,109,4876,4876
verify,52,4,110,4902,4902
verify,52,4,111,4952,4952
verify,52,4,112,4950,4950
verify,52,4,113,4884,4884
verify,52,4,114,4968,4968
verify,52,4,115,4904,4904
verify,52,4,116,4948,4948
verify,52,4,117,4920,4920
verify,52,4,118,4892,4892
verify,52,4,119,4928,4928
verify,52,4,120,4862,4862
verify,52,4,121,4938,4938
verify,52,4,122,4966,4966
verify,52,4,123,4890,4890
verify,52,4,124,4906,4906
verify,52,4,125,4880,4880
verify,52,4,126,4922,4922
verify,52,4,127,4912,4912
verify,52,4,128,4984,4984
verify,52,4,129,4926,4926
verify,52,4,130,4960,4960
verify,52,4,131,4908,4908
verify,52,4,132,4974,4974
verify,52,4,133,4866,4866
verify,52,4,134,4944,4944
verify,52,4,135,4922,4922
verify,52,4,136,4886,4886
verify,52,4,137,10768,10768
verify,52,4,138,4960,4960
verify,52,4,139,4928,4928
verify,52,4,140,4976,4976
verify,52,4,141,4944,4944
verify,52,4,142,4916,4916
verify,52,4,143,4960,4960
verify,52,4,144,4884,4884
verify,52,4,145,4858,4858
verify,52,4,146,4930,4930
verify,52,4,147,4934,4934
verify,52,4,148,4950,4950
verify,52,4,149,4852,4852
verify,52,4,150,4856,4856
verify,52,4,151,4878,4878
verify,52,4,152,4872,4872
verify,52,4,153,4852,4852
verify,52,4,154,4882,4882
verify,52,4,155,4902,4902
verify,52,4,156,4888,4888
verify,52,4,157,4908,4908
verify,52,4,158,4920,4920
verify,52,4,159,4926,4926
verify,52,4,160,4946,4946
verify,52,4,161,4922,4922
verify,52,4,162,4932,4932
verify,52,4,163,4864,4864
verify,52,4,164,4960,4960
verify,52,4,165,4928,4928
verify,52,4,166,4908,4908
verify,52,4,167,4944,4944
verify,52,4,168,4896,4896
verify,52,4,169,4998,4998
verify,52,4,170,4892,4892
verify,52,4,171,4952,4952
verify,52,4,172,4858,4858
verify,52,4,173,4920,4920
verify,52,4,174,4854,4854
verify,52,4,175,4896,4896
verify,52,4,176,4898,4898
verify,52,4,177,4894,4894
verify,52,4,178,4956,4956
verify,52,4,179,4900,4900
verify,52,4,180,4878,4878
verify,52,4,181,4904,4904
verify,52,4,182,4888,4888
verify,52,4,183,4906,4906
verify,52,4,184,4952,4952
verify,52,4,185,4930,4930
verify,52,4,186,4884,4884
verify,52,4,187,4934,4934
verify,52,4,188,4896,4896
verify,52,4,189,4908,4908
verify,52,4,190,4954,4954
verify,52,4,191,4978,4978
verify,52,4,192,4976,4976
verify,52,4,193,4904,4904
verify,52,4,194,4914,4914
verify,52,4,195,4902,4902
verify,52,4,196,4864,4864
verify,52,4,197,4904,4904
verify,52,4,198,4996,4996
verify,52,4,199,4908,4908
verify,52,4,200,4854,4854
verify,52,4,201,4896,4896
verify,52,4,202,4894,4894
verify,52,4,203,4858,4858
verify,52,4,204,4940,4940
verify,52,4,205,4906,4906
verify,52,4,206,4904,4904
verify,52,4,207,4878,4878
verify,52,4,208,4890,4890
verify,52,4,209,4898,4898
verify,52,4,210,4930,4930
verify,52,4,211,4942,4942
verify,52,4,212,4878,4878
verify,52,4,213,4984,4984
verify,52,4,214,4866,4866
verify,52,4,215,4958,4958
verify,52,4,216,4898,4898
verify,52,4,217,4972,4972
verify,52,4,218,4928,4928
verify,52,4,219,5008,5008
verify,52,4,220,4930,4930
verify,52,4,221,4912,4912
verify,52,4,222,4988,4988
verify,52,4,223,4946,4946
verify,52,4,224,4922,4922
verify,52,4,225,4930,4930
verify,52,4,226,4866,4866
verify,52,4,227,4926,4926
verify,52,4,228,4886,4886
verify,52,4,229,4878,4878
verify,52,4,230,4884,4884
verify,52,4,231,4960,4960
verify,52,4,232,4980,4980
verify,52,4,233,4914,4914
verify,52,4,234,4900,4900
verify,52,4,235,4878,4878
verify,52,4,236,4916,4916
verify,52,4,237,4964,4964
verify,52,4,238,4902,4902
verify,52,4,239,4922,4922
verify,52,4,240,4924,4924
verify,52,4,241,4880,4880
verify,52,4,242,4886,4886
verify,52,4,243,4938,4938
verify,52,4,244,4942,4942
verify,52,4,245,4942,4942
verify,52,4,246,4962,4962
verify,52,4,247,4928,4928
verify,52,4,248,4888,4888
verify,52,4,249,4896,4896
verify,52,4,250,4940,4940
verify,52,4,251,4910,4910
verify,52,4,252,4878,4878
verify,52,4,253,4904,4904
verify,52,4,254,4910,4910
verify,52,4,255,4866,4866
verify,52,4,256,4868,4868
verify,52,4,257,4972,4972
verify,52,4,258,4928,4928
verify,52,4,259,4916,4916
verify,52,4,260,4950,4950
verify,52,4,261,4924,4924
verify,52,4,262,4896,4896
verify,52,4,263,4868,4868
verify,52,4,264,4884,4884
verify,52,4,265,4862,4862
verify,52,4,266,4884,4884
verify,52,4,267,4910,4910
verify,52,4,268,4900,4900
verify,52,4,269,4868,4868
verify,52,4,270,4986,4986
verify,52,4,271,4988,4988
verify,52,4,272,4890,4890
verify,52,4,273,4882,4882
verify,52,4,274,4892,4892
verify,52,4,275,4866,4866
verify,52,4,276,4880,4880
verify,52,4,277,4902,4902
verify,52,4,278,4896,4896
verify,52,4,279,4878,4878
verify,52,4,280,4918,4918
verify,52,4,281,4916,4916
verify,52,4,282,4984,4984
verify,52,4,283,4902,4902
verify,52,4,284,4992,4992
verify,52,4,285,4966,4966
verify,52,4,286,4958,4958
verify,52,4,287,4926,4926
verify,52,4,288,4886,4886
verify,52,4,289,4882,4882
verify,52,4,290,4934,4934
verify,52,4,291,4916,4916
verify,52,4,292,4874,4874
verify,52,4,293,4912,4912
verify,52,4,294,4928,4928
verify,52,4,295,4902,4902
verify,52,4,296,4872,4872
verify,52,4,297,4970,4970
verify,52,4,298,4898,4898
verify,52,4,299,4900,4900
verify,52,4,300,4918,4918
verify,52,4,301,4922,4922
verify,52,4,302,4894,4894
verify,52,4,303,4916,4916
verify,52,4,304,4904,4904
verify,52,4,305,4912,4912
verify,52,4,306,4930,4930
verify,52,4,307,4960,4960
verify,52,4,308,4936,4936
verify,52,4,309,4904,4904
verify,52,4,310,4892,4892
verify,52,4,311,4878,4878
verify,52,4,312,4952,4952
verify,52,4,313,4896,4896
verify,52,4,314,4896,4896
verify,52,4,315,4944,4944
verify,52,4,316,4962,4962
verify,52,4,317,4914,4914
verify,52,4,318,4864,4864
verify,52,4,319,4878,4878
verify,52,4,320,4946,4946
verify,52,4,321,4928,4928
verify,52,4,322,4906,4906
verify,52,4,323,4982,4982
verify,52,4,324,4928,4928
verify,52,4,325,4848,4848
verify,52,4,326,4972,4972
verify,52,4,327,4920,4920
verify,52,4,328,4868,4868
verify,52,4,329,4920,4920
verify,52,4,330,4916,4916
verify,52,4,331,4918,4918
verify,52,4,332,4892,4892
verify,52,4,333,4874,4874
verify,52,4,334,4980,4980
verify,52,4,335,4942,4942
verify,52,4,336,4966,4966
verify,52,4,337,4910,4910
verify,52,4,338,4946,4946
verify,52,4,339,4878,4878
verify,52,4,340,4942,4942
verify,52,4,341,4916,4916
verify,52,4,342,4910,4910
verify,52,4,343,4902,4902
verify,52,4,344,4874,4874
verify,52,4,345,4840,4840
verify,52,4,346,4972,4972
verify,52,4,347,4980,4980
verify,52,4,348,4906,4906
verify,52,4,349,4928,4928
verify,52,4,350,4890,4890
verify,52,4,351,4908,4908
verify,52,4,352,4882,4882
verify,52,4,353,4910,4910
verify,52,4,354,4924,4924
verify,52,4,355,4890,4890
verify,52,4,356,4854,4854
verify,52,4,357,4952,4952
verify,52,4,358,4868,4868
verify,52,4,359,4930,4930
verify,52,4,360,4952,4952
verify,52,4,361,4932,4932
verify,52,4,362,4912,4912
verify,52,4,363,4930,4930
verify,52,4,364,4932,4932
verify,52,4,365,4884,4884
verify,52,4,366,4936,4936
verify,52,4,367,4872,4872
verify,52,4,368,4958,4958
verify,52,4,369,4904,4904
verify,52,4,370,4964,4964
verify,52,4,371,4916,4916
verify,52,4,372,4940,4940
verify,52,4,373,4894,4894
verify,52,4,374,4936,4936
verify,52,4,375,4968,4968
verify,52,4,376,4950,4950
verify,52,4,377,4916,4916
verify,52,4,378,4960,4960
verify,52,4,379,4890,4890
verify,52,4,380,4914,4914
verify,52,4,381,4902,4902
verify,52,4,382,4898,4898
verify,52,4,383,4942,4942
verify,52,4,384,4892,4892
verify,52,4,385,4890,4890
verify,52,4,386,4894,4894
verify,52,4,387,4952,4952
verify,52,4,388,4912,4912
verify,52,4,389,4856,4856
verify,52,4,390,4856,4856
verify,52,4,391,4896,4896
verify,52,4,392,4948,4948
verify,52,4,393,4920,4920
verify,52,4,394,4910,4910
verify,52,4,395,4904,4904
verify,52,4,396,4940,4940
verify,52,4,397,4954,4954
verify,52,4,398,4968,4968
verify,52,4,399,4896,4896
verify,52,4,400,4960,4960
verify,52,4,401,4906,4906
verify,52,4,402,4940,4940
verify,52,4,403,4926,4926
verify,52,4,404,4894,4894
verify,52,4,405,4938,4938
verify,52,4,406,4910,4910
verify,52,4,407,4922,4922
verify,52,4,408,4932,4932
verify,52,4,409,4900,4900
verify,52,4,410,4968,4968
verify,52,4,411,4908,4908
verify,52,4,412,4880,4880
verify,52,4,413,4982,4982
verify,52,4,414,4912,4912
verify,52,4,415,4894,4894
verify,52,4,416,4940,4940
verify,52,4,417,4874,4874
verify,52,4,418,4912,4912
verify,52,4,419,4900,4900
verify,52,4,420,4846,4846
verify,52,4,421,4892,4892
verify,52,4,422,4852,4852
verify,52,4,423,4882,4882
verify,52,4,424,4952,4952
verify,52,4,425,5038,5038
verify,52,4,426,4884,4884
verify,52,4,427,4890,4890
verify,52,4,428,4884,4884
verify,52,4,429,4906,4906
verify,52,4,430,4914,4914
verify,52,4,431,4844,4844
verify,52,4,432,4876,4876
verify,52,4,433,4916,4916
verify,52,4,434,4970,4970
verify,52,4,435,4934,4934
verify,52,4,436,4872,4872
verify,52,4,437,4868,4868
verify,52,4,438,5004,5004
verify,52,4,439,4890,4890
verify,52,4,440,4888,4888
verify,52,4,441,4916,4916
verify,52,4,442,4896,4896
verify,52,4,443,4848,4848
verify,52,4,444,4850,4850
verify,52,4,445,4856,4856
verify,52,4,446,4898,4898
verify,52,4,447,4870,4870
verify,52,4,448,4988,4988
verify,52,4,449,4926,4926
verify,52,4,450,4922,4922
verify,52,4,451,4920,4920
verify,52,4,452,4908,4908
verify,52,4,453,4872,4872
verify,52,4,454,4862,4862
verify,52,4,455,4874,4874
verify,52,4,456,4970,4970
verify,52,4,457,4880,4880
verify,52,4,458,4950,4950
verify,52,4,459,4898,4898
verify,52,4,460,5002,5002
verify,52,4,461,4914,4914
verify,52,4,462,4972,4972
verify,52,4,463,4940,4940
verify,52,4,464,4926,4926
verify,52,4,465,4960,4960
verify,52,4,466,4948,4948
verify,52,4,467,4936,4936
verify,52,4,468,5046,5046
verify,52,4,469,4928,4928
verify,52,4,470,4892,4892
verify,52,4,471,4876,4876
verify,52,4,472,4926,4926
verify,52,4,473,4954,4954
verify,52,4,474,5068,5068
verify,52,4,475,4940,4940
verify,52,4,476,5032,5032
verify,52,4,477,4966,4966
verify,52,4,478,4954,4954
verify,52,4,479,4996,4996
verify,52,4,480,4928,4928
verify,52,4,481,4986,4986
verify,52,4,482,4916,4916
verify,52,4,483,4974,4974
verify,52,4,484,4956,4956
verify,52,4,485,4918,4918
verify,52,4,486,4930,4930
verify,52,4,487,4984,4984
verify,52,4,488,4950,4950
verify,52,4,489,4960,4960
verify,52,4,490,4914,4914
verify,52,4,491,4956,4956
verify,52,4,492,4956,4956
verify,52,4,493,4954,4954
verify,52,4,494,4970,4970
verify,52,4,495,4932,4932
verify,52,4,496,4916,4916
verify,52,4,497,4974,4974
verify,52,4,498,4940,4940
verify,52,4,499,4992,4992
verify,52,4,500,4974,4974
verify,52,4,501,4988,4988
verify,52,4,502,4924,4924
verify,52,4,503,4942,4942
verify,52,4,504,4906,4906
verify,52,4,505,4904,4904
verify,52,4,506,4924,4924
verify,52,4,507,4918,4918
verify,52,4,508,4960,4960
verify,52,4,509,4934,4934
verify,52,4,510,4912,4912
verify,52,4,511,4950,4950
verify,52,4,512,4948,4948
verify,52,4,513,4940,4940
verify,52,4,514,4914,4914
verify,52,4,515,4930,4930
verify,52,4,516,4946,4946
verify,52,4,517,4934,4934
verify,52,4,518,4958,4958
verify,52,4,519,4944,4944
verify,52,4,520,4946,4946
verify,52,4,521,5024,5024
verify,52,4,522,4960,4960
verify,52,4,523,4904,4904
verify,52,4,524,4908,4908
verify,52,4,525,4894,4894
verify,52,4,526,5070,5070
verify,52,4,527,4958,4958
verify,52,4,528,4996,4996
verify,52,4,529,4998,4998
verify,52,4,530,4934,4934
verify,52,4,531,4940,4940
verify,52,4,532,4894,4894
verify,52,4,533,4880,4880
verify,52,4,534,4962,4962
verify,52,4,535,4944,4944
verify,52,4,536,4968,4968
verify,52,4,537,4916,4916
verify,52,4,538,4936,4936
verify,52,4,539,4960,4960
verify,52,4,540,4932,4932
verify,52,4,541,4972,4972
verify,52,4,542,4912,4912
verify,52,4,543,4916,4916
verify,52,4,544,4922,4922
verify,52,4,545,4886,4886
verify,52,4,546,4920,4920
verify,52,4,547,4894,4894
verify,52,4,548,4874,4874
verify,52,4,549,33246,33246
verify,52,4,550,4934,4934
verify,52,4,551,5016,5016
verify,52,4,552,4958,4958
verify,52,4,553,5002,5002
verify,52,4,554,4928,4928
verify,52,4,555,4940,4940
verify,52,4,556,4924,4924
verify,52,4,557,4932,4932
verify,52,4,558,4930,4930
verify,52,4,559,4910,4910
verify,52,4,560,4916,4916
verify,52,4,561,4934,4934
verify,52,4,562,4908,4908
verify,52,4,563,4966,4966
verify,52,4,564,4952,4952
verify,52,4,565,4952,4952
verify,52,4,566,4936,4936
verify,52,4,567,4944,4944
verify,52,4,568,4918,4918
verify,52,4,569,4928,4928
verify,52,4,570,4918,4918
verify,52,4,571,4990,4990
verify,52,4,572,4926,4926
verify,52,4,573,4994,4994
verify,52,4,574,4966,4966
verify,52,4,575,4928,4928
verify,52,4,576,4878,4878
verify,52,4,577,4938,4938
verify,52,4,578,4916,4916
verify,52,4,579,4940,4940
verify,52,4,580,4936,4936
verify,52,4,581,4948,4948
verify,52,4,582,4932,4932
verify,52,4,583,4888,4888
verify,52,4,584,4914,4914
verify,52,4,585,4954,4954
verify,52,4,586,4938,4938
verify,52,4,587,4962,4962
verify,52,4,588,4960,4960
verify,52,4,589,4952,4952
verify,52,4,590,4996,4996
verify,52,4,591,4994,4994
verify,52,4,592,4984,4984
verify,52,4,593,4936,4936
verify,52,4,594,4924,4924
verify,52,4,595,4974,4974
verify,52,4,596,5016,5016
verify,52,4,597,4898,4898
verify,52,4,598,4970,4970
verify,52,4,599,4952,4952
verify,52,4,600,4902,4902
verify,52,4,601,4932,4932
verify,52,4,602,4960,4960
verify,52,4,603,4984,4984
verify,52,4,604,4944,4944
verify,52,4,605,5000,5000
verify,52,4,606,4944,4944
verify,52,4,607,4928,4928
verify,52,4,608,4940,4940
verify,52,4,609,4922,4922
verify,52,4,610,4944,4944
verify,52,4,611,4938,4938
verify,52,4,612,4916,4916
verify,52,4,613,5018,5018
verify,52,4,614,4912,4912
verify,52,4,615,4960,4960
verify,52,4,616,5006,5006
verify,52,4,617,5008,5008
verify,52,4,618,4982,4982
verify,52,4,619,4944,4944
verify,52,4,620,4890,4890
verify,52,4,621,4996,4996
verify,52,4,622,4940,4940
verify,52,4,623,4920,4920
verify,52,4,624,4984,4984
verify,52,4,625,5002,5002
verify,52,4,626,4980,4980
verify,52,4,627,4974,4974
verify,52,4,628,4978,4978
verify,52,4,629,4934,4934
verify,52,4,630,4902,4902
verify,52,4,631,4914,4914
verify,52,4,632,4968,4968
verify,52,4,633,4932,4932
verify,52,4,634,4916,4916
verify,52,4,635,4972,4972
verify,52,4,636,4898,4898
verify,52,4,637,4886,4886
verify,52,4,638,4922,4922
verify,52,4,639,4928,4928
verify,52,4,640,4932,4932
verify,52,4,641,4934,4934
verify,52,4,642,4914,4914
verify,52,4,643,4922,4922
verify,52,4,644,4912,4912
verify,52,4,645,4938,4938
verify,52,4,646,4934,4934
verify,52,4,647,4918,4918
verify,52,4,648,5000,5000
verify,52,4,649,4948,4948
verify,52,4,650,5022,5022
verify,52,4,651,4940,4940
verify,52,4,652,4946,4946
verify,52,4,653,4994,4994
verify,52,4,654,4950,4950
verify,52,4,655,4926,4926
verify,52,4,656,4950,4950
verify,52,4,657,4926,4926
verify,52,4,658,4944,4944
verify,52,4,659,4932,4932
verify,52,4,660,4928,4928
verify,52,4,661,4936,4936
verify,52,4,662,5000,5000
verify,52,4,663,4946,4946
verify,52,4,664,4938,4938
verify,52,4,665,4954,4954
verify,52,4,666,4908,4908
verify,52,4,667,4958,4958
verify,52,4,668,5008,5008
verify,52,4,669,4982,4982
verify,52,4,670,4972,4972
verify,52,4,671,4968,4968
verify,52,4,672,4958,4958
verify,52,4,673,5010,5010
verify,52,4,674,4986,4986
verify,52,4,675,4902,4902
verify,52,4,676,4896,4896
verify,52,4,677,4966,4966
verify,52,4,678,4952,4952
verify,52,4,679,5002,5002
verify,52,4,680,4924,4924
verify,52,4,681,4946,4946
verify,52,4,682,4932,4932
verify,52,4,683,4952,4952
verify,52,4,684,4890,4890
verify,52,4,685,4914,4914
verify,52,4,686,4942,4942
verify,52,4,687,4904,4904
verify,52,4,688,4914,4914
verify,52,4,689,4952,4952
verify,52,4,690,5022,5022
verify,52,4,691,4898,4898
verify,52,4,692,4922,4922
verify,52,4,693,4956,4956
verify,52,4,694,4898,4898
verify,52,4,695,4890,4890
verify,52,4,696,4974,4974
verify,52,4,697,4910,4910
verify,52,4,698,4910,4910
verify,52,4,699,4902,4902
verify,52,4,700,4952,4952
verify,52,4,701,4904,4904
verify,52,4,702,4946,4946
verify,52,4,703,4906,4906
verify,52,4,704,4938,4938
verify,52,4,705,4952,4952
verify,52,4,706,4902,4902
verify,52,4,707,4924,4924
verify,52,4,708,4890,4890
verify,52,4,709,4924,4924
verify,52,4,710,4894,4894
verify,52,4,711,4924,4924
verify,52,4,712,4930,4930
verify,52,4,713,4932,4932
verify,52,4,714,4910,4910
verify,52,4,715,4932,4932
verify,52,4,716,4956,4956
verify,52,4,717,4910,4910
verify,52,4,718,4928,4928
verify,52,4,719,4914,4914
verify,52,4,720,4886,4886
verify,52,4,721,4902,4902
verify,52,4,722,4904,4904
verify,52,4,723,4890,4890
verify,52,4,724,5012,5012
verify,52,4,725,4894,4894
verify,52,4,726,4942,4942
verify,52,4,727,4930,4930
verify,52,4,728,4974,4974
verify,52,4,729,4910,4910
verify,52,4,730,4914,4914
verify,52,4,731,4866,4866
verify,52,4,732,4966,4966
verify,52,4,733,4858,4858
verify,52,4,734,4980,4980
verify,52,4,735,4854,4854
verify,52,4,736,4924,4924
verify,52,4,737,4882,4882
verify,52,4,738,4934,4934
verify,52,4,739,4910,4910
verify,52,4,740,4840,4840
verify,52,4,741,4944,4944
verify,52,4,742,4964,4964
verify,52,4,743,4916,4916
verify,52,4,744,4906,4906
verify,52,4,745,4886,4886
verify,52,4,746,4892,4892
verify,52,4,747,4888,4888
verify,52,4,748,4890,4890
verify,52,4,749,4916,4916
verify,52,4,750,4934,4934
verify,52,4,751,4914,4914
verify,52,4,752,4938,4938
verify,52,4,753,4920,4920
verify,52,4,754,4954,4954
verify,52,4,755,4888,4888
verify,52,4,756,4930,4930
verify,52,4,757,4936,4936
verify,52,4,758,4914,4914
verify,52,4,759,4868,4868
verify,52,4,760,4952,4952
verify,52,4,761,4950,4950
verify,52,4,762,4940,4940
verify,52,4,763,4936,4936
verify,52,4,764,4998,4998
verify,52,4,765,4906,4906
verify,52,4,766,4904,4904
verify,52,4,767,4960,4960
verify,52,4,768,4892,4892
verify,52,4,769,4976,4976
verify,52,4,770,4876,4876
verify,52,4,771,4916,4916
verify,52,4,772,4854,4854
verify,52,4,773,4900,4900
verify,52,4,774,4864,4864
verify,52,4,775,4946,4946
verify,52,4,776,4952,4952
verify,52,4,777,4896,4896
verify,52,4,778,4876,4876
verify,52,4,779,4856,4856
verify,52,4,780,4854,4854
verify,52,4,781,4892,4892
verify,52,4,782,4936,4936
verify,52,4,783,4868,4868
verify,52,4,784,4966,4966
verify,52,4,785,4914,4914
verify,52,4,786,4886,4886
verify,52,4,787,4960,4960
verify,52,4,788,4858,4858
verify,52,4,789,4948,4948
verify,52,4,790,4918,4918
verify,52,4,791,4890,4890
verify,52,4,792,4968,4968
verify,52,4,793,4948,4948
verify,52,4,794,4934,4934
verify,52,4,795,4910,4910
verify,52,4,796,4988,4988
verify,52,4,797,4902,4902
verify,52,4,798,4900,4900
verify,52,4,799,4862,4862
verify,52,4,800,4870,4870
verify,52,4,801,4882,4882
verify,52,4,802,5026,5026
verify,52,4,803,4918,4918
verify,52,4,804,4866,4866
verify,52,4,805,4950,4950
verify,52,4,806,4888,4888
verify,52,4,807,4852,4852
verify,52,4,808,4960,4960
verify,52,4,809,5012,5012
verify,52,4,810,4908,4908
verify,52,4,811,4930,4930
verify,52,4,812,4942,4942
verify,52,4,813,4904,4904
verify,52,4,814,4886,4886
verify,52,4,815,4988,4988
verify,52,4,816,4876,4876
verify,52,4,817,4984,4984
verify,52,4,818,4896,4896
verify,52,4,819,4898,4898
verify,52,4,820,4936,4936
verify,52,4,821,4966,4966
verify,52,4,822,4896,4896
verify,52,4,823,4896,4896
verify,52,4,824,4904,4904
verify,52,4,825,4906,4906
verify,52,4,826,4876,4876
verify,52,4,827,4874,4874
verify,52,4,828,4896,4896
verify,52,4,829,4934,4934
verify,52,4,830,4958,4958
verify,52,4,831,4942,4942
verify,52,4,832,4894,4894
verify,52,4,833,4948,4948
verify,52,4,834,4954,4954
verify,52,4,835,4900,4900
verify,52,4,836,4936,4936
verify,52,4,837,4912,4912
verify,52,4,838,4880,4880
verify,52,4,839,4896,4896
verify,52,4,840,4876,4876
verify,52,4,841,4876,4876
verify,52,4,842,4894,4894
verify,52,4,843,4884,4884
verify,52,4,844,4892,4892
verify,52,4,845,4966,4966
verify,52,4,846,4908,4908
verify,52,4,847,4956,4956
verify,52,4,848,5000,5000
verify,52,4,849,4938,4938
verify,52,4,850,4904,4904
verify,52,4,851,4908,4908
verify,52,4,852,4950,4950
verify,52,4,853,4912,4912
verify,52,4,854,4906,4906
verify,52,4,855,4924,4924
verify,52,4,856,4882,4882
verify,52,4,857,4888,4888
verify,52,4,858,4960,4960
verify,52,4,859,4934,4934
verify,52,4,860,4940,4940
verify,52,4,861,4978,4978
verify,52,4,862,4934,4934
verify,52,4,863,4958,4958
verify,52,4,864,4928,4928
verify,52,4,865,4906,4906
verify,52,4,866,4994,4994
verify,52,4,867,4886,4886
verify,52,4,868,4924,4924
verify,52,4,869,4932,4932
verify,52,4,870,4910,4910
verify,52,4,871,4906,4906
verify,52,4,872,4952,4952
verify,52,4,873,4956,4956
verify,52,4,874,4920,4920
verify,52,4,875,4906,4906
verify,52,4,876,4958,4958
verify,52,4,877,4976,4976
verify,52,4,878,4866,4866
verify,52,4,879,4878,4878
verify,52,4,880,4888,4888
verify,52,4,881,4874,4874
verify,52,4,882,5010,5010
verify,52,4,883,4980,4980
verify,52,4,884,4916,4916
verify,52,4,885,4892,4892
verify,52,4,886,4926,4926
verify,52,4,887,4980,4980
verify,52,4,888,4860,4860
verify,52,4,889,4890,4890
verify,52,4,890,4868,4868
verify,52,4,891,4878,4878
verify,52,4,892,4938,4938
verify,52,4,893,4858,4858
verify,52,4,894,4926,4926
verify,52,4,895,4898,4898
verify,52,4,896,4974,4974
verify,52,4,897,4926,4926
verify,52,4,898,4936,4936
verify,52,4,899,4976,4976
verify,52,4,900,4902,4902
verify,52,4,901,4960,4960
verify,52,4,902,4900,4900
verify,52,4,903,4948,4948
verify,52,4,904,4866,4866
verify,52,4,905,4938,4938
verify,52,4,906,4968,4968
verify,52,4,907,4916,4916
verify,52,4,908,4982,4982
verify,52,4,909,4944,4944
verify,52,4,910,4906,4906
verify,52,4,911,4976,4976
verify,52,4,912,4908,4908
verify,52,4,913,4920,4920
verify,52,4,914,4880,4880
verify,52,4,915,4900,4900
verify,52,4,916,4876,4876
verify,52,4,917,4944,4944
verify,52,4,918,4870,4870
verify,52,4,919,4900,4900
verify,52,4,920,4874,4874
verify,52,4,921,4956,4956
verify,52,4,922,4920,4920
verify,52,4,923,4926,4926
verify,52,4,924,4934,4934
verify,52,4,925,4956,4956
verify,52,4,926,4878,4878
verify,52,4,927,4982,4982
verify,52,4,928,4902,4902
verify,52,4,929,4878,4878
verify,52,4,930,4900,4900
verify,52,4,931,4866,4866
verify,52,4,932,4940,4940
verify,52,4,933,4940,4940
verify,52,4,934,4942,4942
verify,52,4,935,4884,4884
verify,52,4,936,4922,4922
verify,52,4,937,4870,4870
verify,52,4,938,4874,4874
verify,52,4,939,4940,4940
verify,52,4,940,4906,4906
verify,52,4,941,4944,4944
verify,52,4,942,4920,4920
verify,52,4,943,4912,4912
verify,52,4,944,4946,4946
verify,52,4,945,4864,4864
verify,52,4,946,4936,4936
verify,52,4,947,4902,4902
verify,52,4,948,4886,4886
verify,52,4,949,4924,4924
verify,52,4,950,4950,4950
verify,52,4,951,4922,4922
verify,52,4,952,4978,4978
verify,52,4,953,4920,4920
verify,52,4,954,4930,4930
verify,52,4,955,4898,4898
verify,52,4,956,4962,4962
verify,52,4,957,4904,4904
verify,52,4,958,10892,10892
verify,52,4,959,5048,5048
verify,52,4,960,5048,5048
verify,52,4,961,4962,4962
verify,52,4,962,5012,5012
verify,52,4,963,4944,4944
verify,52,4,964,4968,4968
verify,52,4,965,4946,4946
verify,52,4,966,4998,4998
verify,52,4,967,4952,4952
verify,52,4,968,4918,4918
verify,52,4,969,4916,4916
verify,52,4,970,4878,4878
verify,52,4,971,4996,4996
verify,52,4,972,5036,5036
verify,52,4,973,5014,5014
verify,52,4,974,5042,5042
verify,52,4,975,4948,4948
verify,52,4,976,4980,4980
verify,52,4,977,4948,4948
verify,52,4,978,4968,4968
verify,52,4,979,4970,4970
verify,52,4,980,4956,4956
verify,52,4,981,4926,4926
verify,52,4,982,4950,4950
verify,52,4,983,4962,4962
verify,52,4,984,4946,4946
verify,52,4,985,4952,4952
verify,52,4,986,4970,4970
verify,52,4,987,4948,4948
verify,52,4,988,4914,4914
verify,52,4,989,4948,4948
verify,52,4,990,4968,4968
verify,52,4,991,4918,4918
verify,52,4,992,4912,4912
verify,52,4,993,4942,4942
verify,52,4,994,4916,4916
verify,52,4,995,4974,4974
verify,52,4,996,4970,4970
verify,52,4,997,5020,5020
verify,52,4,998,5044,5044
verify,52,4,999,5106,5106
verify,52,4,1000,5000,5000
verify,52,4,1001,4978,4978
verify,52,4,1002,4994,4994
verify,52,4,1003,4998,4998
verify,52,4,1004,4994,4994
verify,52,4,1005,5014,5014
verify,52,4,1006,4990,4990
verify,52,4,1007,5042,5042
verify,52,4,1008,4984,4984
verify,52,4,1009,4976,4976
verify,52,4,1010,4984,4984
verify,52,4,1011,4950,4950
verify,52,4,1012,4968,4968
verify,52,4,1013,4912,4912
verify,52,4,1014,4922,4922
verify,52,4,1015,5014,5014
verify,52,4,1016,4930,4930
verify,52,4,1017,4936,4936
verify,52,4,1018,5004,5004
verify,52,4,1019,4938,4938
verify,52,4,1020,5010,5010
verify,52,4,1021,4926,4926
verify,52,4,1022,5004,5004
verify,52,4,1023,4926,4926
verify,52,4,1024,5004,5004
verify,52,4,1025,4966,4966
verify,52,4,1026,4930,4930
verify,52,4,1027,4934,4934
verify,52,4,1028,4946,4946
verify,52,4,1029,4882,4882
verify,52,4,1030,4988,4988
verify,52,4,1031,4976,4976
verify,52,4,1032,4946,4946
verify,52,4,1033,4990,4990
verify,52,4,1034,4936,4936
verify,52,4,1035,4940,4940
verify,52,4,1036,4976,4976
verify,52,4,1037,4924,4924
verify,52,4,1038,5002,5002
verify,52,4,1039,4950,4950
verify,52,4,1040,4932,4932
verify,52,4,1041,4946,4946
verify,52,4,1042,4928,4928
verify,52,4,1043,5026,5026
verify,52,4,1044,4942,4942
verify,52,4,1045,4934,4934
verify,52,4,1046,4974,4974
verify,52,4,1047,4944,4944
verify,52,4,1048,4934,4934
verify,52,4,1049,4884,4884
verify,52,4,1050,4914,4914
verify,52,4,1051,4920,4920
verify,52,4,1052,4944,4944
verify,52,4,1053,4926,4926
verify,52,4,1054,4936,4936
verify,52,4,1055,4916,4916
verify,52,4,1056,4996,4996
verify,52,4,1057,4960,4960
verify,52,4,1058,4956,4956
verify,52,4,1059,4958,4958
verify,52,4,1060,4950,4950
verify,52,4,1061,4970,4970
verify,52,4,1062,5022,5022
verify,52,4,1063,4980,4980
verify,52,4,1064,4972,4972
verify,52,4,1065,4936,4936
verify,52,4,1066,4916,4916
verify,52,4,1067,4930,4930
verify,52,4,1068,4900,4900
verify,52,4,1069,4954,4954
verify,52,4,1070,4910,4910
verify,52,4,1071,4936,4936
verify,52,4,1072,4946,4946
verify,52,4,1073,4936,4936
verify,52,4,1074,4974,4974
verify,52,4,1075,4920,4920
verify,52,4,1076,4918,4918
verify,52,4,1077,4922,4922
verify,52,4,1078,4956,4956
verify,52,4,1079,5038,5038
verify,52,4,1080,4914,4914
verify,52,4,1081,4916,4916
verify,52,4,1082,4972,4972
verify,52,4,1083,4948,4948
verify,52,4,1084,4964,4964
verify,52,4,1085,4934,4934
verify,52,4,1086,4914,4914
verify,52,4,1087,4922,4922
verify,52,4,1088,5110,5110
verify,52,4,1089,4972,4972
verify,52,4,1090,4994,4994
verify,52,4,1091,4930,4930
verify,52,4,1092,4974,4974
verify,52,4,1093,4952,4952
verify,52,4,1094,4942,4942
verify,52,4,1095,4920,4920
verify,52,4,1096,4942,4942
verify,52,4,1097,5024,5024
verify,52,4,1098,4980,4980
verify,52,4,1099,4950,4950
verify,52,4,1100,4918,4918
verify,52,4,1101,4930,4930
verify,52,4,1102,4930,4930
verify,52,4,1103,4974,4974
verify,52,4,1104,4932,4932
verify,52,4,1105,4942,4942
verify,52,4,1106,4944,4944
verify,52,4,1107,4904,4904
verify,52,4,1108,4896,4896
verify,52,4,1109,4936,4936
verify,52,4,1110,4972,4972
verify,52,4,1111,4976,4976
verify,52,4,1112,5002,5002
verify,52,4,1113,4960,4960
verify,52,4,1114,4970,4970
verify,52,4,1115,4938,4938
verify,52,4,1116,4960,4960
verify,52,4,1117,4942,4942
verify,52,4,1118,4984,4984
verify,52,4,1119,4904,4904
verify,52,4,1120,4918,4918
verify,52,4,1121,4926,4926
verify,52,4,1122,4910,4910
verify,52,4,1123,4932,4932
verify,52,4,1124,4938,4938
verify,52,4,1125,5048,5048
verify,52,4,1126,4982,4982
verify,52,4,1127,4980,4980
verify,52,4,1128,5008,5008
verify,52,4,1129,4966,4966
verify,52,4,1130,4948,4948
verify,52,4,1131,4946,4946
verify,52,4,1132,4956,4956
verify,52,4,1133,5000,5000
verify,52,4,1134,4932,4932
verify,52,4,1135,4922,4922
verify,52,4,1136,4980,4980
verify,52,4,1137,4934,4934
verify,52,4,1138,4954,4954
verify,52,4,1139,4918,4918
verify,52,4,1140,4924,4924
verify,52,4,1141,4952,4952
verify,52,4,1142,4892,4892
verify,52,4,1143,4962,4962
verify,52,4,1144,5032,5032
verify,52,4,1145,4942,4942
verify,52,4,1146,4900,4900
verify,52,4,1147,4990,4990
verify,52,4,1148,4906,4906
verify,52,4,1149,4924,4924
verify,52,4,1150,4996,4996
verify,52,4,1151,4948,4948
verify,52,4,1152,4960,4960
verify,52,4,1153,4986,4986
verify,52,4,1154,4956,4956
verify,52,4,1155,4960,4960
verify,52,4,1156,4944,4944
verify,52,4,1157,4940,4940
verify,52,4,1158,4892,4892
verify,52,4,1159,4974,4974
verify,52,4,1160,4926,4926
verify,52,4,1161,4926,4926
verify,52,4,1162,4892,4892
verify,52,4,1163,4942,4942
verify,52,4,1164,4960,4960
verify,52,4,1165,4920,4920
verify,52,4,1166,4874,4874
verify,52,4,1167,4942,4942
verify,52,4,1168,4892,4892
verify,52,4,1169,4956,4956
verify,52,4,1170,4952,4952
verify,52,4,1171,4906,4906
verify,52,4,1172,4956,4956
verify,52,4,1173,4950,4950
verify,52,4,1174,4974,4974
verify,52,4,1175,4918,4918
verify,52,4,1176,4858,4858
verify,52,4,1177,5024,5024
verify,52,4,1178,4904,4904
verify,52,4,1179,4944,4944
verify,52,4,1180,4898,4898
verify,52,4,1181,4944,4944
verify,52,4,1182,4896,4896
verify,52,4,1183,4978,4978
verify,52,4,1184,4894,4894
verify,52,4,1185,4914,4914
verify,52,4,1186,4888,4888
verify,52,4,1187,5018,5018
verify,52,4,1188,4896,4896
verify,52,4,1189,4966,4966
verify,52,4,1190,4900,4900
verify,52,4,1191,4910,4910
verify,52,4,1192,4902,4902
verify,52,4,1193,5014,5014
verify,52,4,1194,4882,4882
verify,52,4,1195,4896,4896
verify,52,4,1196,4864,4864
verify,52,4,1197,4902,4902
verify,52,4,1198,4918,4918
verify,52,4,1199,4962,4962
verify,52,4,1200,4916,4916
verify,52,4,1201,4924,4924
verify,52,4,1202,4908,4908
verify,52,4,1203,4948,4948
verify,52,4,1204,4928,4928
verify,52,4,1205,4880,4880
verify,52,4,1206,4896,4896
verify,52,4,1207,4996,4996
verify,52,4,1208,4906,4906
verify,52,4,1209,4956,4956
verify,52,4,1210,4970,4970
verify,52,4,1211,4996,4996
verify,52,4,1212,4938,4938
verify,52,4,1213,4918,4918
verify,52,4,1214,4922,4922
verify,52,4,1215,4872,4872
verify,52,4,1216,4908,4908
verify,52,4,1217,4952,4952
verify,52,4,1218,4906,4906
verify,52,4,1219,4884,4884
verify,52,4,1220,4966,4966
verify,52,4,1221,4948,4948
verify,52,4,1222,4922,4922
verify,52,4,1223,4916,4916
verify,52,4,1224,4982,4982
verify,52,4,1225,4946,4946
verify,52,4,1226,4982,4982
verify,52,4,1227,4898,4898
verify,52,4,1228,4902,4902
verify,52,4,1229,4960,4960
verify,52,4,1230,4920,4920
verify,52,4,1231,4914,4914
verify,52,4,1232,4948,4948
verify,52,4,1233,4888,4888
verify,52,4,1234,4922,4922
verify,52,4,1235,4980,4980
verify,52,4,1236,4882,4882
verify,52,4,1237,4924,4924
verify,52,4,1238,5006,5006
verify,52,4,1239,4930,4930
verify,52,4,1240,4942,4942
verify,52,4,1241,4894,4894
verify,52,4,1242,4948,4948
verify,52,4,1243,4970,4970
verify,52,4,1244,4896,4896
verify,52,4,1245,4902,4902
verify,52,4,1246,4978,4978
verify,52,4,1247,4936,4936
verify,52,4,1248,4872,4872
verify,52,4,1249,4940,4940
verify,52,4,1250,4922,4922
verify,52,4,1251,4878,4878
verify,52,4,1252,4904,4904
verify,52,4,1253,4924,4924
verify,52,4,1254,4958,4958
verify,52,4,1255,4954,4954
verify,52,4,1256,4962,4962
verify,52,4,1257,4922,4922
verify,52,4,1258,4914,4914
verify,52,4,1259,4872,4872
verify,52,4,1260,4896,4896
verify,52,4,1261,4930,4930
verify,52,4,1262,4920,4920
verify,52,4,1263,4896,4896
verify,52,4,1264,4894,4894
verify,52,4,1265,4892,4892
verify,52,4,1266,4900,4900
verify,52,4,1267,4930,4930
verify,52,4,1268,4954,4954
verify,52,4,1269,4914,4914
verify,52,4,1270,4912,4912
verify,52,4,1271,4952,4952
verify,52,4,1272,4894,4894
verify,52,4,1273,4954,4954
verify,52,4,1274,4848,4848
verify,52,4,1275,4940,4940
verify,52,4,1276,4882,4882
verify,52,4,1277,4880,4880
verify,52,4,1278,4902,4902
verify,52,4,1279,5080,5080
verify,52,4,1280,4890,4890
verify,52,4,1281,4936,4936
verify,52,4,1282,4930,4930
verify,52,4,1283,4944,4944
verify,52,4,1284,4904,4904
verify,52,4,1285,4954,4954
verify,52,4,1286,4894,4894
verify,52,4,1287,4948,4948
verify,52,4,1288,4930,4930
verify,52,4,1289,4876,4876
verify,52,4,1290,4882,4882
verify,52,4,1291,4978,4978
verify,52,4,1292,4898,4898
verify,52,4,1293,4866,4866
verify,52,4,1294,4968,4968
verify,52,4,1295,4920,4920
verify,52,4,1296,4906,4906
verify,52,4,1297,4948,4948
verify,52,4,1298,4928,4928
verify,52,4,1299,4892,4892
verify,52,4,1300,4894,4894
verify,52,4,1301,4878,4878
verify,52,4,1302,4944,4944
verify,52,4,1303,4914,4914
verify,52,4,1304,4968,4968
verify,52,4,1305,4956,4956
verify,52,4,1306,4942,4942
verify,52,4,1307,4912,4912
verify,52,4,1308,4934,4934
verify,52,4,1309,4938,4938
verify,52,4,1310,4940,4940
verify,52,4,1311,4884,4884
verify,52,4,1312,4920,4920
verify,52,4,1313,4868,4868
verify,52,4,1314,4914,4914
verify,52,4,1315,5010,5010
verify,52,4,1316,4884,4884
verify,52,4,1317,4944,4944
verify,52,4,1318,4964,4964
verify,52,4,1319,4942,4942
verify,52,4,1320,4980,4980
verify,52,4,1321,4904,4904
verify,52,4,1322,4918,4918
verify,52,4,1323,4916,4916
verify,52,4,1324,4900,4900
verify,52,4,1325,4890,4890
verify,52,4,1326,4938,4938
verify,52,4,1327,4922,4922
verify,52,4,1328,4956,4956
verify,52,4,1329,4926,4926
verify,52,4,1330,4918,4918
verify,52,4,1331,4882,4882
verify,52,4,1332,4912,4912
verify,52,4,1333,4946,4946
verify,52,4,1334,4958,4958
verify,52,4,1335,4920,4920
verify,52,4,1336,4940,4940
verify,52,4,1337,4930,4930
verify,52,4,1338,4924,4924
verify,52,4,1339,4888,4888
verify,52,4,1340,4966,4966
verify,52,4,1341,4914,4914
verify,52,4,1342,4912,4912
verify,52,4,1343,4934,4934
verify,52,4,1344,4962,4962
verify,52,4,1345,4930,4930
verify,52,4,1346,4898,4898
verify,52,4,1347,4970,4970
verify,52,4,1348,4886,4886
verify,52,4,1349,4870,4870
verify,52,4,1350,4952,4952
verify,52,4,1351,4886,4886
verify,52,4,1352,4990,4990
verify,52,4,1353,4878,4878
verify,52,4,1354,4910,4910
verify,52,4,1355,4854,4854
verify,52,4,1356,4890,4890
verify,52,4,1357,4922,4922
verify,52,4,1358,4912,4912
verify,52,4,1359,4946,4946
verify,52,4,1360,4950,4950
verify,52,4,1361,4858,4858
verify,52,4,1362,4892,4892
verify,52,4,1363,4910,4910
verify,52,4,1364,4914,4914
verify,52,4,1365,4882,4882
verify,52,4,1366,10542,10542
verify,52,4,1367,4972,4972
verify,52,4,1368,4994,4994
verify,52,4,1369,4964,4964
verify,52,4,1370,4944,4944
verify,52,4,1371,5004,5004
verify,52,4,1372,4964,4964
verify,52,4,1373,4906,4906
verify,52,4,1374,4996,4996
verify,52,4,1375,4958,4958
verify,52,4,1376,4910,4910
verify,52,4,1377,4996,4996
verify,52,4,1378,4956,4956
verify,52,4,1379,4946,4946
verify,52,4,1380,4936,4936
verify,52,4,1381,4932,4932
verify,52,4,1382,4944,4944
verify,52,4,1383,5070,5070
verify,52,4,1384,5108,5108
verify,52,4,1385,4940,4940
verify,52,4,1386,4944,4944
verify,52,4,1387,4928,4928
verify,52,4,1388,4936,4936
verify,52,4,1389,4952,4952
verify,52,4,1390,4916,4916
verify,52,4,1391,5006,5006
verify,52,4,1392,4928,4928
verify,52,4,1393,4936,4936
verify,52,4,1394,4966,4966
verify,52,4,1395,4950,4950
verify,52,4,1396,4952,4952
verify,52,4,1397,4958,4958
verify,52,4,1398,4996,4996
verify,52,4,1399,4976,4976
verify,52,4,1400,4970,4970
verify,52,4,1401,4932,4932
verify,52,4,1402,4950,4950
verify,52,4,1403,4984,4984
verify,52,4,1404,4968,4968
verify,52,4,1405,4998,4998
verify,52,4,1406,4934,4934
verify,52,4,1407,4974,4974
verify,52,4,1408,4906,4906
verify,52,4,1409,5124,5124
verify,52,4,1410,4924,4924
verify,52,4,1411,4956,4956
verify,52,4,1412,4910,4910
verify,52,4,1413,4968,4968
verify,52,4,1414,4950,4950
verify,52,4,1415,4904,4904
verify,52,4,1416,4902,4902
verify,52,4,1417,4940,4940
verify,52,4,1418,4980,4980
verify,52,4,1419,4994,4994
verify,52,4,1420,4922,4922
verify,52,4,1421,5010,5010
verify,52,4,1422,4986,4986
verify,52,4,1423,4958,4958
verify,52,4,1424,4970,4970
verify,52,4,1425,4998,4998
verify,52,4,1426,4938,4938
verify,52,4,1427,4918,4918
verify,52,4,1428,4924,4924
verify,52,4,1429,4960,4960
verify,52,4,1430,4920,4920
verify,52,4,1431,4950,4950
verify,52,4,1432,4962,4962
verify,52,4,1433,4956,4956
verify,52,4,1434,4966,4966
verify,52,4,1435,4944,4944
verify,52,4,1436,4962,4962
verify,52,4,1437,4980,4980
verify,52,4,1438,4916,4916
verify,52,4,1439,4958,4958
verify,52,4,1440,4922,4922
verify,52,4,1441,4934,4934
verify,52,4,1442,4988,4988
verify,52,4,1443,4944,4944
verify,52,4,1444,4912,4912
verify,52,4,1445,4972,4972
verify,52,4,1446,4970,4970
verify,52,4,1447,4958,4958
verify,52,4,1448,4978,4978
verify,52,4,1449,4966,4966
verify,52,4,1450,4934,4934
verify,52,4,1451,4944,4944
verify,52,4,1452,4936,4936
verify,52,4,1453,4968,4968
verify,52,4,1454,4900,4900
verify,52,4,1455,4992,4992
verify,52,4,1456,4986,4986
verify,52,4,1457,4982,4982
verify,52,4,1458,4932,4932
verify,52,4,1459,4958,4958
verify,52,4,1460,4970,4970
verify,52,4,1461,4958,4958
verify,52,4,1462,4940,4940
verify,52,4,1463,4996,4996
verify,52,4,1464,4946,4946
verify,52,4,1465,4974,4974
verify,52,4,1466,4974,4974
verify,52,4,1467,4988,4988
verify,52,4,1468,4966,4966
verify,52,4,1469,4998,4998
verify,52,4,1470,4934,4934
verify,52,4,1471,5106,5106
verify,52,4,1472,4980,4980
verify,52,4,1473,4994,4994
verify,52,4,1474,4926,4926
verify,52,4,1475,4904,4904
verify,52,4,1476,4936,4936
verify,52,4,1477,4948,4948
verify,52,4,1478,4924,4924
verify,52,4,1479,4910,4910
verify,52,4,1480,4996,4996
verify,52,4,1481,4952,4952
verify,52,4,1482,4990,4990
verify,52,4,1483,4942,4942
verify,52,4,1484,5044,5044
verify,52,4,1485,5066,5066
verify,52,4,1486,4942,4942
verify,52,4,1487,4910,4910
verify,52,4,1488,4992,4992
verify,52,4,1489,4938,4938
verify,52,4,1490,4928,4928
verify,52,4,1491,4946,4946
verify,52,4,1492,4914,4914
verify,52,4,1493,4974,4974
verify,52,4,1494,4932,4932
verify,52,4,1495,4928,4928
verify,52,4,1496,4970,4970
verify,52,4,1497,4920,4920
verify,52,4,1498,5018,5018
verify,52,4,1499,4920,4920
verify,52,4,1500,4926,4926
verify,52,4,1501,4940,4940
verify,52,4,1502,5006,5006
verify,52,4,1503,4938,4938
verify,52,4,1504,4930,4930
verify,52,4,1505,4934,4934
verify,52,4,1506,4900,4900
verify,52,4,1507,4924,4924
verify,52,4,1508,4944,4944
verify,52,4,1509,4914,4914
verify,52,4,1510,4922,4922
verify,52,4,1511,4890,4890
verify,52,4,1512,4980,4980
verify,52,4,1513,4934,4934
verify,52,4,1514,4934,4934
verify,52,4,1515,4896,4896
verify,52,4,1516,4940,4940
verify,52,4,1517,4966,4966
verify,52,4,1518,4942,4942
verify,52,4,1519,4920,4920
verify,52,4,1520,4956,4956
verify,52,4,1521,4950,4950
verify,52,4,1522,4960,4960
verify,52,4,1523,4974,4974
verify,52,4,1524,4930,4930
verify,52,4,1525,4932,4932
verify,52,4,1526,4952,4952
verify,52,4,1527,4944,4944
verify,52,4,1528,4904,4904
verify,52,4,1529,4954,4954
verify,52,4,1530,4938,4938
verify,52,4,1531,4920,4920
verify,52,4,1532,4916,4916
verify,52,4,1533,4954,4954
verify,52,4,1534,4968,4968
verify,52,4,1535,4970,4970
verify,52,4,1536,4944,4944
verify,52,4,1537,4986,4986
verify,52,4,1538,4970,4970
verify,52,4,1539,4920,4920
verify,52,4,1540,4908,4908
verify,52,4,1541,4912,4912
verify,52,4,1542,4922,4922
verify,52,4,1543,5010,5010
verify,52,4,1544,4910,4910
verify,52,4,1545,4908,4908
verify,52,4,1546,4940,4940
verify,52,4,1547,4906,4906
verify,52,4,1548,4932,4932
verify,52,4,1549,4922,4922
verify,52,4,1550,4936,4936
verify,52,4,1551,4970,4970
verify,52,4,1552,4894,4894
verify,52,4,1553,5046,5046
verify,52,4,1554,4920,4920
verify,52,4,1555,4966,4966
verify,52,4,1556,4960,4960
verify,52,4,1557,4890,4890
verify,52,4,1558,4914,4914
verify,52,4,1559,4888,4888
verify,52,4,1560,5010,5010
verify,52,4,1561,4934,4934
verify,52,4,1562,4930,4930
verify,52,4,1563,4990,4990
verify,52,4,1564,4964,4964
verify,52,4,1565,4930,4930
verify,52,4,1566,4918,4918
verify,52,4,1567,4976,4976
verify,52,4,1568,4974,4974
verify,52,4,1569,4940,4940
verify,52,4,1570,4924,4924
verify,52,4,1571,4940,4940
verify,52,4,1572,4920,4920
verify,52,4,1573,4928,4928
verify,52,4,1574,4898,4898
verify,52,4,1575,4976,4976
verify,52,4,1576,4928,4928
verify,52,4,1577,5030,5030
verify,52,4,1578,4950,4950
verify,52,4,1579,4958,4958
verify,52,4,1580,4928,4928
verify,52,4,1581,4924,4924
verify,52,4,1582,4902,4902
verify,52,4,1583,4912,4912
verify,52,4,1584,4906,4906
verify,52,4,1585,4962,4962
verify,52,4,1586,4942,4942
verify,52,4,1587,4924,4924
verify,52,4,1588,4984,4984
verify,52,4,1589,4968,4968
verify,52,4,1590,4934,4934
verify,52,4,1591,4924,4924
verify,52,4,1592,4950,4950
verify,52,4,1593,4886,4886
verify,52,4,1594,4924,4924
verify,52,4,1595,4966,4966
verify,52,4,1596,4916,4916
verify,52,4,1597,4944,4944
verify,52,4,1598,4958,4958
verify,52,4,1599,4924,4924
verify,52,4,1600,4924,4924
verify,52,4,1601,4956,4956
verify,52,4,1602,4944,4944
verify,52,4,1603,4966,4966
verify,52,4,1604,4930,4930
verify,52,4,1605,4860,4860
verify,52,4,1606,4914,4914
verify,52,4,1607,4910,4910
verify,52,4,1608,4998,4998
verify,52,4,1609,4944,4944
verify,52,4,1610,4920,4920
verify,52,4,1611,5006,5006
verify,52,4,1612,4962,4962
verify,52,4,1613,5004,5004
verify,52,4,1614,4948,4948
verify,52,4,1615,4930,4930
verify,52,4,1616,4938,4938
verify,52,4,1617,4970,4970
verify,52,4,1618,4952,4952
verify,52,4,1619,4950,4950
verify,52,4,1620,4916,4916
verify,52,4,1621,4936,4936
verify,52,4,1622,4892,4892
verify,52,4,1623,4992,4992
verify,52,4,1624,4928,4928
verify,52,4,1625,4964,4964
verify,52,4,1626,4968,4968
verify,52,4,1627,4926,4926
verify,52,4,1628,4936,4936
verify,52,4,1629,4954,4954
verify,52,4,1630,4928,4928
verify,52,4,1631,4922,4922
verify,52,4,1632,4952,4952
verify,52,4,1633,5038,5038
verify,52,4,1634,4906,4906
verify,52,4,1635,4950,4950
verify,52,4,1636,4934,4934
verify,52,4,1637,4938,4938
verify,52,4,1638,4952,4952
verify,52,4,1639,4924,4924
verify,52,4,1640,4906,4906
verify,52,4,1641,4940,4940
verify,52,4,1642,4914,4914
verify,52,4,1643,4958,4958
verify,52,4,1644,4906,4906
verify,52,4,1645,4916,4916
verify,52,4,1646,4962,4962
verify,52,4,1647,4980,4980
verify,52,4,1648,4960,4960
verify,52,4,1649,4934,4934
verify,52,4,1650,4946,4946
verify,52,4,1651,4978,4978
verify,52,4,1652,5016,5016
verify,52,4,1653,4998,4998
verify,52,4,1654,4936,4936
verify,52,4,1655,4996,4996
verify,52,4,1656,4946,4946
verify,52,4,1657,4956,4956
verify,52,4,1658,4922,4922
verify,52,4,1659,4934,4934
verify,52,4,1660,4956,4956
verify,52,4,1661,4914,4914
verify,52,4,1662,4896,4896
verify,52,4,1663,4928,4928
verify,52,4,1664,4962,4962
verify,52,4,1665,4888,4888
verify,52,4,1666,4952,4952
verify,52,4,1667,4944,4944
verify,52,4,1668,4932,4932
verify,52,4,1669,4904,4904
verify,52,4,1670,4962,4962
verify,52,4,1671,4950,4950
verify,52,4,1672,4944,4944
verify,52,4,1673,4908,4908
verify,52,4,1674,4946,4946
verify,52,4,1675,4926,4926
verify,52,4,1676,5002,5002
verify,52,4,1677,4972,4972
verify,52,4,1678,4984,4984
verify,52,4,1679,4948,4948
verify,52,4,1680,4952,4952
verify,52,4,1681,4952,4952
verify,52,4,1682,4986,4986
verify,52,4,1683,4922,4922
verify,52,4,1684,5030,5030
verify,52,4,1685,4912,4912
verify,52,4,1686,4936,4936
verify,52,4,1687,4942,4942
verify,52,4,1688,4984,4984
verify,52,4,1689,4926,4926
verify,52,4,1690,4946,4946
verify,52,4,1691,4956,4956
verify,52,4,1692,4916,4916
verify,52,4,1693,4918,4918
verify,52,4,1694,4988,4988
verify,52,4,1695,4942,4942
verify,52,4,1696,4890,4890
verify,52,4,1697,4934,4934
verify,52,4,1698,4908,4908
verify,52,4,1699,4926,4926
verify,52,4,1700,4936,4936
verify,52,4,1701,4942,4942
verify,52,4,1702,4926,4926
verify,52,4,1703,4954,4954
verify,52,4,1704,4948,4948
verify,52,4,1705,4960,4960
verify,52,4,1706,4942,4942
verify,52,4,1707,5034,5034
verify,52,4,1708,4902,4902
verify,52,4,1709,4952,4952
verify,52,4,1710,5010,5010
verify,52,4,1711,4922,4922
verify,52,4,1712,4968,4968
verify,52,4,1713,4964,4964
verify,52,4,1714,4972,4972
verify,52,4,1715,4918,4918
verify,52,4,1716,4956,4956
verify,52,4,1717,4938,4938
verify,52,4,1718,5008,5008
verify,52,4,1719,4972,4972
verify,52,4,1720,4976,4976
verify,52,4,1721,4948,4948
verify,52,4,1722,4930,4930
verify,52,4,1723,4938,4938
verify,52,4,1724,4986,4986
verify,52,4,1725,4958,4958
verify,52,4,1726,4968,4968
verify,52,4,1727,4924,4924
verify,52,4,1728,4930,4930
verify,52,4,1729,4984,4984
verify,52,4,1730,4968,4968
verify,52,4,1731,4900,4900
verify,52,4,1732,4940,4940
verify,52,4,1733,4956,4956
verify,52,4,1734,4912,4912
verify,52,4,1735,4870,4870
verify,52,4,1736,4918,4918
verify,52,4,1737,5000,5000
verify,52,4,1738,4896,4896
verify,52,4,1739,4968,4968
verify,52,4,1740,4922,4922
verify,52,4,1741,4904,4904
verify,52,4,1742,4946,4946
verify,52,4,1743,4912,4912
verify,52,4,1744,4972,4972
verify,52,4,1745,4982,4982
verify,52,4,1746,4972,4972
verify,52,4,1747,4940,4940
verify,52,4,1748,4918,4918
verify,52,4,1749,4892,4892
verify,52,4,1750,4892,4892
verify,52,4,1751,4912,4912
verify,52,4,1752,4906,4906
verify,52,4,1753,4976,4976
verify,52,4,1754,4922,4922
verify,52,4,1755,4954,4954
verify,52,4,1756,4982,4982
verify,52,4,1757,4930,4930
verify,52,4,1758,4988,4988
verify,52,4,1759,4960,4960
verify,52,4,1760,4944,4944
verify,52,4,1761,4898,4898
verify,52,4,1762,4930,4930
verify,52,4,1763,4914,4914
verify,52,4,1764,4910,4910
verify,52,4,1765,4862,4862
verify,52,4,1766,4970,4970
verify,52,4,1767,4996,4996
verify,52,4,1768,4934,4934
verify,52,4,1769,4902,4902
verify,52,4,1770,5100,5100
verify,52,4,1771,5000,5000
verify,52,4,1772,4912,4912
verify,52,4,1773,4912,4912
verify,52,4,1774,4862,4862
verify,52,4,1775,4962,4962
verify,52,4,1776,10664,10664
verify,52,4,1777,4946,4946
verify,52,4,1778,4958,4958
verify,52,4,1779,4996,4996
verify,52,4,1780,4978,4978
verify,52,4,1781,4928,4928
verify,52,4,1782,4948,4948
verify,52,4,1783,4908,4908
verify,52,4,1784,4990,4990
verify,52,4,1785,4950,4950
verify,52,4,1786,5040,5040
verify,52,4,1787,4934,4934
verify,52,4,1788,4936,4936
verify,52,4,1789,4978,4978
verify,52,4,1790,4980,4980
verify,52,4,1791,4966,4966
verify,52,4,1792,4962,4962
verify,52,4,1793,4978,4978
verify,52,4,1794,4948,4948
verify,52,4,1795,4970,4970
verify,52,4,1796,4966,4966
verify,52,4,1797,4978,4978
verify,52,4,1798,4924,4924
verify,52,4,1799,5002,5002
verify,52,4,1800,4956,4956
verify,52,4,1801,5062,5062
verify,52,4,1802,4914,4914
verify,52,4,1803,4976,4976
verify,52,4,1804,4954,4954
verify,52,4,1805,4980,4980
verify,52,4,1806,4960,4960
verify,52,4,1807,5018,5018
verify,52,4,1808,4992,4992
verify,52,4,1809,4936,4936
verify,52,4,1810,4926,4926
verify,52,4,1811,4920,4920
verify,52,4,1812,4920,4920
verify,52,4,1813,4914,4914
verify,52,4,1814,4906,4906
verify,52,4,1815,4936,4936
verify,52,4,1816,5008,5008
verify,52,4,1817,4956,4956
verify,52,4,1818,4936,4936
verify,52,4,1819,4940,4940
verify,52,4,1820,5058,5058
verify,52,4,1821,4972,4972
verify,52,4,1822,5000,5000
verify,52,4,1823,4920,4920
verify,52,4,1824,4996,4996
verify,52,4,1825,4930,4930
verify,52,4,1826,4926,4926
verify,52,4,1827,4998,4998
verify,52,4,1828,4992,4992
verify,52,4,1829,4922,4922
verify,52,4,1830,4922,4922
verify,52,4,1831,4992,4992
verify,52,4,1832,4916,4916
verify,52,4,1833,4958,4958
verify,52,4,1834,4912,4912
verify,52,4,1835,4926,4926
verify,52,4,1836,4938,4938
verify,52,4,1837,4998,4998
verify,52,4,1838,4954,4954
verify,52,4,1839,4898,4898
verify,52,4,1840,4956,4956
verify,52,4,1841,4946,4946
verify,52,4,1842,4920,4920
verify,52,4,1843,4930,4930
verify,52,4,1844,4932,4932
verify,52,4,1845,4958,4958
verify,52,4,1846,4936,4936
verify,52,4,1847,4980,4980
verify,52,4,1848,4952,4952
verify,52,4,1849,5008,5008
verify,52,4,1850,4946,4946
verify,52,4,1851,4936,4936
verify,52,4,1852,4978,4978
verify,52,4,1853,4942,4942
verify,52,4,1854,4922,4922
verify,52,4,1855,4954,4954
verify,52,4,1856,4946,4946
verify,52,4,1857,5012,5012
verify,52,4,1858,4914,4914
verify,52,4,1859,5032,5032
verify,52,4,1860,4962,4962
verify,52,4,1861,4956,4956
verify,52,4,1862,4908,4908
verify,52,4,1863,4974,4974
verify,52,4,1864,4944,4944
verify,52,4,1865,4900,4900
verify,52,4,1866,4930,4930
verify,52,4,1867,4940,4940
verify,52,4,1868,5020,5020
verify,52,4,1869,4968,4968
verify,52,4,1870,4984,4984
verify,52,4,1871,4992,4992
verify,52,4,1872,4980,4980
verify,52,4,1873,4930,4930
verify,52,4,1874,5000,5000
verify,52,4,1875,4988,4988
verify,52,4,1876,4922,4922
verify,52,4,1877,4992,4992
verify,52,4,1878,4944,4944
verify,52,4,1879,4918,4918
verify,52,4,1880,4976,4976
verify,52,4,1881,4960,4960
verify,52,4,1882,4984,4984
verify,52,4,1883,4960,4960
verify,52,4,1884,4962,4962
verify,52,4,1885,5036,5036
verify,52,4,1886,4958,4958
verify,52,4,1887,4910,4910
verify,52,4,1888,4922,4922
verify,52,4,1889,4910,4910
verify,52,4,1890,4874,4874
verify,52,4,1891,4992,4992
verify,52,4,1892,4898,4898
verify,52,4,1893,4958,4958
verify,52,4,1894,4982,4982
verify,52,4,1895,4958,4958
verify,52,4,1896,4934,4934
verify,52,4,1897,5040,5040
verify,52,4,1898,5026,5026
verify,52,4,1899,4926,4926
verify,52,4,1900,4950,4950
verify,52,4,1901,4970,4970
verify,52,4,1902,4914,4914
verify,52,4,1903,4974,4974
verify,52,4,1904,4964,4964
verify,52,4,1905,4984,4984
verify,52,4,1906,4944,4944
verify,52,4,1907,4962,4962
verify,52,4,1908,4952,4952
verify,52,4,1909,4962,4962
verify,52,4,1910,4996,4996
verify,52,4,1911,4988,4988
verify,52,4,1912,4952,4952
verify,52,4,1913,4956,4956
verify,52,4,1914,5056,5056
verify,52,4,1915,4932,4932
verify,52,4,1916,4932,4932
verify,52,4,1917,4892,4892
verify,52,4,1918,4928,4928
verify,52,4,1919,4902,4902
verify,52,4,1920,4970,4970
verify,52,4,1921,4908,4908
verify,52,4,1922,4898,4898
verify,52,4,1923,4902,4902
verify,52,4,1924,4922,4922
verify,52,4,1925,4956,4956
verify,52,4,1926,4962,4962
verify,52,4,1927,4916,4916
verify,52,4,1928,4860,4860
verify,52,4,1929,4870,4870
verify,52,4,1930,4938,4938
verify,52,4,1931,4902,4902
verify,52,4,1932,4924,4924
verify,52,4,1933,4920,4920
verify,52,4,1934,4892,4892
verify,52,4,1935,4918,4918
verify,52,4,1936,4892,4892
verify,52,4,1937,4954,4954
verify,52,4,1938,4908,4908
verify,52,4,1939,4880,4880
verify,52,4,1940,4946,4946
verify,52,4,1941,4904,4904
verify,52,4,1942,4952,4952
verify,52,4,1943,4908,4908
verify,52,4,1944,4928,4928
verify,52,4,1945,4892,4892
verify,52,4,1946,4974,4974
verify,52,4,1947,4980,4980
verify,52,4,1948,4880,4880
verify,52,4,1949,4882,4882
verify,52,4,1950,4908,4908
verify,52,4,1951,4856,4856
verify,52,4,1952,4900,4900
verify,52,4,1953,4886,4886
verify,52,4,1954,4878,4878
verify,52,4,1955,4954,4954
verify,52,4,1956,4874,4874
verify,52,4,1957,5014,5014
verify,52,4,1958,4922,4922
verify,52,4,1959,4892,4892
verify,52,4,1960,4942,4942
verify,52,4,1961,4980,4980
verify,52,4,1962,4884,4884
verify,52,4,1963,4916,4916
verify,52,4,1964,4952,4952
verify,52,4,1965,4970,4970
verify,52,4,1966,4924,4924
verify,52,4,1967,4926,4926
verify,52,4,1968,4932,4932
verify,52,4,1969,4890,4890
verify,52,4,1970,4880,4880
verify,52,4,1971,4864,4864
verify,52,4,1972,4898,4898
verify,52,4,1973,4910,4910
verify,52,4,1974,4898,4898
verify,52,4,1975,4958,4958
verify,52,4,1976,4914,4914
verify,52,4,1977,4884,4884
verify,52,4,1978,4908,4908
verify,52,4,1979,4936,4936
verify,52,4,1980,4992,4992
verify,52,4,1981,4914,4914
verify,52,4,1982,4876,4876
verify,52,4,1983,4894,4894
verify,52,4,1984,4900,4900
verify,52,4,1985,4970,4970
verify,52,4,1986,4932,4932
verify,52,4,1987,4872,4872
verify,52,4,1988,4936,4936
verify,52,4,1989,4904,4904
verify,52,4,1990,4878,4878
verify,52,4,1991,4944,4944
verify,52,4,1992,4910,4910
verify,52,4,1993,4958,4958
verify,52,4,1994,4830,4830
verify,52,4,1995,4858,4858
verify,52,4,1996,4908,4908
verify,52,4,1997,4954,4954
verify,52,4,1998,4926,4926
verify,52,4,1999,4950,4950
verify,52,4,2000,4928,4928
